delta_e,year,month,day,precip
18.51,1970,3,21.2083333333,38.4
19.56,1970,3,21.25,38.4
20.25,1970,3,21.2916666667,38.4
20.13,1970,3,21.3333333333,38.4
20.01,1970,3,21.375,38.4
19.92,1970,3,21.4166666667,38.4
19.8,1970,3,21.4583333333,38.4
19.65,1970,3,21.5,38.4
19.62,1970,3,21.5416666667,38.48
21.84,1970,3,21.5833333333,39.16
24.18,1970,3,21.625,40.71
24.03,1970,3,21.6666666667,41.95
24.09,1970,3,21.7083333333,42.23
23.97,1970,3,21.75,42.48
21.9,1970,3,21.7916666667,42.71
27.87,1970,3,21.8333333333,44.86
32.91,1970,3,21.875,45.54
32.67,1970,3,21.9166666667,45.89
29.55,1970,3,21.9583333333,46.0
27.69,1970,3,22.0,46.0
24.6,1970,3,22.0416666667,46.0
23.64,1970,3,22.0833333333,46.0
23.04,1970,3,22.125,46.0
21.87,1970,3,22.1666666667,46.0
19.59,1970,3,22.2083333333,46.0
16.23,1970,3,22.25,46.0
11.37,1970,3,22.2916666667,46.0
4.74,1970,3,22.3333333333,46.0
-0.12,1970,3,22.375,46.0
-5.58,1970,3,22.4166666667,46.0
-9.6,1970,3,22.4583333333,46.0
-13.47,1970,3,22.5,46.0
-18.0,1970,3,22.5416666667,46.0
-22.38,1970,3,22.5833333333,46.0
-26.01,1970,3,22.625,46.0
-28.74,1970,3,22.6666666667,46.0
-29.58,1970,3,22.7083333333,46.0
-31.53,1970,3,22.75,46.0
-32.76,1970,3,22.7916666667,46.0
-33.78,1970,3,22.8333333333,46.0
-34.5,1970,3,22.875,46.0
-34.71,1970,3,22.9166666667,46.0
-34.89,1970,3,22.9583333333,46.0
-34.95,1970,3,23.0,46.0
-34.65,1970,3,23.0416666667,46.0
-34.29,1970,3,23.0833333333,46.0
-33.99,1970,3,23.125,46.0
-33.69,1970,3,23.1666666667,46.0
-33.24,1970,3,23.2083333333,46.0
-32.46,1970,3,23.25,46.0
-30.9,1970,3,23.2916666667,46.0
-29.1,1970,3,23.3333333333,46.0
-27.3,1970,3,23.375,46.0
-25.5,1970,3,23.4166666667,46.0
-24.12,1970,3,23.4583333333,46.0
-23.13,1970,3,23.5,46.0
-22.32,1970,3,23.5416666667,46.0
-21.63,1970,3,23.5833333333,46.0
-21.48,1970,3,23.625,46.0
-21.12,1970,3,23.6666666667,46.0
-20.94,1970,3,23.7083333333,46.0
-20.76,1970,3,23.75,46.0
-20.67,1970,3,23.7916666667,46.0
-20.58,1970,3,23.8333333333,46.0
-20.58,1970,3,23.875,46.0
-19.62,1970,3,23.9166666667,46.0
-18.63,1970,3,23.9583333333,46.0
-17.76,1970,3,24.0,46.0
-16.95,1970,3,24.0416666667,46.0
-16.14,1970,3,24.0833333333,46.0
-15.27,1970,3,24.125,46.0
-14.1,1970,3,24.1666666667,46.0
-13.29,1970,3,24.2083333333,46.0
-12.42,1970,3,24.25,46.0
-11.64,1970,3,24.2916666667,46.0
-11.04,1970,3,24.3333333333,46.0
-10.59,1970,3,24.375,46.0
-10.23,1970,3,24.4166666667,46.0
-9.99,1970,3,24.4583333333,46.0
-9.69,1970,3,24.5,46.0
-9.51,1970,3,24.5416666667,46.0
-9.21,1970,3,24.5833333333,46.0
-8.91,1970,3,24.625,46.0
-8.67,1970,3,24.6666666667,46.0
-8.31,1970,3,24.7083333333,46.0
-8.01,1970,3,24.75,46.0
-7.68,1970,3,24.7916666667,46.0
-7.35,1970,3,24.8333333333,46.0
-7.02,1970,3,24.875,46.0
-6.72,1970,3,24.9166666667,46.0
-6.36,1970,3,24.9583333333,46.0
-6.03,1970,3,25.0,46.0
-5.64,1970,3,25.0416666667,46.0
-5.31,1970,3,25.0833333333,46.0
-4.89,1970,3,25.125,46.0
-4.38,1970,3,25.1666666667,46.0
-3.9,1970,3,25.2083333333,46.0
-3.45,1970,3,25.25,46.0
-3.12,1970,3,25.2916666667,46.0
-2.79,1970,3,25.3333333333,46.0
-2.52,1970,3,25.375,46.0
-2.22,1970,3,25.4166666667,46.0
-1.95,1970,3,25.4583333333,46.0
-1.65,1970,3,25.5,46.0
-1.41,1970,3,25.5416666667,46.0
-1.44,1970,3,25.5833333333,46.0
-1.35,1970,3,25.625,46.0
-1.32,1970,3,25.6666666667,46.0
-1.17,1970,3,25.7083333333,46.0
-1.11,1970,3,25.75,46.0
-1.05,1970,3,25.7916666667,46.0
-0.96,1970,3,25.8333333333,46.0
-0.84,1970,3,25.875,46.0
-0.75,1970,3,25.9166666667,46.0
-0.63,1970,3,25.9583333333,46.0
-0.42,1970,3,26.0,46.0
-0.54,1970,3,26.0416666667,46.0
-0.45,1970,3,26.0833333333,46.0
-0.42,1970,3,26.125,46.0
-0.3,1970,3,26.1666666667,46.0
-0.21,1970,3,26.2083333333,46.0
-0.12,1970,3,26.25,46.0
-0.03,1970,3,26.2916666667,46.0
0.09,1970,3,26.3333333333,46.0
0.21,1970,3,26.375,46.0
0.27,1970,3,26.4166666667,46.0
0.36,1970,3,26.4583333333,46.0
0.48,1970,3,26.5,46.0
0.54,1970,3,26.5416666667,46.0
0.84,1970,3,26.5833333333,46.0
0.66,1970,3,26.625,46.0
0.69,1970,3,26.6666666667,46.0
0.69,1970,3,26.7083333333,46.0
0.75,1970,3,26.75,46.0
0.75,1970,3,26.7916666667,46.0
0.75,1970,3,26.8333333333,46.0
0.81,1970,3,26.875,46.0
0.81,1970,3,26.9166666667,46.0
0.81,1970,3,26.9583333333,46.0
0.87,1970,3,27.0,46.0
0.87,1970,3,27.0416666667,46.0
0.9,1970,3,27.0833333333,46.0
0.9,1970,3,27.125,46.0
0.93,1970,3,27.1666666667,46.0
0.96,1970,3,27.2083333333,46.0
0.96,1970,3,27.25,46.0
0.96,1970,3,27.2916666667,46.0
1.11,1970,3,27.3333333333,46.0
1.41,1970,3,27.375,46.0
1.44,1970,3,27.4166666667,46.0
1.41,1970,3,27.4583333333,46.0
1.41,1970,3,27.5,46.0
1.41,1970,3,27.5416666667,46.0
1.77,1970,3,27.5833333333,46.0
1.83,1970,3,27.625,46.0
1.86,1970,3,27.6666666667,46.0
1.83,1970,3,27.7083333333,46.0
1.74,1970,3,27.75,46.0
1.71,1970,3,27.7916666667,46.0
1.71,1970,3,27.8333333333,46.0
1.68,1970,3,27.875,46.0
1.68,1970,3,27.9166666667,46.0
1.65,1970,3,27.9583333333,46.0
1.65,1970,3,28.0,46.0
1.68,1970,3,28.0416666667,46.0
1.77,1970,3,28.0833333333,46.01
1.83,1970,3,28.125,46.18
1.92,1970,3,28.1666666667,46.41
1.98,1970,3,28.2083333333,46.64
2.85,1970,3,28.25,47.13
3.51,1970,3,28.2916666667,47.64
4.11,1970,3,28.3333333333,48.11
5.04,1970,3,28.375,48.32
6.39,1970,3,28.4166666667,48.72
7.83,1970,3,28.4583333333,49.12
9.09,1970,3,28.5,49.95
9.84,1970,3,28.5416666667,50.0
10.23,1970,3,28.5833333333,50.0
10.26,1970,3,28.625,50.0
10.08,1970,3,28.6666666667,50.0
9.87,1970,3,28.7083333333,50.0
9.66,1970,3,28.75,50.0
9.42,1970,3,28.7916666667,50.0
9.15,1970,3,28.8333333333,50.0
8.64,1970,3,28.875,50.0
8.13,1970,3,28.9166666667,50.0
7.98,1970,3,28.9583333333,50.0
7.89,1970,3,29.0,50.3
8.67,1970,3,29.0416666667,50.4
9.12,1970,3,29.0833333333,50.4
10.38,1970,3,29.125,50.4
12.03,1970,3,29.1666666667,50.4
13.89,1970,3,29.2083333333,50.4
15.57,1970,3,29.25,50.4
16.95,1970,3,29.2916666667,50.4
17.91,1970,3,29.3333333333,50.4
18.03,1970,3,29.375,50.4
18.15,1970,3,29.4166666667,50.4
18.24,1970,3,29.4583333333,50.4
17.88,1970,3,29.5,50.4
17.28,1970,3,29.5416666667,50.4
16.59,1970,3,29.5833333333,50.4
15.72,1970,3,29.625,50.4
14.73,1970,3,29.6666666667,50.4
13.56,1970,3,29.7083333333,50.4
12.45,1970,3,29.75,50.4
11.34,1970,3,29.7916666667,50.4
9.99,1970,3,29.8333333333,50.4
9.12,1970,3,29.875,50.4
8.94,1970,3,29.9166666667,50.4
8.79,1970,3,29.9583333333,50.4
8.82,1970,3,30.0,50.4
8.49,1970,3,30.0416666667,50.4
8.31,1970,3,30.0833333333,50.4
8.19,1970,3,30.125,50.4
8.64,1970,3,30.1666666667,50.93
9.51,1970,3,30.2083333333,52.09
9.9,1970,3,30.25,52.33
12.66,1970,3,30.2916666667,52.81
15.87,1970,3,30.3333333333,53.2
16.5,1970,3,30.375,53.2
14.16,1970,3,30.4166666667,53.2
11.55,1970,3,30.4583333333,53.2
9.3,1970,3,30.5,53.2
7.92,1970,3,30.5416666667,53.2
7.02,1970,3,30.5833333333,53.2
7.11,1970,3,30.625,53.2
15.78,1970,3,30.6666666667,55.5
28.23,1970,3,30.7083333333,59.13
35.88,1970,3,30.75,59.43
38.43,1970,3,30.7916666667,59.91
47.22,1970,3,30.8333333333,60.5
75.15,1970,3,30.875,60.7
94.65,1970,3,30.9166666667,60.87
100.95,1970,3,30.9583333333,61.08
99.03,1970,3,31.0,61.36
96.72,1970,3,31.0416666667,62.1
92.37,1970,3,31.0833333333,63.51
94.95,1970,3,31.125,64.8
81.27,1970,3,31.1666666667,64.8
66.57,1970,3,31.2083333333,64.8
56.22,1970,3,31.25,64.8
49.38,1970,3,31.2916666667,64.8
42.18,1970,3,31.3333333333,64.8
35.55,1970,3,31.375,64.8
31.32,1970,3,31.4166666667,64.8
28.44,1970,3,31.4583333333,64.8
23.19,1970,3,31.5,64.8
15.69,1970,3,31.5416666667,64.8
6.21,1970,3,31.5833333333,65.0
-5.94,1970,3,31.625,65.2
-20.79,1970,3,31.6666666667,65.2
-34.65,1970,3,31.7083333333,65.2
-47.52,1970,3,31.75,65.2
-58.14,1970,3,31.7916666667,65.2
-67.32,1970,3,31.8333333333,65.2
-74.07,1970,3,31.875,65.2
-78.57,1970,3,31.9166666667,65.2
-82.32,1970,3,31.9583333333,65.2
-84.06,1970,3,32.0,65.2
-84.93,1970,4,1.04166666667,65.2
-84.99,1970,4,1.08333333333,65.2
-83.76,1970,4,1.125,65.2
-81.78,1970,4,1.16666666667,65.2
-79.47,1970,4,1.20833333333,65.2
-77.43,1970,4,1.25,65.2
-75.27,1970,4,1.29166666667,65.2
-73.29,1970,4,1.33333333333,65.2
-71.49,1970,4,1.375,65.2
-69.24,1970,4,1.41666666667,65.2
-66.93,1970,4,1.45833333333,65.2
-65.25,1970,4,1.5,65.2
-63.33,1970,4,1.54166666667,65.2
-62.07,1970,4,1.58333333333,65.2
-60.51,1970,4,1.625,65.2
-59.28,1970,4,1.66666666667,65.2
-57.96,1970,4,1.70833333333,65.2
-56.73,1970,4,1.75,65.2
-55.53,1970,4,1.79166666667,65.2
-54.06,1970,4,1.83333333333,65.2
-52.62,1970,4,1.875,65.2
-51.36,1970,4,1.91666666667,65.2
-49.92,1970,4,1.95833333333,65.2
-47.67,1970,4,2.0,65.2
-47.22,1970,4,2.04166666667,65.2
-45.84,1970,4,2.08333333333,65.2
-44.46,1970,4,2.125,65.2
-43.14,1970,4,2.16666666667,65.2
-41.88,1970,4,2.20833333333,65.2
-40.68,1970,4,2.25,65.2
-38.73,1970,4,2.29166666667,65.2
-35.82,1970,4,2.33333333333,65.5
-33.45,1970,4,2.375,66.0
-31.11,1970,4,2.41666666667,66.0
-28.74,1970,4,2.45833333333,66.0
-26.19,1970,4,2.5,66.0
-24.87,1970,4,2.54166666667,66.0
-23.7,1970,4,2.58333333333,66.0
-22.32,1970,4,2.625,66.0
-20.58,1970,4,2.66666666667,66.0
-18.87,1970,4,2.70833333333,66.0
-17.22,1970,4,2.75,66.0
-15.51,1970,4,2.79166666667,66.0
-13.5,1970,4,2.83333333333,66.0
-12.99,1970,4,2.875,66.0
-12.3,1970,4,2.91666666667,66.0
-11.76,1970,4,2.95833333333,66.0
-10.98,1970,4,3.0,66.0
-10.86,1970,4,3.04166666667,66.0
-10.38,1970,4,3.08333333333,66.0
-10.02,1970,4,3.125,66.0
-9.63,1970,4,3.16666666667,66.0
-9.18,1970,4,3.20833333333,66.0
-8.73,1970,4,3.25,66.0
-8.19,1970,4,3.29166666667,66.0
-7.68,1970,4,3.33333333333,66.0
-7.26,1970,4,3.375,66.0
-6.81,1970,4,3.41666666667,66.0
-6.57,1970,4,3.45833333333,66.0
-6.39,1970,4,3.5,66.0
-6.15,1970,4,3.54166666667,66.0
-5.79,1970,4,3.58333333333,66.0
-5.37,1970,4,3.625,66.0
-5.1,1970,4,3.66666666667,66.0
-4.83,1970,4,3.70833333333,66.0
-4.59,1970,4,3.75,66.0
-4.38,1970,4,3.79166666667,66.0
-4.17,1970,4,3.83333333333,66.0
-3.99,1970,4,3.875,66.0
-3.81,1970,4,3.91666666667,66.0
-3.63,1970,4,3.95833333333,66.0
-3.27,1970,4,4.0,66.0
-3.33,1970,4,4.04166666667,66.0
-3.18,1970,4,4.08333333333,66.0
-3.06,1970,4,4.125,66.0
-3.0,1970,4,4.16666666667,66.0
-2.88,1970,4,4.20833333333,66.0
-2.82,1970,4,4.25,66.0
-2.76,1970,4,4.29166666667,66.0
-2.7,1970,4,4.33333333333,66.0
-2.67,1970,4,4.375,66.0
-2.64,1970,4,4.41666666667,66.0
-2.55,1970,4,4.45833333333,66.0
-2.52,1970,4,4.5,66.0
-2.49,1970,4,4.54166666667,66.0
-2.46,1970,4,4.58333333333,66.0
-2.43,1970,4,4.625,66.0
-2.46,1970,4,4.66666666667,66.0
-2.4,1970,4,4.70833333333,66.0
-2.37,1970,4,4.75,66.0
-2.34,1970,4,4.79166666667,66.0
-2.28,1970,4,4.83333333333,66.0
-2.22,1970,4,4.875,66.0
-2.13,1970,4,4.91666666667,66.0
-2.04,1970,4,4.95833333333,66.0
-1.89,1970,4,5.0,66.0
-1.77,1970,4,5.04166666667,66.0
-1.74,1970,4,5.08333333333,66.0
-1.68,1970,4,5.125,66.0
-1.59,1970,4,5.16666666667,66.0
-1.53,1970,4,5.20833333333,66.0
-1.44,1970,4,5.25,66.0
-1.35,1970,4,5.29166666667,66.0
-1.26,1970,4,5.33333333333,66.0
-1.17,1970,4,5.375,66.0
-0.18,1970,4,5.41666666667,66.0
-0.03,1970,4,5.45833333333,66.0
0.18,1970,4,5.5,66.0
0.42,1970,4,5.54166666667,66.0
0.39,1970,4,5.58333333333,66.0
0.6,1970,4,5.625,66.4
0.54,1970,4,5.66666666667,66.4
0.81,1970,4,5.70833333333,66.4
0.78,1970,4,5.75,66.4
1.2,1970,4,5.79166666667,66.4
1.59,1970,4,5.83333333333,66.4
1.68,1970,4,5.875,66.4
1.74,1970,4,5.91666666667,66.4
1.77,1970,4,5.95833333333,66.4
1.83,1970,4,6.0,66.4
1.95,1970,4,6.04166666667,66.4
2.07,1970,4,6.08333333333,66.4
2.19,1970,4,6.125,66.4
2.28,1970,4,6.16666666667,66.4
2.07,1970,4,6.20833333333,66.4
2.4,1970,4,6.25,66.4
2.43,1970,4,6.29166666667,66.4
2.46,1970,4,6.33333333333,66.4
2.49,1970,4,6.375,66.4
2.52,1970,4,6.41666666667,66.4
2.55,1970,4,6.45833333333,66.8
2.58,1970,4,6.5,66.8
2.58,1970,4,6.54166666667,66.8
2.64,1970,4,6.58333333333,66.8
2.64,1970,4,6.625,66.8
2.67,1970,4,6.66666666667,66.8
2.73,1970,4,6.70833333333,66.8
2.73,1970,4,6.75,66.8
2.76,1970,4,6.79166666667,66.8
2.73,1970,4,6.83333333333,66.8
2.7,1970,4,6.875,66.8
2.7,1970,4,6.91666666667,66.8
2.7,1970,4,6.95833333333,66.8
2.73,1970,4,7.0,66.8
2.67,1970,4,7.04166666667,66.8
2.61,1970,4,7.08333333333,66.8
2.55,1970,4,7.125,66.8
2.49,1970,4,7.16666666667,66.8
2.43,1970,4,7.20833333333,66.8
2.37,1970,4,7.25,66.8
2.28,1970,4,7.29166666667,66.8
2.22,1970,4,7.33333333333,66.8
2.16,1970,4,7.375,66.8
2.07,1970,4,7.41666666667,66.8
1.98,1970,4,7.45833333333,66.8
1.89,1970,4,7.5,66.8
1.77,1970,4,7.54166666667,66.8
1.68,1970,4,7.58333333333,66.8
1.59,1970,4,7.625,66.8
1.5,1970,4,7.66666666667,66.8
1.38,1970,4,7.70833333333,66.8
1.26,1970,4,7.75,66.8
1.17,1970,4,7.79166666667,66.8
1.05,1970,4,7.83333333333,66.8
0.93,1970,4,7.875,66.8
0.84,1970,4,7.91666666667,66.8
0.78,1970,4,7.95833333333,66.8
0.78,1970,4,8.0,66.8
0.63,1970,4,8.04166666667,66.8
0.54,1970,4,8.08333333333,66.8
0.48,1970,4,8.125,66.8
0.45,1970,4,8.16666666667,66.8
0.36,1970,4,8.20833333333,66.8
0.33,1970,4,8.25,66.8
0.3,1970,4,8.29166666667,66.8
0.27,1970,4,8.33333333333,66.8
0.24,1970,4,8.375,66.8
0.21,1970,4,8.41666666667,66.8
0.21,1970,4,8.45833333333,66.8
0.18,1970,4,8.5,66.8
0.15,1970,4,8.54166666667,66.8
0.12,1970,4,8.58333333333,66.8
0.09,1970,4,8.625,66.8
0.06,1970,4,8.66666666667,66.8
0.03,1970,4,8.70833333333,66.8
0.27,1970,4,8.75,66.8
-0.03,1970,4,8.79166666667,66.8
-0.03,1970,4,8.83333333333,66.8
-0.06,1970,4,8.875,66.8
0.0,1970,4,8.91666666667,66.8
0.03,1970,4,8.95833333333,66.8
0.09,1970,4,9.0,66.8
-0.12,1970,4,9.04166666667,66.8
-0.12,1970,4,9.08333333333,66.8
-0.12,1970,4,9.125,66.8
-0.09,1970,4,9.16666666667,66.8
-0.09,1970,4,9.20833333333,66.8
-0.09,1970,4,9.25,66.8
-0.03,1970,4,9.29166666667,66.8
-0.03,1970,4,9.33333333333,66.8
0.03,1970,4,9.375,66.8
0.06,1970,4,9.41666666667,66.8
0.06,1970,4,9.45833333333,66.8
0.12,1970,4,9.5,66.8
0.15,1970,4,9.54166666667,66.8
0.18,1970,4,9.58333333333,66.8
0.21,1970,4,9.625,66.8
0.27,1970,4,9.66666666667,66.8
0.27,1970,4,9.70833333333,66.8
0.3,1970,4,9.75,66.8
0.36,1970,4,9.79166666667,66.8
0.39,1970,4,9.83333333333,66.8
0.45,1970,4,9.875,66.8
0.48,1970,4,9.91666666667,66.8
0.54,1970,4,9.95833333333,66.8
0.6,1970,4,10.0,66.8
0.42,1970,4,10.0416666667,66.8
0.45,1970,4,10.0833333333,66.8
0.51,1970,4,10.125,66.8
0.51,1970,4,10.1666666667,66.8
0.57,1970,4,10.2083333333,66.8
0.57,1970,4,10.25,66.8
0.63,1970,4,10.2916666667,66.8
0.63,1970,4,10.3333333333,66.8
0.69,1970,4,10.375,66.8
0.72,1970,4,10.4166666667,66.8
0.75,1970,4,10.4583333333,66.8
0.78,1970,4,10.5,66.8
0.81,1970,4,10.5416666667,66.8
0.84,1970,4,10.5833333333,66.8
0.87,1970,4,10.625,66.8
0.93,1970,4,10.6666666667,66.8
0.93,1970,4,10.7083333333,66.8
0.99,1970,4,10.75,66.8
1.02,1970,4,10.7916666667,66.8
1.08,1970,4,10.8333333333,66.8
1.11,1970,4,10.875,66.8
1.17,1970,4,10.9166666667,66.8
1.23,1970,4,10.9583333333,66.8
1.26,1970,4,11.0,66.8
1.23,1970,4,11.0416666667,66.8
1.2,1970,4,11.0833333333,66.8
1.2,1970,4,11.125,66.8
1.32,1970,4,11.1666666667,66.8
1.41,1970,4,11.2083333333,66.8
1.53,1970,4,11.25,66.8
1.41,1970,4,11.2916666667,66.8
1.59,1970,4,11.3333333333,66.8
1.62,1970,4,11.375,66.8
1.65,1970,4,11.4166666667,66.8
1.65,1970,4,11.4583333333,66.8
1.68,1970,4,11.5,66.8
1.68,1970,4,11.5416666667,66.8
1.68,1970,4,11.5833333333,66.8
1.71,1970,4,11.625,66.8
1.71,1970,4,11.6666666667,66.8
1.74,1970,4,11.7083333333,66.8
1.74,1970,4,11.75,66.8
1.74,1970,4,11.7916666667,66.8
1.74,1970,4,11.8333333333,66.8
1.74,1970,4,11.875,66.8
1.8,1970,4,11.9166666667,66.8
1.83,1970,4,11.9583333333,66.8
1.86,1970,4,12.0,66.8
2.1,1970,4,12.0416666667,66.9
2.31,1970,4,12.0833333333,67.06
2.55,1970,4,12.125,67.22
2.85,1970,4,12.1666666667,67.34
3.03,1970,4,12.2083333333,67.47
3.21,1970,4,12.25,67.58
3.48,1970,4,12.2916666667,67.6
3.78,1970,4,12.3333333333,67.6
3.96,1970,4,12.375,67.6
4.14,1970,4,12.4166666667,67.6
4.26,1970,4,12.4583333333,67.6
4.38,1970,4,12.5,67.6
4.56,1970,4,12.5416666667,67.6
4.68,1970,4,12.5833333333,67.6
4.8,1970,4,12.625,67.6
4.92,1970,4,12.6666666667,67.6
5.07,1970,4,12.7083333333,67.6
5.1,1970,4,12.75,67.6
5.13,1970,4,12.7916666667,67.6
5.16,1970,4,12.8333333333,67.6
5.22,1970,4,12.875,67.6
5.25,1970,4,12.9166666667,67.6
5.28,1970,4,12.9583333333,67.6
5.31,1970,4,13.0,67.6
5.4,1970,4,13.0416666667,67.6
5.46,1970,4,13.0833333333,67.6
5.52,1970,4,13.125,67.6
5.58,1970,4,13.1666666667,67.6
5.67,1970,4,13.2083333333,67.6
5.73,1970,4,13.25,67.6
5.79,1970,4,13.2916666667,67.6
5.82,1970,4,13.3333333333,67.6
5.82,1970,4,13.375,67.6
5.85,1970,4,13.4166666667,67.6
5.88,1970,4,13.4583333333,67.6
5.88,1970,4,13.5,67.6
5.88,1970,4,13.5416666667,67.6
5.91,1970,4,13.5833333333,67.6
5.91,1970,4,13.625,67.6
5.91,1970,4,13.6666666667,67.6
5.94,1970,4,13.7083333333,67.6
5.97,1970,4,13.75,67.6
5.67,1970,4,13.7916666667,67.6
5.61,1970,4,13.8333333333,67.6
5.52,1970,4,13.875,67.6
5.46,1970,4,13.9166666667,67.6
5.4,1970,4,13.9583333333,67.6
5.43,1970,4,14.0,67.6
5.34,1970,4,14.0416666667,67.6
5.25,1970,4,14.0833333333,67.6
5.19,1970,4,14.125,67.6
5.16,1970,4,14.1666666667,67.6
5.1,1970,4,14.2083333333,67.6
5.07,1970,4,14.25,67.6
5.04,1970,4,14.2916666667,67.6
5.01,1970,4,14.3333333333,67.6
4.98,1970,4,14.375,67.6
4.92,1970,4,14.4166666667,67.6
4.86,1970,4,14.4583333333,67.6
4.8,1970,4,14.5,67.6
4.74,1970,4,14.5416666667,67.6
4.65,1970,4,14.5833333333,67.6
4.56,1970,4,14.625,67.6
4.47,1970,4,14.6666666667,67.6
4.35,1970,4,14.7083333333,67.6
4.26,1970,4,14.75,67.6
4.17,1970,4,14.7916666667,67.6
4.08,1970,4,14.8333333333,67.6
4.02,1970,4,14.875,67.6
3.93,1970,4,14.9166666667,67.6
3.93,1970,4,14.9583333333,67.6
3.96,1970,4,15.0,67.6
3.69,1970,4,15.0416666667,67.6
3.63,1970,4,15.0833333333,67.6
3.57,1970,4,15.125,67.6
3.51,1970,4,15.1666666667,67.6
3.45,1970,4,15.2083333333,67.6
3.42,1970,4,15.25,67.6
3.36,1970,4,15.2916666667,67.6
3.33,1970,4,15.3333333333,67.6
3.3,1970,4,15.375,67.6
3.24,1970,4,15.4166666667,67.6
3.21,1970,4,15.4583333333,67.6
3.18,1970,4,15.5,67.6
3.12,1970,4,15.5416666667,67.6
3.09,1970,4,15.5833333333,67.6
3.0,1970,4,15.625,67.6
2.94,1970,4,15.6666666667,67.6
2.91,1970,4,15.7083333333,67.6
2.85,1970,4,15.75,67.6
2.82,1970,4,15.7916666667,67.6
2.76,1970,4,15.8333333333,67.6
2.73,1970,4,15.875,67.6
2.67,1970,4,15.9166666667,67.6
2.64,1970,4,15.9583333333,67.6
2.64,1970,4,16.0,67.6
2.55,1970,4,16.0416666667,67.6
2.49,1970,4,16.0833333333,67.6
2.46,1970,4,16.125,67.6
2.43,1970,4,16.1666666667,67.6
2.43,1970,4,16.2083333333,67.6
2.4,1970,4,16.25,67.6
2.37,1970,4,16.2916666667,67.6
2.37,1970,4,16.3333333333,67.6
2.37,1970,4,16.375,67.6
2.34,1970,4,16.4166666667,67.6
2.34,1970,4,16.4583333333,67.6
2.28,1970,4,16.5,67.6
2.28,1970,4,16.5416666667,67.6
2.25,1970,4,16.5833333333,67.6
2.22,1970,4,16.625,67.6
2.19,1970,4,16.6666666667,67.6
2.13,1970,4,16.7083333333,67.6
2.13,1970,4,16.75,67.6
2.1,1970,4,16.7916666667,67.6
2.07,1970,4,16.8333333333,67.6
2.1,1970,4,16.875,67.6
2.1,1970,4,16.9166666667,67.6
2.13,1970,4,16.9583333333,67.6
2.16,1970,4,17.0,67.6
2.01,1970,4,17.0416666667,67.6
1.98,1970,4,17.0833333333,67.6
2.01,1970,4,17.125,67.6
2.04,1970,4,17.1666666667,67.6
2.07,1970,4,17.2083333333,67.6
2.04,1970,4,17.25,67.6
2.07,1970,4,17.2916666667,67.6
2.1,1970,4,17.3333333333,67.6
2.1,1970,4,17.375,67.6
2.1,1970,4,17.4166666667,67.6
2.13,1970,4,17.4583333333,67.6
2.16,1970,4,17.5,67.6
2.13,1970,4,17.5416666667,67.6
2.16,1970,4,17.5833333333,67.6
2.19,1970,4,17.625,67.6
2.19,1970,4,17.6666666667,67.6
2.19,1970,4,17.7083333333,67.6
2.22,1970,4,17.75,67.6
2.25,1970,4,17.7916666667,67.6
2.22,1970,4,17.8333333333,67.6
2.1,1970,4,17.875,67.6
2.13,1970,4,17.9166666667,67.6
2.13,1970,4,17.9583333333,67.6
2.16,1970,4,18.0,67.6
2.1,1970,4,18.0416666667,67.6
2.04,1970,4,18.0833333333,67.6
2.07,1970,4,18.125,67.6
2.16,1970,4,18.1666666667,67.6
2.19,1970,4,18.2083333333,67.6
2.28,1970,4,18.25,67.6
2.37,1970,4,18.2916666667,67.6
2.4,1970,4,18.3333333333,67.6
2.49,1970,4,18.375,67.6
2.52,1970,4,18.4166666667,67.6
2.52,1970,4,18.4583333333,67.6
2.52,1970,4,18.5,67.6
2.52,1970,4,18.5416666667,67.6
2.52,1970,4,18.5833333333,67.6
2.55,1970,4,18.625,67.6
2.55,1970,4,18.6666666667,67.6
2.55,1970,4,18.7083333333,67.6
2.58,1970,4,18.75,67.6
2.58,1970,4,18.7916666667,67.6
2.58,1970,4,18.8333333333,67.6
2.58,1970,4,18.875,67.6
2.58,1970,4,18.9166666667,67.6
2.61,1970,4,18.9583333333,67.6
2.61,1970,4,19.0,67.6
2.61,1970,4,19.0416666667,67.6
2.61,1970,4,19.0833333333,67.6
2.64,1970,4,19.125,67.6
2.61,1970,4,19.1666666667,67.6
2.64,1970,4,19.2083333333,67.6
2.67,1970,4,19.25,67.6
2.64,1970,4,19.2916666667,67.6
2.67,1970,4,19.3333333333,67.6
2.67,1970,4,19.375,67.6
2.67,1970,4,19.4166666667,67.6
2.67,1970,4,19.4583333333,67.6
2.7,1970,4,19.5,67.6
2.67,1970,4,19.5416666667,67.6
2.7,1970,4,19.5833333333,67.6
2.7,1970,4,19.625,67.6
2.55,1970,4,19.6666666667,67.6
2.52,1970,4,19.7083333333,67.6
2.43,1970,4,19.75,67.6
2.4,1970,4,19.7916666667,67.6
2.37,1970,4,19.8333333333,67.6
2.34,1970,4,19.875,67.6
2.37,1970,4,19.9166666667,67.6
2.46,1970,4,19.9583333333,67.91
3.15,1970,4,20.0,69.76
4.05,1970,4,20.0416666667,70.4
4.35,1970,4,20.0833333333,70.4
4.68,1970,4,20.125,70.4
5.16,1970,4,20.1666666667,70.4
5.79,1970,4,20.2083333333,70.4
6.21,1970,4,20.25,70.4
6.42,1970,4,20.2916666667,70.4
6.57,1970,4,20.3333333333,70.4
6.72,1970,4,20.375,70.4
6.9,1970,4,20.4166666667,70.4
7.11,1970,4,20.4583333333,70.4
7.29,1970,4,20.5,70.4
7.5,1970,4,20.5416666667,70.4
7.65,1970,4,20.5833333333,70.4
7.77,1970,4,20.625,70.4
7.86,1970,4,20.6666666667,70.4
7.98,1970,4,20.7083333333,70.4
8.04,1970,4,20.75,70.4
8.13,1970,4,20.7916666667,70.4
8.22,1970,4,20.8333333333,70.4
8.34,1970,4,20.875,70.4
8.58,1970,4,20.9166666667,70.4
8.79,1970,4,20.9583333333,70.4
8.91,1970,4,21.0,70.4
9.3,1970,4,21.0416666667,70.4
9.54,1970,4,21.0833333333,70.4
9.72,1970,4,21.125,70.4
9.93,1970,4,21.1666666667,70.4
9.99,1970,4,21.2083333333,70.4
10.08,1970,4,21.25,70.4
10.17,1970,4,21.2916666667,70.4
10.05,1970,4,21.3333333333,70.4
9.93,1970,4,21.375,70.4
9.84,1970,4,21.4166666667,70.4
9.78,1970,4,21.4583333333,70.4
9.57,1970,4,21.5,70.4
9.3,1970,4,21.5416666667,70.4
9.06,1970,4,21.5833333333,70.4
8.79,1970,4,21.625,70.4
8.55,1970,4,21.6666666667,70.4
8.25,1970,4,21.7083333333,70.4
7.98,1970,4,21.75,70.4
7.74,1970,4,21.7916666667,70.4
7.5,1970,4,21.8333333333,70.4
7.29,1970,4,21.875,70.4
7.05,1970,4,21.9166666667,70.4
6.84,1970,4,21.9583333333,70.4
6.81,1970,4,22.0,70.4
6.45,1970,4,22.0416666667,70.4
6.3,1970,4,22.0833333333,70.4
6.12,1970,4,22.125,70.4
5.94,1970,4,22.1666666667,70.4
5.82,1970,4,22.2083333333,70.4
5.67,1970,4,22.25,70.4
5.52,1970,4,22.2916666667,70.4
5.4,1970,4,22.3333333333,70.4
5.25,1970,4,22.375,70.4
5.16,1970,4,22.4166666667,70.4
5.01,1970,4,22.4583333333,70.4
4.89,1970,4,22.5,70.4
4.77,1970,4,22.5416666667,70.4
4.62,1970,4,22.5833333333,70.4
4.5,1970,4,22.625,70.4
4.35,1970,4,22.6666666667,70.4
4.23,1970,4,22.7083333333,70.4
4.14,1970,4,22.75,70.4
4.02,1970,4,22.7916666667,70.4
3.93,1970,4,22.8333333333,70.4
3.84,1970,4,22.875,70.4
3.75,1970,4,22.9166666667,70.4
3.66,1970,4,22.9583333333,70.4
3.6,1970,4,23.0,70.4
3.45,1970,4,23.0416666667,70.4
3.36,1970,4,23.0833333333,70.4
3.3,1970,4,23.125,70.4
3.21,1970,4,23.1666666667,70.4
3.15,1970,4,23.2083333333,70.4
3.09,1970,4,23.25,70.4
3.0,1970,4,23.2916666667,70.4
2.94,1970,4,23.3333333333,70.4
2.91,1970,4,23.375,70.4
2.85,1970,4,23.4166666667,70.4
2.79,1970,4,23.4583333333,70.4
2.73,1970,4,23.5,70.4
2.67,1970,4,23.5416666667,70.4
2.58,1970,4,23.5833333333,70.4
2.49,1970,4,23.625,70.4
2.4,1970,4,23.6666666667,70.4
2.31,1970,4,23.7083333333,70.4
2.25,1970,4,23.75,70.4
2.16,1970,4,23.7916666667,70.4
2.1,1970,4,23.8333333333,70.4
2.07,1970,4,23.875,70.4
2.04,1970,4,23.9166666667,70.4
2.04,1970,4,23.9583333333,70.4
2.07,1970,4,24.0,70.4
1.89,1970,4,24.0416666667,70.4
1.86,1970,4,24.0833333333,70.4
1.8,1970,4,24.125,70.4
1.83,1970,4,24.1666666667,70.4
1.8,1970,4,24.2083333333,70.4
1.8,1970,4,24.25,70.4
1.8,1970,4,24.2916666667,70.4
1.8,1970,4,24.3333333333,70.4
1.77,1970,4,24.375,70.4
1.77,1970,4,24.4166666667,70.4
1.8,1970,4,24.4583333333,70.4
1.77,1970,4,24.5,70.4
1.77,1970,4,24.5416666667,70.4
1.65,1970,4,24.5833333333,70.4
1.59,1970,4,24.625,70.4
1.53,1970,4,24.6666666667,70.4
1.47,1970,4,24.7083333333,70.4
1.44,1970,4,24.75,70.4
1.41,1970,4,24.7916666667,70.4
1.38,1970,4,24.8333333333,70.4
1.41,1970,4,24.875,70.4
1.38,1970,4,24.9166666667,70.4
1.35,1970,4,24.9583333333,70.4
1.23,1970,4,25.0,70.4
1.23,1970,4,25.0416666667,70.4
1.2,1970,4,25.0833333333,70.4
1.17,1970,4,25.125,70.4
1.14,1970,4,25.1666666667,70.4
1.17,1970,4,25.2083333333,70.4
1.17,1970,4,25.25,70.4
1.14,1970,4,25.2916666667,70.4
1.14,1970,4,25.3333333333,70.4
1.17,1970,4,25.375,70.4
1.17,1970,4,25.4166666667,70.4
1.14,1970,4,25.4583333333,70.4
1.14,1970,4,25.5,70.4
1.17,1970,4,25.5416666667,70.4
1.17,1970,4,25.5833333333,70.4
1.14,1970,4,25.625,70.4
1.14,1970,4,25.6666666667,70.4
1.17,1970,4,25.7083333333,70.4
1.17,1970,4,25.75,70.4
1.05,1970,4,25.7916666667,70.4
1.05,1970,4,25.8333333333,70.4
1.08,1970,4,25.875,70.4
1.08,1970,4,25.9166666667,70.4
1.08,1970,4,25.9583333333,70.4
1.08,1970,4,26.0,70.4
1.11,1970,4,26.0416666667,70.4
1.11,1970,4,26.0833333333,70.4
1.14,1970,4,26.0833333333,70.4
1.14,1970,4,26.1666666667,70.4
1.14,1970,4,26.2083333333,70.4
1.17,1970,4,26.25,70.4
1.2,1970,4,26.2916666667,70.4
1.2,1970,4,26.3333333333,70.4
1.2,1970,4,26.375,70.4
1.23,1970,4,26.4166666667,70.4
1.23,1970,4,26.4583333333,70.4
1.26,1970,4,26.5,70.4
1.26,1970,4,26.5416666667,70.4
1.29,1970,4,26.5833333333,70.4
1.29,1970,4,26.625,70.4
1.23,1970,4,26.6666666667,70.4
1.26,1970,4,26.7083333333,70.4
1.29,1970,4,26.75,70.4
1.5,1970,4,26.7916666667,70.7
1.56,1970,4,26.8333333333,70.8
1.56,1970,4,26.875,70.8
1.56,1970,4,26.9166666667,70.8
1.56,1970,4,26.9583333333,70.8
1.59,1970,4,27.0,70.8
1.68,1970,4,27.0416666667,70.8
1.71,1970,4,27.0833333333,70.8
1.74,1970,4,27.125,70.8
1.74,1970,4,27.1666666667,70.8
1.8,1970,4,27.2083333333,70.8
1.8,1970,4,27.25,70.8
1.83,1970,4,27.2916666667,70.8
1.83,1970,4,27.3333333333,70.8
1.86,1970,4,27.375,70.8
2.01,1970,4,27.4166666667,70.8
2.01,1970,4,27.4583333333,70.8
2.01,1970,4,27.5,70.8
2.01,1970,4,27.5416666667,70.8
2.01,1970,4,27.5833333333,70.8
2.04,1970,4,27.625,70.8
2.04,1970,4,27.6666666667,70.8
2.04,1970,4,27.7083333333,70.8
2.04,1970,4,27.75,70.8
2.04,1970,4,27.7916666667,70.8
2.07,1970,4,27.8333333333,70.8
2.07,1970,4,27.875,70.8
2.07,1970,4,27.9166666667,70.8
2.07,1970,4,27.9583333333,70.8
2.07,1970,4,28.0,70.8
2.13,1970,4,28.0416666667,70.8
2.16,1970,4,28.0833333333,70.8
2.22,1970,4,28.125,70.8
2.25,1970,4,28.1666666667,70.8
2.28,1970,4,28.2083333333,70.8
2.31,1970,4,28.25,70.8
2.37,1970,4,28.2916666667,70.8
2.37,1970,4,28.3333333333,70.8
2.37,1970,4,28.375,70.8
2.34,1970,4,28.4166666667,70.8
2.34,1970,4,28.4583333333,70.8
2.34,1970,4,28.5,70.8
2.34,1970,4,28.5416666667,70.8
2.31,1970,4,28.5833333333,70.8
2.28,1970,4,28.625,70.8
2.13,1970,4,28.6666666667,70.8
2.04,1970,4,28.7083333333,70.8
2.04,1970,4,28.75,70.8
1.98,1970,4,28.7916666667,70.8
1.95,1970,4,28.8333333333,70.8
1.92,1970,4,28.875,70.8
1.89,1970,4,28.9166666667,70.8
1.86,1970,4,28.9583333333,70.8
1.86,1970,4,29.0,70.8
1.8,1970,4,29.0416666667,70.8
1.74,1970,4,29.0833333333,70.8
1.71,1970,4,29.125,70.8
1.71,1970,4,29.1666666667,70.8
1.68,1970,4,29.2083333333,70.8
1.68,1970,4,29.25,70.8
1.65,1970,4,29.2916666667,70.8
1.65,1970,4,29.3333333333,70.8
1.62,1970,4,29.375,70.8
1.62,1970,4,29.4166666667,70.8
1.59,1970,4,29.4583333333,70.8
1.59,1970,4,29.5,70.8
1.59,1970,4,29.5416666667,70.8
1.59,1970,4,29.5833333333,70.8
1.44,1970,4,29.625,70.8
1.41,1970,4,29.6666666667,70.8
1.38,1970,4,29.7083333333,70.8
1.26,1970,4,29.75,70.8
1.23,1970,4,29.7916666667,70.8
1.2,1970,4,29.8333333333,70.8
1.17,1970,4,29.875,70.8
1.14,1970,4,29.9166666667,70.8
1.11,1970,4,29.9583333333,70.8
1.08,1970,4,30.0,70.8
1.05,1970,4,30.0416666667,70.8
1.05,1970,4,30.0833333333,70.8
1.02,1970,4,30.125,70.8
1.02,1970,4,30.1666666667,70.8
0.99,1970,4,30.2083333333,70.8
0.99,1970,4,30.25,70.8
0.96,1970,4,30.2916666667,70.8
0.96,1970,4,30.3333333333,70.8
0.99,1970,4,30.375,70.8
0.96,1970,4,30.4166666667,70.8
0.96,1970,4,30.4583333333,70.8
0.87,1970,4,30.5,70.8
0.84,1970,4,30.5416666667,70.8
0.81,1970,4,30.5833333333,70.8
0.78,1970,4,30.625,70.8
0.69,1970,4,30.6666666667,70.8
0.69,1970,4,30.7083333333,70.8
0.66,1970,4,30.75,70.8
0.63,1970,4,30.7916666667,70.8
0.63,1970,4,30.8333333333,70.8
0.51,1970,4,30.875,70.8
0.48,1970,4,30.9166666667,70.8
0.48,1970,4,30.9583333333,70.8
0.48,1970,4,31.0,70.8
0.48,1970,5,1.04166666667,70.8
0.45,1970,5,1.08333333333,70.8
0.45,1970,5,1.125,70.8
0.45,1970,5,1.16666666667,70.8
0.42,1970,5,1.20833333333,70.8
0.42,1970,5,1.25,70.8
0.45,1970,5,1.29166666667,70.8
0.42,1970,5,1.33333333333,70.8
0.33,1970,5,1.375,70.8
0.33,1970,5,1.41666666667,70.8
0.3,1970,5,1.45833333333,70.8
0.3,1970,5,1.5,70.8
0.27,1970,5,1.54166666667,70.8
0.18,1970,5,1.58333333333,70.8
0.18,1970,5,1.625,70.8
0.15,1970,5,1.66666666667,70.8
0.06,1970,5,1.70833333333,70.8
0.06,1970,5,1.75,70.8
0.06,1970,5,1.79166666667,70.8
0.03,1970,5,1.83333333333,70.8
0.03,1970,5,1.875,70.8
0.03,1970,5,1.91666666667,70.8
0.0,1970,5,1.95833333333,70.8
0.03,1970,5,2.0,70.8
-0.03,1970,5,2.04166666667,70.8
-0.06,1970,5,2.08333333333,70.8
-0.06,1970,5,2.125,70.8
-0.06,1970,5,2.16666666667,70.8
-0.06,1970,5,2.20833333333,70.8
-0.06,1970,5,2.25,70.8
-0.09,1970,5,2.29166666667,70.8
-0.06,1970,5,2.33333333333,70.8
-0.06,1970,5,2.375,70.8
-0.06,1970,5,2.41666666667,70.8
-0.06,1970,5,2.45833333333,70.8
-0.15,1970,5,2.5,70.8
-0.18,1970,5,2.54166666667,70.8
-0.18,1970,5,2.58333333333,70.8
-0.27,1970,5,2.625,70.8
-0.3,1970,5,2.66666666667,70.8
-0.3,1970,5,2.70833333333,70.8
-0.33,1970,5,2.75,70.8
-0.36,1970,5,2.79166666667,70.8
-0.36,1970,5,2.83333333333,70.8
-0.36,1970,5,2.875,70.8
-0.39,1970,5,2.91666666667,70.8
-0.39,1970,5,2.95833333333,70.8
-0.39,1970,5,3.0,70.8
-0.42,1970,5,3.04166666667,70.8
-0.39,1970,5,3.08333333333,70.8
-0.39,1970,5,3.125,70.8
-0.39,1970,5,3.16666666667,70.8
-0.39,1970,5,3.20833333333,70.8
-0.42,1970,5,3.25,70.8
-0.42,1970,5,3.29166666667,70.8
-0.42,1970,5,3.33333333333,70.8
-0.42,1970,5,3.375,70.8
-0.45,1970,5,3.41666666667,70.8
-0.45,1970,5,3.45833333333,70.8
-0.42,1970,5,3.5,70.8
-0.42,1970,5,3.54166666667,70.8
-0.42,1970,5,3.58333333333,71.8
-0.45,1970,5,3.625,72.17
-0.33,1970,5,3.66666666667,72.79
-0.3,1970,5,3.70833333333,73.29
-0.27,1970,5,3.75,73.4
-0.24,1970,5,3.79166666667,73.49
-0.21,1970,5,3.83333333333,73.6
-0.18,1970,5,3.875,73.78
0.0,1970,5,3.91666666667,73.94
0.24,1970,5,3.95833333333,74.33
0.48,1970,5,4.0,74.48
0.96,1970,5,4.04166666667,74.58
1.32,1970,5,4.08333333333,74.68
1.71,1970,5,4.125,74.78
2.1,1970,5,4.16666666667,74.89
2.37,1970,5,4.20833333333,75.0
2.64,1970,5,4.25,75.12
3.03,1970,5,4.29166666667,75.2
3.36,1970,5,4.33333333333,75.2
3.66,1970,5,4.375,75.2
3.96,1970,5,4.41666666667,75.2
4.23,1970,5,4.45833333333,75.2
4.47,1970,5,4.5,75.2
4.65,1970,5,4.54166666667,75.2
4.89,1970,5,4.58333333333,75.2
5.1,1970,5,4.625,75.2
5.28,1970,5,4.66666666667,75.2
5.46,1970,5,4.70833333333,75.2
5.58,1970,5,4.75,75.2
5.73,1970,5,4.79166666667,75.2
5.85,1970,5,4.83333333333,75.2
6.0,1970,5,4.875,75.2
6.09,1970,5,4.91666666667,75.2
6.15,1970,5,4.95833333333,75.2
6.15,1970,5,5.0,75.2
6.39,1970,5,5.04166666667,75.2
6.51,1970,5,5.08333333333,75.2
6.57,1970,5,5.125,75.2
6.63,1970,5,5.16666666667,75.2
6.69,1970,5,5.20833333333,75.2
6.69,1970,5,5.25,75.2
6.66,1970,5,5.29166666667,75.2
6.66,1970,5,5.33333333333,75.2
6.63,1970,5,5.375,75.2
6.6,1970,5,5.41666666667,75.2
6.57,1970,5,5.45833333333,75.2
6.72,1970,5,5.5,75.2
6.45,1970,5,5.54166666667,75.2
6.33,1970,5,5.58333333333,75.2
6.21,1970,5,5.625,75.2
6.03,1970,5,5.66666666667,75.2
5.88,1970,5,5.70833333333,75.2
5.76,1970,5,5.75,75.2
5.58,1970,5,5.79166666667,75.2
5.43,1970,5,5.83333333333,75.2
5.25,1970,5,5.875,75.2
5.07,1970,5,5.91666666667,75.2
4.92,1970,5,5.95833333333,75.2
4.74,1970,5,6.0,75.2
4.56,1970,5,6.04166666667,75.2
4.41,1970,5,6.08333333333,75.2
4.26,1970,5,6.125,75.2
4.14,1970,5,6.16666666667,75.2
3.99,1970,5,6.20833333333,75.2
3.87,1970,5,6.25,75.2
3.75,1970,5,6.29166666667,75.2
3.63,1970,5,6.33333333333,75.2
3.51,1970,5,6.375,75.2
3.3,1970,5,6.41666666667,75.2
3.24,1970,5,6.45833333333,75.2
3.06,1970,5,6.5,75.2
3.0,1970,5,6.54166666667,75.2
2.79,1970,5,6.58333333333,75.2
2.73,1970,5,6.625,75.2
2.49,1970,5,6.66666666667,75.2
2.37,1970,5,6.70833333333,75.2
2.25,1970,5,6.75,75.2
2.22,1970,5,6.79166666667,75.2
2.16,1970,5,6.83333333333,75.2
2.01,1970,5,6.875,75.2
1.98,1970,5,6.91666666667,75.2
1.83,1970,5,6.95833333333,75.2
1.83,1970,5,7.0,75.2
1.71,1970,5,7.04166666667,75.2
1.68,1970,5,7.08333333333,75.2
1.65,1970,5,7.125,75.2
1.53,1970,5,7.16666666667,75.2
1.5,1970,5,7.20833333333,75.2
1.47,1970,5,7.25,75.2
1.35,1970,5,7.29166666667,75.2
1.35,1970,5,7.33333333333,75.2
1.32,1970,5,7.375,75.2
1.29,1970,5,7.41666666667,75.2
1.17,1970,5,7.45833333333,75.2
1.14,1970,5,7.5,75.2
1.02,1970,5,7.54166666667,75.2
0.99,1970,5,7.58333333333,75.2
0.96,1970,5,7.625,75.2
0.84,1970,5,7.66666666667,75.2
0.81,1970,5,7.70833333333,75.2
0.78,1970,5,7.75,75.2
0.69,1970,5,7.79166666667,75.2
0.66,1970,5,7.83333333333,75.2
0.63,1970,5,7.875,75.2
0.66,1970,5,7.91666666667,75.2
0.57,1970,5,7.95833333333,75.2
0.57,1970,5,8.0,75.2
0.54,1970,5,8.04166666667,75.2
0.54,1970,5,8.08333333333,75.2
0.51,1970,5,8.125,75.2
0.51,1970,5,8.16666666667,75.2
0.42,1970,5,8.20833333333,75.2
0.42,1970,5,8.25,75.2
0.39,1970,5,8.29166666667,75.2
0.39,1970,5,8.33333333333,75.2
0.36,1970,5,8.375,75.2
0.3,1970,5,8.41666666667,75.2
0.27,1970,5,8.45833333333,75.2
0.24,1970,5,8.5,75.2
0.27,1970,5,8.54166666667,75.2
0.15,1970,5,8.58333333333,75.2
0.12,1970,5,8.625,75.2
0.09,1970,5,8.66666666667,75.2
0.03,1970,5,8.70833333333,75.2
0.0,1970,5,8.75,75.2
-0.03,1970,5,8.79166666667,75.2
-0.06,1970,5,8.83333333333,75.2
-0.06,1970,5,8.875,75.2
-0.06,1970,5,8.91666666667,75.2
-0.09,1970,5,8.95833333333,75.2
-0.09,1970,5,9.0,75.2
-0.12,1970,5,9.04166666667,75.2
-0.12,1970,5,9.08333333333,75.2
-0.15,1970,5,9.125,75.2
-0.12,1970,5,9.16666666667,75.2
-0.15,1970,5,9.20833333333,75.2
-0.15,1970,5,9.25,75.2
-0.18,1970,5,9.29166666667,75.2
-0.18,1970,5,9.33333333333,75.2
-0.21,1970,5,9.375,75.2
-0.21,1970,5,9.41666666667,75.2
-0.24,1970,5,9.45833333333,75.2
-0.24,1970,5,9.5,75.2
-0.24,1970,5,9.54166666667,75.2
-0.27,1970,5,9.58333333333,75.2
-0.27,1970,5,9.625,75.2
-0.3,1970,5,9.66666666667,75.2
-0.3,1970,5,9.70833333333,75.2
-0.33,1970,5,9.75,75.2
-0.33,1970,5,9.79166666667,75.2
-0.33,1970,5,9.83333333333,75.2
-0.33,1970,5,9.875,75.2
-0.36,1970,5,9.91666666667,75.2
-0.36,1970,5,9.95833333333,75.2
-0.39,1970,5,10.0,75.2
-0.39,1970,5,10.0416666667,75.2
-0.39,1970,5,10.0833333333,75.2
-0.42,1970,5,10.125,75.2
-0.42,1970,5,10.1666666667,75.2
-0.42,1970,5,10.2083333333,75.2
-0.45,1970,5,10.25,75.2
-0.45,1970,5,10.2916666667,75.2
-0.45,1970,5,10.3333333333,75.2
-0.45,1970,5,10.375,75.2
-0.48,1970,5,10.4166666667,75.2
-0.48,1970,5,10.4583333333,75.2
-0.48,1970,5,10.5,75.2
-0.45,1970,5,10.5416666667,75.2
-0.48,1970,5,10.5833333333,75.2
-0.48,1970,5,10.625,75.2
-0.48,1970,5,10.6666666667,75.2
-0.48,1970,5,10.7083333333,75.2
-0.51,1970,5,10.75,75.2
-0.51,1970,5,10.7916666667,75.2
-0.51,1970,5,10.8333333333,75.2
-0.54,1970,5,10.875,75.2
-0.54,1970,5,10.9166666667,75.2
-0.54,1970,5,10.9583333333,75.2
-0.54,1970,5,11.0,75.2
-0.57,1970,5,11.0416666667,75.2
-0.57,1970,5,11.0833333333,75.2
-0.57,1970,5,11.125,75.2
-0.57,1970,5,11.1666666667,75.2
-0.57,1970,5,11.2083333333,75.2
-0.6,1970,5,11.25,75.2
-0.57,1970,5,11.2916666667,75.2
-0.57,1970,5,11.3333333333,75.2
-0.57,1970,5,11.375,75.2
-0.57,1970,5,11.4166666667,75.2
-0.6,1970,5,11.4583333333,75.2
-0.6,1970,5,11.5,75.2
-0.6,1970,5,11.5416666667,75.2
-0.6,1970,5,11.5833333333,75.2
-0.6,1970,5,11.625,75.2
-0.63,1970,5,11.6666666667,75.2
-0.63,1970,5,11.7083333333,75.2
-0.63,1970,5,11.75,75.2
-0.63,1970,5,11.7916666667,75.2
-0.63,1970,5,11.8333333333,75.2
-0.66,1970,5,11.875,75.2
-0.66,1970,5,11.9166666667,75.2
-0.66,1970,5,11.9583333333,75.2
-0.66,1970,5,12.0,75.2
-0.66,1970,5,12.0416666667,75.2
-0.63,1970,5,12.0833333333,75.2
-0.63,1970,5,12.125,75.2
-0.66,1970,5,12.1666666667,75.2
-0.66,1970,5,12.2083333333,75.2
-0.66,1970,5,12.25,75.2
-0.66,1970,5,12.2916666667,75.2
-0.66,1970,5,12.3333333333,75.2
-0.66,1970,5,12.375,75.2
-0.66,1970,5,12.4166666667,75.2
-0.66,1970,5,12.4583333333,75.2
-0.66,1970,5,12.5,75.2
-0.66,1970,5,12.5416666667,75.2
-0.69,1970,5,12.5833333333,75.2
-0.69,1970,5,12.625,75.2
-0.69,1970,5,12.6666666667,75.2
-0.69,1970,5,12.7083333333,75.2
-0.69,1970,5,12.75,75.2
-0.69,1970,5,12.7916666667,75.2
-0.69,1970,5,12.8333333333,75.2
-0.69,1970,5,12.875,75.2
-0.66,1970,5,12.9166666667,75.2
-0.66,1970,5,12.9583333333,75.2
-0.69,1970,5,13.0,75.2
-0.69,1970,5,13.0416666667,75.2
-0.69,1970,5,13.0833333333,75.2
-0.69,1970,5,13.125,75.2
-0.69,1970,5,13.1666666667,75.2
-0.69,1970,5,13.2083333333,75.2
-0.69,1970,5,13.25,75.2
-0.69,1970,5,13.2916666667,75.2
-0.69,1970,5,13.3333333333,75.2
-0.69,1970,5,13.375,75.2
-0.69,1970,5,13.4166666667,75.2
-0.69,1970,5,13.4583333333,75.2
-0.69,1970,5,13.5,75.2
-0.69,1970,5,13.5416666667,75.2
-0.69,1970,5,13.5833333333,75.2
-0.69,1970,5,13.625,75.2
-0.69,1970,5,13.6666666667,75.2
-0.69,1970,5,13.7083333333,75.2
-0.66,1970,5,13.75,75.2
-0.66,1970,5,13.7916666667,75.2
-0.66,1970,5,13.8333333333,75.2
-0.63,1970,5,13.875,75.2
-0.63,1970,5,13.9166666667,75.2
-0.63,1970,5,13.9583333333,75.2
-0.63,1970,5,14.0,75.2
-0.63,1970,5,14.0416666667,75.2
-0.63,1970,5,14.0833333333,75.2
-0.63,1970,5,14.125,75.2
-0.63,1970,5,14.1666666667,75.2
-0.63,1970,5,14.2083333333,75.2
-0.63,1970,5,14.25,75.2
-0.63,1970,5,14.2916666667,75.2
-0.63,1970,5,14.3333333333,75.2
-0.63,1970,5,14.375,75.2
-0.63,1970,5,14.4166666667,75.2
-0.63,1970,5,14.4583333333,75.2
-0.63,1970,5,14.5,75.2
-0.63,1970,5,14.5416666667,75.2
-0.63,1970,5,14.5833333333,75.2
-0.63,1970,5,14.625,75.2
-0.6,1970,5,14.6666666667,75.2
-0.6,1970,5,14.7083333333,75.2
-0.6,1970,5,14.75,75.2
-0.6,1970,5,14.7916666667,75.2
-0.6,1970,5,14.8333333333,75.2
-0.6,1970,5,14.875,75.2
-0.6,1970,5,14.9166666667,75.2
-0.6,1970,5,14.9583333333,75.2
-0.6,1970,5,15.0,75.2
-0.6,1970,5,15.0416666667,75.2
-0.6,1970,5,15.0833333333,75.2
-0.6,1970,5,15.125,75.2
-0.6,1970,5,15.1666666667,75.2
-0.6,1970,5,15.2083333333,75.2
-0.6,1970,5,15.25,75.2
-0.6,1970,5,15.2916666667,75.2
-0.6,1970,5,15.3333333333,75.2
-0.6,1970,5,15.375,75.2
-0.6,1970,5,15.4166666667,75.2
-0.6,1970,5,15.4583333333,75.2
-0.6,1970,5,15.5,75.2
-0.6,1970,5,15.5416666667,75.2
-0.6,1970,5,15.5833333333,75.2
-0.6,1970,5,15.625,75.2
-0.57,1970,5,15.6666666667,75.2
-0.57,1970,5,15.7083333333,75.2
-0.57,1970,5,15.75,75.2
-0.57,1970,5,15.7916666667,75.2
-0.57,1970,5,15.8333333333,75.2
-0.57,1970,5,15.875,75.2
-0.57,1970,5,15.9166666667,75.2
-0.57,1970,5,15.9583333333,75.2
-0.57,1970,5,16.0,75.2
-0.57,1970,5,16.0416666667,75.2
-0.57,1970,5,16.0833333333,75.2
-0.57,1970,5,16.125,75.2
-0.57,1970,5,16.1666666667,75.2
-0.57,1970,5,16.2083333333,75.2
-0.57,1970,5,16.25,75.2
-0.57,1970,5,16.2916666667,75.2
-0.57,1970,5,16.3333333333,75.2
-0.57,1970,5,16.375,75.2
-0.57,1970,5,16.4166666667,75.2
-0.57,1970,5,16.4583333333,75.2
-0.57,1970,5,16.5,75.2
-0.57,1970,5,16.5416666667,75.2
-0.57,1970,5,16.5833333333,75.2
-0.57,1970,5,16.625,75.2
-0.57,1970,5,16.6666666667,75.2
-0.54,1970,5,16.7083333333,75.2
-0.54,1970,5,16.75,75.27
-0.54,1970,5,16.7916666667,75.62
-0.54,1970,5,16.8333333333,76.0
-0.54,1970,5,16.875,76.39
-0.54,1970,5,16.9166666667,76.4
-0.54,1970,5,16.9583333333,76.4
-0.54,1970,5,17.0,76.4
-0.54,1970,5,17.0416666667,76.4
-0.54,1970,5,17.0833333333,76.4
-0.54,1970,5,17.125,76.4
-0.54,1970,5,17.1666666667,76.4
-0.54,1970,5,17.2083333333,76.4
-0.54,1970,5,17.25,76.4
-0.54,1970,5,17.2916666667,76.4
-0.54,1970,5,17.3333333333,76.4
-0.54,1970,5,17.375,76.4
-0.54,1970,5,17.4166666667,76.4
-0.54,1970,5,17.4583333333,76.4
-0.54,1970,5,17.5,76.4
-0.54,1970,5,17.5416666667,76.4
-0.54,1970,5,17.5833333333,76.4
-0.54,1970,5,17.625,76.4
-0.54,1970,5,17.6666666667,76.4
-0.54,1970,5,17.7083333333,76.4
-0.54,1970,5,17.75,76.4
-0.51,1970,5,17.7916666667,76.4
-0.51,1970,5,17.8333333333,76.4
-0.51,1970,5,17.875,76.4
-0.51,1970,5,17.9166666667,76.4
-0.51,1970,5,17.9583333333,76.4
-0.51,1970,5,18.0,76.4
-0.51,1970,5,18.0416666667,76.4
-0.51,1970,5,18.0833333333,76.4
-0.51,1970,5,18.125,76.4
-0.51,1970,5,18.1666666667,76.4
-0.51,1970,5,18.2083333333,76.4
-0.51,1970,5,18.25,76.4
-0.51,1970,5,18.2916666667,76.4
-0.51,1970,5,18.3333333333,76.4
-0.51,1970,5,18.375,76.4
-0.51,1970,5,18.4166666667,76.4
-0.51,1970,5,18.4583333333,76.4
-0.51,1970,5,18.5,76.4
-0.51,1970,5,18.5416666667,76.4
-0.51,1970,5,18.5833333333,76.4
-0.51,1970,5,18.625,76.4
-0.51,1970,5,18.6666666667,76.4
-0.51,1970,5,18.7083333333,76.4
-0.51,1970,5,18.75,76.4
-0.51,1970,5,18.7916666667,76.4
-0.51,1970,5,18.8333333333,76.4
-0.51,1970,5,18.875,76.4
-0.51,1970,5,18.9166666667,76.4
-0.48,1970,5,18.9583333333,76.4
-0.48,1970,5,19.0,76.4
-0.48,1970,5,19.0416666667,76.4
-0.48,1970,5,19.0833333333,76.4
-0.48,1970,5,19.125,76.4
-0.48,1970,5,19.1666666667,76.4
-0.48,1970,5,19.2083333333,76.4
-0.48,1970,5,19.25,76.4
-0.48,1970,5,19.2916666667,76.4
-0.48,1970,5,19.3333333333,76.4
-0.48,1970,5,19.375,76.4
-0.48,1970,5,19.4166666667,76.4
-0.48,1970,5,19.4583333333,76.4
-0.48,1970,5,19.5,76.4
-0.48,1970,5,19.5416666667,76.4
-0.48,1970,5,19.5833333333,76.4
-0.48,1970,5,19.625,76.4
-0.48,1970,5,19.6666666667,76.4
-0.48,1970,5,19.7083333333,76.4
-0.48,1970,5,19.75,76.4
-0.48,1970,5,19.7916666667,76.4
-0.48,1970,5,19.8333333333,76.4
-0.48,1970,5,19.875,76.4
-0.48,1970,5,19.9166666667,76.4
-0.48,1970,5,19.9583333333,76.4
-0.48,1970,5,20.0,76.4
-0.48,1970,5,20.0416666667,76.4
-0.48,1970,5,20.0833333333,76.4
-0.48,1970,5,20.125,76.4
-0.45,1970,5,20.1666666667,76.4
-0.45,1970,5,20.2083333333,76.4
-0.45,1970,5,20.25,76.4
-0.45,1970,5,20.2916666667,76.4
-0.45,1970,5,20.3333333333,76.4
-0.45,1970,5,20.375,76.4
-0.45,1970,5,20.4166666667,76.4
-0.45,1970,5,20.4583333333,76.4
-0.45,1970,5,20.5,76.4
-0.45,1970,5,20.5416666667,76.4
-0.45,1970,5,20.5833333333,76.4
-0.45,1970,5,20.625,76.4
-0.45,1970,5,20.6666666667,76.4
-0.45,1970,5,20.7083333333,76.4
-0.45,1970,5,20.75,76.4
-0.45,1970,5,20.7916666667,76.4
-0.45,1970,5,20.8333333333,76.4
-0.45,1970,5,20.875,76.4
-0.45,1970,5,20.9166666667,76.4
-0.45,1970,5,20.9583333333,76.4
-0.45,1970,5,21.0,76.4
-0.45,1970,5,21.0416666667,76.4
-0.45,1970,5,21.0833333333,76.4
-0.45,1970,5,21.125,76.4
-0.45,1970,5,21.1666666667,76.4
-0.45,1970,5,21.2083333333,76.4
-0.45,1970,5,21.25,76.4
-0.45,1970,5,21.2916666667,76.4
-0.45,1970,5,21.3333333333,76.4
-0.45,1970,5,21.375,76.4
-0.45,1970,5,21.4166666667,76.4
-0.45,1970,5,21.4583333333,76.4
-0.42,1970,5,21.5,76.4
-0.42,1970,5,21.5416666667,76.4
-0.42,1970,5,21.5833333333,76.4
-0.42,1970,5,21.625,76.4
-0.42,1970,5,21.6666666667,76.4
-0.42,1970,5,21.7083333333,76.4
-0.42,1970,5,21.75,76.4
-0.42,1970,5,21.7916666667,76.4
-0.42,1970,5,21.8333333333,76.4
-0.42,1970,5,21.875,76.4
-0.42,1970,5,21.9166666667,76.4
-0.42,1970,5,21.9583333333,76.4
-0.42,1970,5,22.0,76.4
-0.42,1970,5,22.0416666667,76.4
-0.42,1970,5,22.0833333333,76.4
-0.42,1970,5,22.125,76.4
-0.42,1970,5,22.1666666667,76.4
-0.42,1970,5,22.2083333333,76.4
-0.42,1970,5,22.25,76.4
-0.42,1970,5,22.2916666667,76.4
-0.42,1970,5,22.3333333333,76.4
-0.42,1970,5,22.375,76.4
-0.42,1970,5,22.4166666667,76.4
-0.42,1970,5,22.4583333333,76.4
-0.42,1970,5,22.5,76.4
-0.42,1970,5,22.5416666667,76.4
-0.42,1970,5,22.5833333333,76.4
-0.42,1970,5,22.625,76.4
-0.42,1970,5,22.6666666667,76.4
-0.42,1970,5,22.7083333333,76.4
-0.42,1970,5,22.75,76.4
-0.42,1970,5,22.7916666667,76.4
-0.42,1970,5,22.8333333333,76.4
-0.42,1970,5,22.875,76.4
-0.39,1970,5,22.9166666667,76.4
-0.39,1970,5,22.9583333333,76.4
-0.39,1970,5,23.0,76.4
-0.39,1970,5,23.0416666667,76.4
-0.39,1970,5,23.0833333333,76.4
-0.39,1970,5,23.125,76.4
-0.39,1970,5,23.1666666667,76.4
-0.39,1970,5,23.2083333333,76.4
-0.36,1970,5,23.25,76.4
-0.36,1970,5,23.2916666667,76.4
-0.36,1970,5,23.3333333333,76.4
-0.36,1970,5,23.375,76.4
-0.36,1970,5,23.4166666667,76.4
-0.36,1970,5,23.4583333333,76.4
-0.36,1970,5,23.5,76.4
-0.36,1970,5,23.5416666667,76.4
-0.36,1970,5,23.5833333333,76.4
-0.36,1970,5,23.625,76.4
-0.36,1970,5,23.6666666667,76.4
-0.36,1970,5,23.7083333333,76.4
-0.36,1970,5,23.75,76.4
-0.36,1970,5,23.7916666667,76.4
-0.36,1970,5,23.8333333333,76.4
-0.36,1970,5,23.875,76.4
-0.36,1970,5,23.9166666667,76.4
-0.36,1970,5,23.9583333333,76.4
-0.36,1970,5,24.0,76.4
-0.36,1970,5,24.0416666667,76.4
-0.36,1970,5,24.0833333333,76.4
-0.36,1970,5,24.125,76.4
-0.36,1970,5,24.1666666667,76.4
-0.36,1970,5,24.2083333333,76.4
-0.36,1970,5,24.25,76.4
-0.36,1970,5,24.2916666667,76.4
-0.36,1970,5,24.3333333333,76.4
-0.36,1970,5,24.375,76.4
-0.36,1970,5,24.4166666667,76.4
-0.33,1970,5,24.4583333333,76.4
-0.33,1970,5,24.5,76.4
-0.33,1970,5,24.5416666667,76.4
-0.33,1970,5,24.5833333333,76.4
-0.33,1970,5,24.625,76.4
-0.33,1970,5,24.6666666667,76.4
-0.33,1970,5,24.7083333333,76.4
-0.33,1970,5,24.75,76.4
-0.33,1970,5,24.7916666667,76.4
-0.33,1970,5,24.8333333333,76.4
-0.33,1970,5,24.875,76.4
-0.33,1970,5,24.9166666667,76.4
-0.33,1970,5,24.9583333333,76.4
-0.33,1970,5,25.0,76.4
-0.33,1970,5,25.0416666667,76.53
-0.33,1970,5,25.0833333333,76.76
-0.33,1970,5,25.125,76.9
-0.33,1970,5,25.1666666667,77.05
-0.33,1970,5,25.2083333333,77.24
-0.33,1970,5,25.25,78.02
-0.33,1970,5,25.2916666667,78.78
-0.33,1970,5,25.3333333333,79.06
-0.33,1970,5,25.375,79.32
-0.33,1970,5,25.4166666667,79.62
-0.33,1970,5,25.4583333333,79.78
-0.33,1970,5,25.5,79.92
-0.33,1970,5,25.5416666667,80.16
-0.33,1970,5,25.5833333333,80.53
-0.33,1970,5,25.625,80.86
-0.33,1970,5,25.6666666667,81.02
-0.33,1970,5,25.7083333333,81.23
-0.33,1970,5,25.75,81.46
-0.33,1970,5,25.7916666667,81.6
-0.33,1970,5,25.8333333333,81.6
-0.33,1970,5,25.875,81.6
-0.33,1970,5,25.9166666667,81.6
-0.33,1970,5,25.9583333333,81.6
-0.33,1970,5,26.0,81.6
-0.33,1970,5,26.0416666667,81.76
-0.3,1970,5,26.0833333333,82.4
-0.3,1970,5,26.125,82.4
-0.3,1970,5,26.1666666667,82.4
-0.3,1970,5,26.2083333333,82.4
-0.3,1970,5,26.25,82.4
-0.3,1970,5,26.2916666667,82.4
-0.3,1970,5,26.3333333333,82.5
-0.3,1970,5,26.375,82.8
-0.3,1970,5,26.4166666667,82.8
-0.3,1970,5,26.4583333333,82.8
-0.3,1970,5,26.5,82.8
-0.3,1970,5,26.5416666667,82.8
-0.3,1970,5,26.5833333333,82.8
-0.3,1970,5,26.625,82.8
-0.3,1970,5,26.6666666667,82.8
-0.3,1970,5,26.7083333333,82.9
-0.21,1970,5,26.75,85.75
-0.36,1970,5,26.7916666667,87.34
-1.35,1970,5,26.8333333333,87.54
-2.79,1970,5,26.875,87.6
-4.32,1970,5,26.9166666667,87.6
-5.91,1970,5,26.9583333333,87.6
-7.53,1970,5,27.0,87.6
-8.52,1970,5,27.0416666667,87.6
-9.21,1970,5,27.0833333333,87.6
-10.35,1970,5,27.125,87.6
-11.22,1970,5,27.1666666667,87.6
-11.91,1970,5,27.2083333333,87.6
-12.57,1970,5,27.25,87.6
-13.14,1970,5,27.2916666667,87.6
-13.23,1970,5,27.3333333333,87.6
-13.23,1970,5,27.375,87.6
-13.26,1970,5,27.4166666667,87.6
-13.47,1970,5,27.4583333333,87.6
-13.86,1970,5,27.5,87.6
-13.77,1970,5,27.5416666667,87.6
-13.26,1970,5,27.5833333333,87.6
-12.57,1970,5,27.625,87.6
-11.91,1970,5,27.6666666667,87.6
-11.31,1970,5,27.7083333333,87.6
-10.74,1970,5,27.75,87.6
-10.2,1970,5,27.7916666667,87.6
-9.63,1970,5,27.8333333333,87.6
-9.09,1970,5,27.875,87.6
-8.52,1970,5,27.9166666667,87.7
-7.86,1970,5,27.9583333333,88.0
-7.2,1970,5,28.0,88.0
-6.48,1970,5,28.0416666667,88.0
-5.79,1970,5,28.0833333333,88.0
-5.13,1970,5,28.125,88.0
-4.44,1970,5,28.1666666667,88.0
-3.84,1970,5,28.2083333333,88.0
-3.21,1970,5,28.25,88.0
-2.76,1970,5,28.2916666667,88.0
-2.34,1970,5,28.3333333333,88.0
-1.92,1970,5,28.375,88.0
-1.5,1970,5,28.4166666667,88.0
-1.11,1970,5,28.4583333333,88.0
-1.02,1970,5,28.5,88.0
-0.84,1970,5,28.5416666667,88.0
-0.75,1970,5,28.5833333333,88.0
-0.72,1970,5,28.625,88.0
0.12,1970,5,28.6666666667,88.1
1.71,1970,5,28.7083333333,92.02
5.76,1970,5,28.75,94.08
40.77,1970,5,28.7916666667,100.98
44.16,1970,5,28.8333333333,101.83
33.39,1970,5,28.875,102.58
81.0,1970,5,28.9166666667,103.02
91.53,1970,5,28.9583333333,103.92
86.91,1970,5,29.0,104.9
90.96,1970,5,29.0416666667,105.2
87.75,1970,5,29.0833333333,105.2
78.42,1970,5,29.125,105.2
67.89,1970,5,29.1666666667,105.2
62.73,1970,5,29.2083333333,105.2
59.64,1970,5,29.25,105.2
53.52,1970,5,29.2916666667,105.2
41.88,1970,5,29.3333333333,105.2
28.08,1970,5,29.375,105.83
12.99,1970,5,29.4166666667,106.53
-1.44,1970,5,29.4583333333,107.35
-10.92,1970,5,29.5,108.28
-16.71,1970,5,29.5416666667,109.66
-21.48,1970,5,29.5833333333,109.95
-27.39,1970,5,29.625,110.11
-31.38,1970,5,29.6666666667,110.23
-29.76,1970,5,29.7083333333,110.35
-29.13,1970,5,29.75,110.63
-29.73,1970,5,29.7916666667,111.0
-32.4,1970,5,29.8333333333,111.2
-37.65,1970,5,29.875,111.2
-44.52,1970,5,29.9166666667,111.2
-50.13,1970,5,29.9583333333,111.2
-55.38,1970,5,30.0,111.2
-59.07,1970,5,30.0416666667,111.2
-61.26,1970,5,30.0833333333,111.2
-64.68,1970,5,30.125,111.2
-67.86,1970,5,30.1666666667,111.2
-69.48,1970,5,30.2083333333,111.2
-72.48,1970,5,30.25,111.2
-71.67,1970,5,30.2916666667,111.63
-70.5,1970,5,30.3333333333,112.8
-68.1,1970,5,30.375,112.8
-67.11,1970,5,30.4166666667,112.8
-67.14,1970,5,30.4583333333,112.8
-67.38,1970,5,30.5,112.8
-63.24,1970,5,30.5416666667,112.8
-58.26,1970,5,30.5833333333,112.8
-55.98,1970,5,30.625,112.8
-55.83,1970,5,30.6666666667,112.8
-56.73,1970,5,30.7083333333,112.8
-56.43,1970,5,30.75,113.03
-54.24,1970,5,30.7916666667,114.23
-51.24,1970,5,30.8333333333,114.4
-47.82,1970,5,30.875,114.4
-45.96,1970,5,30.9166666667,114.4
-44.46,1970,5,30.9583333333,114.4
-41.58,1970,5,31.0,114.4
-35.82,1970,5,31.0416666667,114.4
-30.96,1970,5,31.0833333333,114.4
-30.21,1970,5,31.125,114.4
-29.49,1970,5,31.1666666667,114.4
-29.85,1970,5,31.2083333333,114.4
-30.21,1970,5,31.25,114.4
-30.33,1970,5,31.2916666667,114.4
-30.54,1970,5,31.3333333333,114.4
-30.45,1970,5,31.375,114.4
-30.3,1970,5,31.4166666667,114.4
-29.79,1970,5,31.4583333333,114.4
-29.4,1970,5,31.5,114.4
-28.68,1970,5,31.5416666667,114.7
-27.87,1970,5,31.5833333333,114.8
-26.94,1970,5,31.625,114.8
-24.99,1970,5,31.6666666667,114.8
-25.05,1970,5,31.7083333333,114.8
-24.03,1970,5,31.75,114.8
-23.28,1970,5,31.7916666667,114.8
-22.83,1970,5,31.8333333333,114.8
-22.5,1970,5,31.875,114.8
-22.23,1970,5,31.9166666667,114.8
-21.93,1970,5,31.9583333333,114.8
-21.81,1970,5,32.0,114.8
-21.48,1970,6,1.04166666667,114.8
-21.06,1970,6,1.08333333333,114.8
-20.85,1970,6,1.125,114.8
-20.58,1970,6,1.16666666667,114.8
-20.1,1970,6,1.20833333333,114.8
-19.65,1970,6,1.25,114.8
-19.38,1970,6,1.29166666667,114.8
-19.02,1970,6,1.33333333333,114.8
-18.84,1970,6,1.375,114.8
-18.63,1970,6,1.41666666667,114.8
-18.99,1970,6,1.45833333333,114.8
-17.82,1970,6,1.5,114.8
-16.98,1970,6,1.54166666667,114.8
-16.14,1970,6,1.58333333333,114.8
-15.36,1970,6,1.625,114.8
-14.67,1970,6,1.66666666667,114.8
-13.98,1970,6,1.70833333333,114.8
-13.32,1970,6,1.75,114.8
-12.84,1970,6,1.79166666667,114.95
-11.79,1970,6,1.83333333333,115.21
-10.74,1970,6,1.875,115.47
-9.72,1970,6,1.91666666667,115.7
-8.76,1970,6,1.95833333333,115.86
-7.83,1970,6,2.0,115.99
-6.69,1970,6,2.04166666667,116.0
-5.94,1970,6,2.08333333333,116.0
-5.25,1970,6,2.125,116.0
-4.62,1970,6,2.16666666667,116.0
-3.99,1970,6,2.20833333333,116.0
-3.03,1970,6,2.25,116.0
-2.28,1970,6,2.29166666667,116.0
-1.53,1970,6,2.33333333333,116.0
-0.75,1970,6,2.375,116.0
-0.06,1970,6,2.41666666667,116.0
0.3,1970,6,2.45833333333,116.0
0.69,1970,6,2.5,116.0
0.99,1970,6,2.54166666667,116.2
1.17,1970,6,2.58333333333,116.4
1.32,1970,6,2.625,116.4
1.41,1970,6,2.66666666667,116.4
1.56,1970,6,2.70833333333,116.4
1.68,1970,6,2.75,116.4
1.95,1970,6,2.79166666667,116.4
2.19,1970,6,2.83333333333,116.4
2.46,1970,6,2.875,116.4
3.09,1970,6,2.91666666667,116.4
3.39,1970,6,2.95833333333,116.4
3.69,1970,6,3.0,116.4
3.93,1970,6,3.04166666667,116.4
4.11,1970,6,3.08333333333,116.4
4.32,1970,6,3.125,116.4
4.53,1970,6,3.16666666667,116.4
4.62,1970,6,3.20833333333,116.4
4.68,1970,6,3.25,116.4
4.65,1970,6,3.29166666667,116.4
4.65,1970,6,3.33333333333,116.4
4.53,1970,6,3.375,116.4
4.44,1970,6,3.41666666667,116.4
4.65,1970,6,3.45833333333,116.4
4.74,1970,6,3.5,116.4
5.25,1970,6,3.54166666667,116.4
4.98,1970,6,3.58333333333,116.4
4.74,1970,6,3.625,116.4
4.44,1970,6,3.66666666667,116.4
4.29,1970,6,3.70833333333,116.4
4.14,1970,6,3.75,116.4
3.93,1970,6,3.79166666667,116.4
3.75,1970,6,3.83333333333,116.4
3.57,1970,6,3.875,116.4
3.42,1970,6,3.91666666667,116.4
3.21,1970,6,3.95833333333,116.4
3.09,1970,6,4.0,116.4
3.21,1970,6,4.04166666667,116.4
3.33,1970,6,4.08333333333,116.4
3.51,1970,6,4.125,116.4
3.63,1970,6,4.16666666667,116.4
3.81,1970,6,4.20833333333,116.4
4.14,1970,6,4.25,116.4
4.32,1970,6,4.29166666667,116.66
4.83,1970,6,4.33333333333,117.29
5.82,1970,6,4.375,118.48
9.57,1970,6,4.41666666667,120.84
31.11,1970,6,4.45833333333,122.75
48.39,1970,6,4.5,124.36
49.47,1970,6,4.54166666667,124.4
61.38,1970,6,4.58333333333,124.4
79.32,1970,6,4.625,124.4
88.02,1970,6,4.66666666667,124.4
87.81,1970,6,4.70833333333,124.4
81.75,1970,6,4.75,124.4
73.23,1970,6,4.79166666667,124.4
65.91,1970,6,4.83333333333,124.4
62.64,1970,6,4.875,124.4
61.14,1970,6,4.91666666667,124.4
58.23,1970,6,4.95833333333,124.4
52.41,1970,6,5.0,124.4
43.02,1970,6,5.04166666667,124.4
30.93,1970,6,5.08333333333,124.4
18.18,1970,6,5.125,124.4
5.73,1970,6,5.16666666667,124.4
-5.43,1970,6,5.20833333333,124.4
-14.07,1970,6,5.25,124.4
-20.88,1970,6,5.29166666667,124.4
-25.71,1970,6,5.33333333333,124.4
-30.6,1970,6,5.375,124.4
-33.51,1970,6,5.41666666667,124.4
-36.54,1970,6,5.45833333333,124.4
-39.63,1970,6,5.5,124.4
-40.83,1970,6,5.54166666667,124.4
-42.3,1970,6,5.58333333333,124.4
-43.92,1970,6,5.625,124.4
-44.76,1970,6,5.66666666667,124.4
-44.76,1970,6,5.70833333333,124.4
-44.97,1970,6,5.75,124.4
-44.85,1970,6,5.79166666667,124.4
-44.49,1970,6,5.83333333333,124.4
-44.13,1970,6,5.875,124.4
-43.53,1970,6,5.91666666667,124.4
-43.38,1970,6,5.95833333333,124.4
-42.78,1970,6,6.0,124.4
-42.33,1970,6,6.04166666667,124.4
-41.82,1970,6,6.08333333333,124.4
-41.49,1970,6,6.125,124.4
-41.01,1970,6,6.16666666667,124.4
-40.53,1970,6,6.20833333333,124.4
-39.3,1970,6,6.25,124.4
-37.68,1970,6,6.29166666667,124.4
-36.06,1970,6,6.33333333333,124.4
-34.56,1970,6,6.375,124.4
-33.18,1970,6,6.41666666667,124.4
-31.8,1970,6,6.45833333333,124.4
-30.6,1970,6,6.5,124.4
-29.46,1970,6,6.54166666667,124.4
-28.35,1970,6,6.58333333333,124.4
-27.39,1970,6,6.625,124.4
-26.52,1970,6,6.66666666667,124.4
-25.77,1970,6,6.70833333333,124.4
-24.9,1970,6,6.75,124.4
-24.12,1970,6,6.79166666667,124.4
-23.34,1970,6,6.83333333333,124.4
-22.5,1970,6,6.875,124.4
-21.84,1970,6,6.91666666667,124.4
-21.06,1970,6,6.95833333333,124.4
-20.22,1970,6,7.0,124.4
-19.56,1970,6,7.04166666667,124.4
-18.81,1970,6,7.08333333333,124.4
-18.09,1970,6,7.125,124.4
-17.34,1970,6,7.16666666667,124.4
-16.62,1970,6,7.20833333333,124.4
-15.93,1970,6,7.25,124.4
-15.27,1970,6,7.29166666667,124.4
-14.64,1970,6,7.33333333333,124.4
-14.01,1970,6,7.375,124.4
-13.47,1970,6,7.41666666667,124.4
-12.93,1970,6,7.45833333333,124.4
-12.45,1970,6,7.5,124.4
-12.06,1970,6,7.54166666667,124.4
-11.67,1970,6,7.58333333333,124.4
-11.34,1970,6,7.625,124.4
-10.98,1970,6,7.66666666667,124.4
-10.68,1970,6,7.70833333333,124.4
-10.38,1970,6,7.75,124.4
-10.08,1970,6,7.79166666667,124.4
-9.78,1970,6,7.83333333333,124.4
-9.51,1970,6,7.875,124.4
-9.21,1970,6,7.91666666667,124.4
-8.88,1970,6,7.95833333333,124.4
-8.49,1970,6,8.0,124.4
-8.37,1970,6,8.04166666667,124.4
-8.01,1970,6,8.08333333333,124.4
-7.71,1970,6,8.125,124.4
-7.41,1970,6,8.16666666667,124.4
-7.14,1970,6,8.20833333333,124.4
-6.75,1970,6,8.25,124.4
-6.36,1970,6,8.29166666667,124.4
-6.0,1970,6,8.33333333333,124.4
-5.91,1970,6,8.375,124.4
-5.7,1970,6,8.41666666667,124.4
-5.49,1970,6,8.45833333333,124.4
-5.28,1970,6,8.5,124.4
-5.07,1970,6,8.54166666667,124.4
-4.95,1970,6,8.58333333333,124.4
-4.86,1970,6,8.625,124.4
-4.83,1970,6,8.66666666667,124.4
-4.77,1970,6,8.70833333333,124.4
-4.71,1970,6,8.75,124.4
-4.68,1970,6,8.79166666667,124.4
-4.59,1970,6,8.83333333333,124.4
-4.53,1970,6,8.875,124.4
-4.44,1970,6,8.91666666667,124.4
-4.26,1970,6,8.95833333333,124.4
-4.11,1970,6,9.0,124.4
-4.17,1970,6,9.04166666667,124.4
-4.02,1970,6,9.08333333333,124.4
-3.84,1970,6,9.125,124.4
-3.72,1970,6,9.16666666667,124.4
-3.57,1970,6,9.20833333333,124.4
-3.48,1970,6,9.25,124.4
-3.33,1970,6,9.29166666667,124.4
-3.21,1970,6,9.33333333333,124.4
-3.09,1970,6,9.375,124.4
-3.0,1970,6,9.41666666667,124.4
-2.88,1970,6,9.45833333333,124.4
-2.79,1970,6,9.5,124.4
-2.67,1970,6,9.54166666667,124.4
-2.58,1970,6,9.58333333333,124.4
-2.7,1970,6,9.625,124.4
-2.76,1970,6,9.66666666667,124.4
-2.79,1970,6,9.70833333333,124.4
-2.85,1970,6,9.75,124.4
-2.91,1970,6,9.79166666667,124.4
-2.91,1970,6,9.83333333333,124.4
-2.91,1970,6,9.875,124.4
-2.94,1970,6,9.91666666667,124.4
-2.91,1970,6,9.95833333333,124.4
-2.82,1970,6,10.0,124.4
-2.82,1970,6,10.0416666667,124.4
-2.79,1970,6,10.0833333333,124.4
-2.4,1970,6,10.125,124.4
-2.07,1970,6,10.1666666667,124.4
-1.47,1970,6,10.2083333333,124.4
-1.35,1970,6,10.25,124.4
-1.26,1970,6,10.2916666667,124.4
-1.2,1970,6,10.3333333333,124.4
-1.14,1970,6,10.375,124.4
-1.08,1970,6,10.4166666667,124.4
-1.02,1970,6,10.4583333333,124.4
-1.2,1970,6,10.5,124.4
-1.23,1970,6,10.5416666667,124.4
-1.26,1970,6,10.5833333333,124.4
-1.32,1970,6,10.625,124.4
-1.41,1970,6,10.6666666667,124.4
-1.47,1970,6,10.7083333333,124.4
-1.53,1970,6,10.75,124.4
-1.62,1970,6,10.7916666667,124.4
-1.71,1970,6,10.8333333333,124.4
-1.74,1970,6,10.875,124.4
-1.74,1970,6,10.9166666667,124.4
-1.71,1970,6,10.9583333333,124.4
-1.68,1970,6,11.0,124.4
-1.8,1970,6,11.0416666667,124.4
-1.68,1970,6,11.0833333333,124.4
-1.62,1970,6,11.125,124.4
-1.53,1970,6,11.1666666667,124.4
-1.44,1970,6,11.2083333333,124.4
-1.35,1970,6,11.25,124.4
-1.26,1970,6,11.2916666667,124.4
-1.2,1970,6,11.3333333333,124.4
-1.17,1970,6,11.375,124.4
-1.2,1970,6,11.4166666667,124.4
-1.17,1970,6,11.4583333333,124.4
-1.2,1970,6,11.5,124.4
-1.23,1970,6,11.5416666667,124.4
-1.29,1970,6,11.5833333333,124.4
-1.32,1970,6,11.625,124.4
-1.41,1970,6,11.6666666667,124.4
-1.47,1970,6,11.7083333333,124.4
-1.53,1970,6,11.75,124.4
-1.56,1970,6,11.7916666667,124.4
-1.62,1970,6,11.8333333333,124.4
-1.65,1970,6,11.875,124.4
-1.71,1970,6,11.9166666667,124.4
-1.71,1970,6,11.9583333333,124.4
-1.65,1970,6,12.0,124.4
-1.62,1970,6,12.0416666667,124.4
-1.56,1970,6,12.0833333333,124.4
-1.5,1970,6,12.125,124.4
-1.41,1970,6,12.1666666667,124.4
-1.38,1970,6,12.2083333333,124.4
-1.32,1970,6,12.25,124.4
-1.26,1970,6,12.2916666667,124.4
-1.23,1970,6,12.3333333333,124.4
-1.23,1970,6,12.375,124.4
-1.26,1970,6,12.4166666667,124.4
-1.26,1970,6,12.4583333333,124.4
-1.29,1970,6,12.5,124.4
-1.32,1970,6,12.5416666667,124.4
-1.35,1970,6,12.5833333333,124.4
-1.44,1970,6,12.625,124.4
-1.53,1970,6,12.6666666667,124.4
-1.62,1970,6,12.7083333333,124.4
-1.74,1970,6,12.75,124.4
-1.8,1970,6,12.7916666667,124.4
-1.89,1970,6,12.8333333333,124.4
-1.95,1970,6,12.875,124.4
-2.04,1970,6,12.9166666667,124.4
-2.01,1970,6,12.9583333333,124.4
-1.95,1970,6,13.0,124.4
-2.04,1970,6,13.0416666667,124.4
-1.98,1970,6,13.0833333333,124.4
-1.92,1970,6,13.125,124.4
-1.86,1970,6,13.1666666667,124.4
-1.8,1970,6,13.2083333333,124.4
-1.74,1970,6,13.25,124.4
-1.65,1970,6,13.2916666667,124.4
-1.56,1970,6,13.3333333333,124.4
-1.5,1970,6,13.375,124.4
-1.62,1970,6,13.4166666667,124.4
-1.62,1970,6,13.4583333333,124.4
-1.65,1970,6,13.5,124.4
-1.65,1970,6,13.5416666667,124.4
-1.68,1970,6,13.5833333333,124.4
-1.74,1970,6,13.625,124.4
-1.8,1970,6,13.6666666667,124.4
-1.83,1970,6,13.7083333333,124.4
-1.2,1970,6,13.75,124.98
-0.39,1970,6,13.7916666667,125.6
-0.24,1970,6,13.8333333333,125.6
-0.15,1970,6,13.875,125.6
0.27,1970,6,13.9166666667,125.6
0.72,1970,6,13.9583333333,125.6
1.11,1970,6,14.0,125.6
1.38,1970,6,14.0416666667,125.6
1.59,1970,6,14.0833333333,125.6
1.83,1970,6,14.125,125.6
2.04,1970,6,14.1666666667,125.6
2.22,1970,6,14.2083333333,125.6
2.31,1970,6,14.25,125.6
2.37,1970,6,14.2916666667,125.6
2.46,1970,6,14.3333333333,125.6
2.4,1970,6,14.375,125.6
2.58,1970,6,14.4166666667,125.6
2.43,1970,6,14.4583333333,125.6
2.46,1970,6,14.5,125.6
2.46,1970,6,14.5416666667,125.6
2.46,1970,6,14.5833333333,125.6
2.46,1970,6,14.625,125.6
2.46,1970,6,14.6666666667,125.6
2.46,1970,6,14.7083333333,125.6
2.49,1970,6,14.75,125.6
2.49,1970,6,14.7916666667,125.6
2.49,1970,6,14.8333333333,125.6
2.46,1970,6,14.875,125.6
2.46,1970,6,14.9166666667,125.6
2.43,1970,6,14.9583333333,125.6
2.43,1970,6,15.0,125.6
2.34,1970,6,15.0416666667,125.6
2.28,1970,6,15.0833333333,125.6
2.25,1970,6,15.125,125.6
2.25,1970,6,15.1666666667,125.6
2.22,1970,6,15.2083333333,125.6
2.19,1970,6,15.25,125.6
2.16,1970,6,15.2916666667,125.6
2.13,1970,6,15.3333333333,125.6
2.07,1970,6,15.375,125.6
2.04,1970,6,15.4166666667,125.6
2.01,1970,6,15.4583333333,125.6
1.95,1970,6,15.5,125.6
1.89,1970,6,15.5416666667,125.6
1.77,1970,6,15.5833333333,125.6
1.68,1970,6,15.625,125.6
1.59,1970,6,15.6666666667,125.6
1.5,1970,6,15.7083333333,125.6
1.41,1970,6,15.75,125.6
1.32,1970,6,15.7916666667,125.6
1.23,1970,6,15.8333333333,125.6
1.2,1970,6,15.875,125.6
1.17,1970,6,15.9166666667,125.6
1.14,1970,6,15.9583333333,125.6
1.11,1970,6,16.0,125.6
1.14,1970,6,16.0416666667,125.6
1.14,1970,6,16.0833333333,125.6
1.17,1970,6,16.125,125.6
1.17,1970,6,16.1666666667,125.6
1.2,1970,6,16.2083333333,125.6
1.17,1970,6,16.25,125.6
1.2,1970,6,16.2916666667,125.6
1.23,1970,6,16.3333333333,125.6
1.23,1970,6,16.375,125.6
1.26,1970,6,16.4166666667,125.6
1.26,1970,6,16.4583333333,125.6
1.29,1970,6,16.5,125.6
1.26,1970,6,16.5416666667,125.6
1.14,1970,6,16.5833333333,125.6
1.08,1970,6,16.625,125.6
0.99,1970,6,16.6666666667,125.6
0.9,1970,6,16.7083333333,125.6
0.81,1970,6,16.75,125.6
0.72,1970,6,16.7916666667,125.6
0.66,1970,6,16.8333333333,125.6
0.57,1970,6,16.875,125.6
0.57,1970,6,16.9166666667,125.6
0.6,1970,6,16.9583333333,125.6
0.63,1970,6,17.0,125.6
0.51,1970,6,17.0416666667,125.6
0.48,1970,6,17.0833333333,125.6
0.51,1970,6,17.125,125.6
0.54,1970,6,17.1666666667,125.6
0.54,1970,6,17.2083333333,125.6
0.57,1970,6,17.25,125.6
0.57,1970,6,17.2916666667,125.6
0.57,1970,6,17.3333333333,125.6
0.6,1970,6,17.375,125.6
0.6,1970,6,17.4166666667,125.6
0.63,1970,6,17.4583333333,125.6
0.63,1970,6,17.5,125.6
0.63,1970,6,17.5416666667,125.6
0.66,1970,6,17.5833333333,125.6
0.45,1970,6,17.625,125.6
0.33,1970,6,17.6666666667,125.6
0.24,1970,6,17.7083333333,125.6
0.15,1970,6,17.75,125.6
0.09,1970,6,17.7916666667,125.6
0.0,1970,6,17.8333333333,125.6
-0.03,1970,6,17.875,125.6
-0.06,1970,6,17.9166666667,125.6
-0.06,1970,6,17.9583333333,125.6
-0.12,1970,6,18.0,125.6
-0.09,1970,6,18.0416666667,125.6
-0.06,1970,6,18.0833333333,125.6
-0.06,1970,6,18.125,125.6
-0.06,1970,6,18.1666666667,125.6
-0.03,1970,6,18.2083333333,125.6
-0.03,1970,6,18.25,125.6
-0.03,1970,6,18.2916666667,125.6
0.0,1970,6,18.3333333333,125.6
0.0,1970,6,18.375,125.6
0.0,1970,6,18.4166666667,125.6
0.03,1970,6,18.4583333333,125.6
0.03,1970,6,18.5,125.6
0.06,1970,6,18.5416666667,125.6
-0.12,1970,6,18.5833333333,125.6
-0.18,1970,6,18.625,125.6
-0.27,1970,6,18.6666666667,125.6
-0.36,1970,6,18.7083333333,125.6
-0.42,1970,6,18.75,125.6
-0.45,1970,6,18.7916666667,125.6
-0.51,1970,6,18.8333333333,125.6
-0.54,1970,6,18.875,125.6
-0.54,1970,6,18.9166666667,125.6
-0.6,1970,6,18.9583333333,125.6
-0.6,1970,6,19.0,125.6
-0.6,1970,6,19.0416666667,125.6
-0.6,1970,6,19.0833333333,125.6
-0.57,1970,6,19.125,125.6
-0.6,1970,6,19.1666666667,125.6
-0.57,1970,6,19.2083333333,125.6
-0.57,1970,6,19.25,125.6
-0.57,1970,6,19.2916666667,125.6
-0.45,1970,6,19.3333333333,125.6
-0.48,1970,6,19.375,125.6
-0.45,1970,6,19.4166666667,125.6
-0.45,1970,6,19.4583333333,125.6
-0.48,1970,6,19.5,125.6
-0.45,1970,6,19.5416666667,125.6
-0.48,1970,6,19.5833333333,125.6
-0.51,1970,6,19.625,125.6
-0.51,1970,6,19.6666666667,125.6
-0.66,1970,6,19.7083333333,125.6
-0.72,1970,6,19.75,125.6
-0.78,1970,6,19.7916666667,125.6
-0.78,1970,6,19.8333333333,125.6
-0.78,1970,6,19.875,125.6
-0.81,1970,6,19.9166666667,125.6
-0.81,1970,6,19.9583333333,125.6
-0.81,1970,6,20.0,125.6
-0.9,1970,6,20.0416666667,125.6
-0.93,1970,6,20.0833333333,125.6
-0.93,1970,6,20.125,125.6
-0.93,1970,6,20.1666666667,125.6
-0.96,1970,6,20.2083333333,125.6
-0.93,1970,6,20.25,125.6
-0.93,1970,6,20.2916666667,125.6
-0.93,1970,6,20.3333333333,125.6
-0.93,1970,6,20.375,125.6
-0.93,1970,6,20.4166666667,125.6
-0.93,1970,6,20.4583333333,125.6
-1.02,1970,6,20.5,125.6
-1.02,1970,6,20.5416666667,125.6
-1.02,1970,6,20.5833333333,125.6
-1.05,1970,6,20.625,125.6
-1.14,1970,6,20.6666666667,125.6
-1.14,1970,6,20.7083333333,125.6
-1.14,1970,6,20.75,125.6
-1.14,1970,6,20.7916666667,125.6
-1.26,1970,6,20.8333333333,125.6
-1.23,1970,6,20.875,125.6
-1.26,1970,6,20.9166666667,125.6
-1.26,1970,6,20.9583333333,125.6
-1.26,1970,6,21.0,125.6
-1.32,1970,6,21.0416666667,125.6
-1.35,1970,6,21.0833333333,125.6
-1.32,1970,6,21.125,125.6
-1.35,1970,6,21.1666666667,125.6
-1.35,1970,6,21.2083333333,125.6
-1.32,1970,6,21.25,125.6
-1.41,1970,6,21.2916666667,125.6
-1.41,1970,6,21.3333333333,125.6
-1.41,1970,6,21.375,125.6
-1.41,1970,6,21.4166666667,125.6
-1.44,1970,6,21.4583333333,125.6
-1.47,1970,6,21.5,125.6
-1.5,1970,6,21.5416666667,125.6
-1.5,1970,6,21.5833333333,125.6
-1.59,1970,6,21.625,125.6
-1.59,1970,6,21.6666666667,125.6
-1.59,1970,6,21.7083333333,125.6
-1.59,1970,6,21.75,125.6
-1.59,1970,6,21.7916666667,125.6
-1.68,1970,6,21.8333333333,125.6
-1.65,1970,6,21.875,125.6
-1.68,1970,6,21.9166666667,125.6
-1.65,1970,6,21.9583333333,125.6
-1.68,1970,6,22.0,125.6
-1.65,1970,6,22.0416666667,125.6
-1.65,1970,6,22.0833333333,125.6
-1.65,1970,6,22.125,125.6
-1.65,1970,6,22.1666666667,125.6
-1.65,1970,6,22.2083333333,125.6
-1.62,1970,6,22.25,125.6
-1.65,1970,6,22.2916666667,125.6
-1.65,1970,6,22.3333333333,125.6
-1.62,1970,6,22.375,125.6
-1.29,1970,6,22.4166666667,125.92
8.13,1970,6,22.4583333333,130.15
9.93,1970,6,22.5,130.8
13.68,1970,6,22.5416666667,130.8
15.78,1970,6,22.5833333333,130.8
13.59,1970,6,22.625,130.8
10.05,1970,6,22.6666666667,130.8
5.28,1970,6,22.7083333333,130.8
1.53,1970,6,22.75,130.8
1.92,1970,6,22.7916666667,130.8
1.53,1970,6,22.8333333333,130.8
-1.5,1970,6,22.875,130.8
-5.19,1970,6,22.9166666667,130.8
-9.12,1970,6,22.9583333333,130.8
-11.91,1970,6,23.0,130.8
-14.55,1970,6,23.0416666667,130.8
-16.47,1970,6,23.0833333333,130.8
-17.82,1970,6,23.125,130.8
-18.75,1970,6,23.1666666667,130.8
-19.23,1970,6,23.2083333333,130.8
-19.32,1970,6,23.25,130.8
-18.72,1970,6,23.2916666667,130.8
-17.85,1970,6,23.3333333333,130.8
-17.13,1970,6,23.375,130.8
-16.44,1970,6,23.4166666667,130.8
-15.75,1970,6,23.4583333333,130.8
-15.03,1970,6,23.5,130.8
-14.28,1970,6,23.5416666667,130.8
-13.65,1970,6,23.5833333333,130.8
-13.32,1970,6,23.625,130.8
-12.78,1970,6,23.6666666667,130.8
-12.33,1970,6,23.7083333333,131.1
-12.0,1970,6,23.75,131.2
-11.58,1970,6,23.7916666667,131.2
-11.28,1970,6,23.8333333333,131.2
-10.92,1970,6,23.875,131.2
-10.53,1970,6,23.9166666667,131.2
-10.17,1970,6,23.9583333333,131.2
-9.78,1970,6,24.0,131.2
-9.42,1970,6,24.0416666667,131.2
-9.03,1970,6,24.0833333333,131.2
-8.64,1970,6,24.125,131.2
-8.25,1970,6,24.1666666667,131.2
-7.86,1970,6,24.2083333333,131.2
-7.47,1970,6,24.25,131.2
-7.11,1970,6,24.2916666667,131.2
-6.75,1970,6,24.3333333333,131.2
-6.42,1970,6,24.375,131.2
-6.12,1970,6,24.4166666667,131.2
-5.82,1970,6,24.4583333333,131.2
-5.55,1970,6,24.5,131.2
-5.34,1970,6,24.5416666667,131.2
-5.13,1970,6,24.5833333333,131.2
-4.86,1970,6,24.625,131.2
-4.62,1970,6,24.6666666667,131.2
-4.38,1970,6,24.7083333333,131.2
-4.02,1970,6,24.75,131.2
-3.18,1970,6,24.7916666667,131.2
-1.56,1970,6,24.8333333333,131.5
-1.05,1970,6,24.875,131.6
-0.63,1970,6,24.9166666667,131.6
0.18,1970,6,24.9583333333,131.6
0.63,1970,6,25.0,131.6
1.17,1970,6,25.0416666667,131.6
1.53,1970,6,25.0833333333,131.6
1.83,1970,6,25.125,131.6
2.16,1970,6,25.1666666667,131.6
2.4,1970,6,25.2083333333,131.6
2.61,1970,6,25.25,131.6
2.82,1970,6,25.2916666667,131.6
2.97,1970,6,25.3333333333,131.6
3.18,1970,6,25.375,131.6
3.33,1970,6,25.4166666667,131.6
3.87,1970,6,25.4583333333,131.6
4.2,1970,6,25.5,131.6
4.44,1970,6,25.5416666667,131.6
4.71,1970,6,25.5833333333,131.9
5.01,1970,6,25.625,132.0
5.28,1970,6,25.6666666667,132.0
5.52,1970,6,25.7083333333,132.0
5.73,1970,6,25.75,132.0
6.18,1970,6,25.7916666667,132.0
6.48,1970,6,25.8333333333,132.0
6.54,1970,6,25.875,132.0
6.63,1970,6,25.9166666667,132.0
6.42,1970,6,25.9583333333,132.0
6.15,1970,6,26.0,132.0
5.85,1970,6,26.0416666667,132.0
5.52,1970,6,26.0833333333,132.0
5.28,1970,6,26.125,132.0
5.04,1970,6,26.1666666667,132.0
4.89,1970,6,26.2083333333,132.0
4.77,1970,6,26.25,132.0
4.68,1970,6,26.2916666667,132.0
4.65,1970,6,26.3333333333,132.0
4.62,1970,6,26.375,132.0
4.59,1970,6,26.4166666667,132.0
4.53,1970,6,26.4583333333,132.0
4.53,1970,6,26.5,132.0
4.47,1970,6,26.5416666667,132.0
4.41,1970,6,26.5833333333,132.0
4.38,1970,6,26.625,132.0
4.29,1970,6,26.6666666667,132.0
4.23,1970,6,26.7083333333,132.0
4.14,1970,6,26.75,132.0
4.08,1970,6,26.7916666667,132.0
4.02,1970,6,26.8333333333,132.0
3.96,1970,6,26.875,132.0
3.93,1970,6,26.9166666667,132.0
3.93,1970,6,26.9583333333,132.0
3.96,1970,6,27.0,132.0
3.87,1970,6,27.0416666667,132.0
3.84,1970,6,27.0833333333,132.0
3.87,1970,6,27.125,132.04
3.84,1970,6,27.1666666667,132.12
3.84,1970,6,27.2083333333,132.2
3.84,1970,6,27.25,132.28
3.84,1970,6,27.2916666667,132.36
3.81,1970,6,27.3333333333,132.44
3.78,1970,6,27.375,132.52
3.75,1970,6,27.4166666667,132.6
3.78,1970,6,27.4583333333,132.68
3.9,1970,6,27.5,132.76
4.29,1970,6,27.5416666667,132.84
4.47,1970,6,27.5833333333,132.92
4.5,1970,6,27.625,133.0
4.59,1970,6,27.6666666667,133.08
4.71,1970,6,27.7083333333,133.16
5.19,1970,6,27.75,135.3
5.31,1970,6,27.7916666667,135.6
5.19,1970,6,27.8333333333,135.6
5.19,1970,6,27.875,135.6
5.19,1970,6,27.9166666667,135.6
5.16,1970,6,27.9583333333,135.6
4.95,1970,6,28.0,135.6
4.71,1970,6,28.0416666667,135.6
4.65,1970,6,28.0833333333,135.6
4.62,1970,6,28.125,135.6
4.68,1970,6,28.1666666667,135.6
