runoff_obs,basin_cfs_pred,year,month,day,precip
45.6,23.8,1970,3,12.875,33.6
45.8,23.7,1970,3,12.9166666667,33.6
45.6,23.7,1970,3,12.9583333333,33.6
46.0,23.7,1970,3,13.0,33.6
45.9,23.7,1970,3,13.0416666667,33.6
45.8,23.7,1970,3,13.0833333333,33.6
45.6,23.7,1970,3,13.125,33.6
45.5,23.7,1970,3,13.1666666667,33.6
45.4,23.7,1970,3,13.2083333333,33.6
45.2,23.7,1970,3,13.25,33.6
45.0,23.7,1970,3,13.2916666667,33.6
44.6,23.6,1970,3,13.3333333333,33.6
44.3,23.6,1970,3,13.375,33.6
43.9,23.6,1970,3,13.4166666667,33.6
43.6,23.6,1970,3,13.4583333333,33.6
43.0,23.6,1970,3,13.5,33.6
42.4,23.6,1970,3,13.5416666667,33.6
42.4,23.5,1970,3,13.5833333333,33.6
41.5,23.5,1970,3,13.625,33.6
41.1,23.5,1970,3,13.6666666667,33.6
40.6,23.5,1970,3,13.7083333333,33.6
40.1,23.5,1970,3,13.75,33.6
39.6,23.4,1970,3,13.7916666667,33.6
39.2,23.4,1970,3,13.8333333333,33.6
38.7,23.4,1970,3,13.875,33.6
38.9,23.3,1970,3,13.9166666667,33.6
37.7,23.3,1970,3,13.9583333333,33.6
37.4,23.3,1970,3,14.0,33.6
36.9,23.3,1970,3,14.0416666667,33.6
36.5,23.2,1970,3,14.0833333333,33.6
36.1,23.2,1970,3,14.125,33.6
35.7,23.2,1970,3,14.1666666667,33.6
35.4,23.1,1970,3,14.2083333333,33.6
35.0,23.1,1970,3,14.25,33.6
34.6,23.0,1970,3,14.2916666667,33.6
34.2,22.8,1970,3,14.3333333333,33.6
33.7,22.8,1970,3,14.375,33.6
33.4,22.8,1970,3,14.4166666667,33.6
33.0,22.7,1970,3,14.4583333333,33.6
32.7,22.7,1970,3,14.5,33.6
32.3,22.7,1970,3,14.5416666667,33.6
31.8,22.6,1970,3,14.5833333333,33.6
31.5,22.6,1970,3,14.625,33.6
31.1,22.6,1970,3,14.6666666667,33.6
30.8,22.5,1970,3,14.7083333333,33.6
30.4,22.5,1970,3,14.75,33.6
30.1,22.5,1970,3,14.7916666667,33.6
29.8,22.4,1970,3,14.8333333333,33.6
29.4,22.4,1970,3,14.875,33.6
29.1,22.3,1970,3,14.9166666667,33.6
29.1,22.3,1970,3,14.9583333333,33.6
29.1,22.2,1970,3,15.0,33.6
28.3,22.2,1970,3,15.0416666667,33.6
28.1,22.2,1970,3,15.0833333333,33.6
27.9,22.1,1970,3,15.125,33.6
27.7,22.1,1970,3,15.1666666667,33.6
27.5,22.0,1970,3,15.2083333333,33.6
27.3,22.0,1970,3,15.25,33.6
27.1,21.9,1970,3,15.2916666667,33.6
26.9,21.9,1970,3,15.3333333333,33.6
26.7,21.8,1970,3,15.375,33.6
26.5,21.8,1970,3,15.4166666667,33.6
26.3,21.7,1970,3,15.4583333333,33.6
26.1,21.7,1970,3,15.5,33.6
26.0,21.6,1970,3,15.5416666667,33.6
25.8,21.6,1970,3,15.5833333333,33.6
25.6,21.5,1970,3,15.625,33.6
25.4,21.4,1970,3,15.6666666667,33.6
25.3,21.4,1970,3,15.7083333333,33.6
25.1,21.3,1970,3,15.75,33.6
24.9,21.3,1970,3,15.7916666667,33.6
24.8,21.2,1970,3,15.8333333333,33.6
24.7,21.2,1970,3,15.875,33.6
24.7,21.1,1970,3,15.9166666667,33.6
24.7,21.1,1970,3,15.9583333333,33.6
24.7,21.0,1970,3,16.0,33.6
24.1,20.9,1970,3,16.0416666667,33.6
23.9,20.9,1970,3,16.0833333333,33.6
23.8,20.8,1970,3,16.125,33.6
23.7,20.8,1970,3,16.1666666667,33.6
23.5,20.7,1970,3,16.2083333333,33.6
23.4,20.6,1970,3,16.25,33.6
23.3,20.6,1970,3,16.2916666667,33.6
23.1,20.5,1970,3,16.3333333333,33.6
23.0,20.4,1970,3,16.375,33.6
22.9,20.4,1970,3,16.4166666667,33.6
22.8,20.3,1970,3,16.4583333333,33.6
22.7,20.3,1970,3,16.5,33.6
22.6,20.2,1970,3,16.5416666667,33.6
22.5,20.1,1970,3,16.5833333333,33.6
22.4,20.1,1970,3,16.625,33.6
22.3,20.0,1970,3,16.6666666667,33.6
22.3,19.9,1970,3,16.7083333333,33.6
22.2,19.9,1970,3,16.75,33.6
22.2,19.8,1970,3,16.7916666667,33.6
22.1,19.7,1970,3,16.8333333333,33.6
22.0,19.7,1970,3,16.875,33.6
22.0,19.6,1970,3,16.9166666667,33.6
21.9,19.5,1970,3,16.9583333333,33.6
21.9,19.5,1970,3,17.0,33.6
21.8,19.4,1970,3,17.0416666667,33.6
21.7,19.4,1970,3,17.0833333333,33.6
21.6,19.3,1970,3,17.125,33.6
21.5,19.2,1970,3,17.1666666667,33.6
21.4,19.2,1970,3,17.2083333333,33.6
21.3,19.1,1970,3,17.25,33.6
21.4,19.0,1970,3,17.2916666667,33.6
21.4,19.0,1970,3,17.3333333333,33.6
21.5,18.9,1970,3,17.375,33.6
21.5,18.8,1970,3,17.4166666667,33.6
21.5,18.8,1970,3,17.4583333333,33.6
21.6,18.7,1970,3,17.5,33.6
21.6,18.6,1970,3,17.5416666667,33.6
21.7,18.5,1970,3,17.5833333333,33.6
21.7,18.5,1970,3,17.625,33.6
21.8,18.4,1970,3,17.6666666667,33.6
21.8,18.3,1970,3,17.7083333333,33.6
21.8,18.3,1970,3,17.75,33.6
21.3,18.2,1970,3,17.7916666667,33.6
21.3,18.1,1970,3,17.8333333333,33.6
21.3,18.1,1970,3,17.875,33.6
21.3,18.0,1970,3,17.9166666667,33.9
21.3,17.9,1970,3,17.9583333333,34.0
21.3,17.9,1970,3,18.0,34.0
21.8,17.8,1970,3,18.0416666667,34.0
21.6,17.7,1970,3,18.0833333333,34.0
21.9,17.7,1970,3,18.125,34.0
22.0,17.6,1970,3,18.1666666667,34.0
22.0,17.5,1970,3,18.2083333333,34.0
22.1,17.5,1970,3,18.25,34.0
22.2,17.4,1970,3,18.2916666667,34.0
22.2,17.3,1970,3,18.3333333333,34.0
22.3,17.3,1970,3,18.375,34.0
22.3,17.2,1970,3,18.4166666667,34.0
22.4,17.1,1970,3,18.4583333333,34.0
23.1,17.1,1970,3,18.5,34.0
23.3,17.0,1970,3,18.5416666667,34.0
23.4,16.9,1970,3,18.5833333333,34.0
23.6,16.9,1970,3,18.625,34.0
23.6,16.8,1970,3,18.6666666667,34.0
23.6,16.7,1970,3,18.7083333333,34.0
23.6,16.7,1970,3,18.75,34.0
23.6,16.6,1970,3,18.7916666667,34.0
23.6,16.5,1970,3,18.8333333333,34.0
23.6,16.5,1970,3,18.875,34.0
23.6,16.4,1970,3,18.9166666667,34.0
23.6,16.3,1970,3,18.9583333333,34.0
23.6,16.3,1970,3,19.0,34.0
23.8,16.2,1970,3,19.0416666667,34.0
24.1,16.1,1970,3,19.0833333333,34.0
23.7,16.1,1970,3,19.125,34.0
24.1,16.0,1970,3,19.1666666667,34.0
24.1,15.9,1970,3,19.2083333333,34.0
24.1,15.9,1970,3,19.25,34.0
24.1,15.8,1970,3,19.2916666667,34.0
24.1,15.7,1970,3,19.3333333333,34.0
24.1,15.7,1970,3,19.375,34.0
24.1,15.6,1970,3,19.4166666667,34.0
24.1,15.5,1970,3,19.4583333333,34.0
24.1,15.5,1970,3,19.5,34.0
24.1,15.4,1970,3,19.5416666667,34.0
24.1,15.3,1970,3,19.5833333333,34.0
24.1,15.3,1970,3,19.625,34.0
24.1,15.2,1970,3,19.6666666667,34.0
24.1,15.1,1970,3,19.7083333333,34.0
24.1,15.1,1970,3,19.75,34.0
24.1,15.0,1970,3,19.7916666667,34.0
24.1,14.9,1970,3,19.8333333333,34.0
24.1,14.9,1970,3,19.875,34.0
24.1,14.8,1970,3,19.9166666667,34.0
24.1,14.8,1970,3,19.9583333333,34.0
24.1,14.7,1970,3,20.0,34.0
24.4,14.6,1970,3,20.0416666667,34.4
24.6,14.6,1970,3,20.0833333333,34.7
26.5,14.7,1970,3,20.125,35.37
29.4,15.0,1970,3,20.1666666667,36.2
31.3,15.6,1970,3,20.2083333333,36.46
32.7,16.2,1970,3,20.25,36.61
35.0,17.0,1970,3,20.2916666667,36.74
39.9,17.9,1970,3,20.3333333333,37.21
43.2,18.9,1970,3,20.375,37.51
45.4,20.0,1970,3,20.4166666667,37.6
47.3,21.2,1970,3,20.4583333333,37.6
49.1,22.5,1970,3,20.5,37.6
51.0,23.8,1970,3,20.5416666667,37.6
52.4,25.0,1970,3,20.5833333333,37.6
53.9,26.1,1970,3,20.625,37.6
55.5,27.2,1970,3,20.6666666667,37.6
57.8,28.1,1970,3,20.7083333333,37.6
69.3,28.8,1970,3,20.75,37.68
77.9,29.5,1970,3,20.7916666667,37.86
83.3,30.0,1970,3,20.8333333333,38.02
86.2,30.3,1970,3,20.875,38.18
86.7,30.4,1970,3,20.9166666667,38.36
86.0,30.2,1970,3,20.9583333333,38.4
85.9,29.9,1970,3,21.0,38.4
83.5,29.6,1970,3,21.0416666667,38.4
84.1,29.2,1970,3,21.0833333333,38.4
84.9,28.9,1970,3,21.125,38.4
86.4,28.5,1970,3,21.1666666667,38.4
89.8,28.1,1970,3,21.2083333333,38.4
93.0,27.8,1970,3,21.25,38.4
94.9,27.4,1970,3,21.2916666667,38.4
94.2,27.1,1970,3,21.3333333333,38.4
93.5,26.8,1970,3,21.375,38.4
92.8,26.4,1970,3,21.4166666667,38.4
92.1,26.1,1970,3,21.4583333333,38.4
91.4,25.9,1970,3,21.5,38.4
91.0,25.6,1970,3,21.5416666667,38.48
98.8,26.0,1970,3,21.5833333333,39.16
109.9,29.3,1970,3,21.625,40.71
116.5,36.4,1970,3,21.6666666667,41.95
126.5,46.2,1970,3,21.7083333333,42.23
137.9,58.0,1970,3,21.75,42.48
144.2,71.2,1970,3,21.7916666667,42.71
180.8,87.9,1970,3,21.8333333333,44.86
219.6,109.9,1970,3,21.875,45.54
245.4,136.5,1970,3,21.9166666667,45.89
264.9,166.4,1970,3,21.9583333333,46.0
291.0,198.7,1970,3,22.0,46.0
314.1,232.1,1970,3,22.0416666667,46.0
344.1,265.3,1970,3,22.0833333333,46.0
374.5,297.7,1970,3,22.125,46.0
402.0,329.1,1970,3,22.1666666667,46.0
424.5,359.2,1970,3,22.2083333333,46.0
441.5,387.4,1970,3,22.25,46.0
450.3,412.4,1970,3,22.2916666667,46.0
448.9,433.1,1970,3,22.3333333333,46.0
448.5,448.9,1970,3,22.375,46.0
440.3,458.9,1970,3,22.4166666667,46.0
430.9,462.9,1970,3,22.4583333333,46.0
418.1,463.0,1970,3,22.5,46.0
400.8,460.8,1970,3,22.5416666667,46.0
381.3,455.9,1970,3,22.5833333333,46.0
360.9,447.6,1970,3,22.625,46.0
339.0,434.8,1970,3,22.6666666667,46.0
320.7,419.3,1970,3,22.7083333333,46.0
298.6,403.7,1970,3,22.75,46.0
279.5,388.7,1970,3,22.7916666667,46.0
261.6,374.2,1970,3,22.8333333333,46.0
245.4,360.4,1970,3,22.875,46.0
231.4,347.1,1970,3,22.9166666667,46.0
218.0,334.3,1970,3,22.9583333333,46.0
205.6,322.1,1970,3,23.0,46.0
194.9,310.4,1970,3,23.0416666667,46.0
184.9,299.2,1970,3,23.0833333333,46.0
175.1,288.4,1970,3,23.125,46.0
165.8,278.1,1970,3,23.1666666667,46.0
157.4,268.2,1970,3,23.2083333333,46.0
150.5,258.7,1970,3,23.25,46.0
146.6,249.6,1970,3,23.2916666667,46.0
143.9,240.9,1970,3,23.3333333333,46.0
141.6,232.6,1970,3,23.375,46.0
139.5,224.5,1970,3,23.4166666667,46.0
136.5,216.9,1970,3,23.4583333333,46.0
132.4,209.5,1970,3,23.5,46.0
128.0,202.4,1970,3,23.5416666667,46.0
123.6,195.7,1970,3,23.5833333333,46.0
117.6,189.2,1970,3,23.625,46.0
112.6,183.0,1970,3,23.6666666667,46.0
107.2,177.0,1970,3,23.7083333333,46.0
102.1,171.3,1970,3,23.75,46.0
96.9,165.8,1970,3,23.7916666667,46.0
91.9,160.5,1970,3,23.8333333333,46.0
86.9,155.5,1970,3,23.875,46.0
85.3,150.7,1970,3,23.9166666667,46.0
83.9,146.0,1970,3,23.9583333333,46.0
82.4,141.6,1970,3,24.0,46.0
80.8,137.3,1970,3,24.0416666667,46.0
79.4,133.2,1970,3,24.0833333333,46.0
78.4,129.3,1970,3,24.125,46.0
78.6,125.6,1970,3,24.1666666667,46.0
77.7,122.0,1970,3,24.2083333333,46.0
77.1,118.5,1970,3,24.25,46.0
76.4,115.2,1970,3,24.2916666667,46.0
75.2,112.0,1970,3,24.3333333333,46.0
73.7,109.0,1970,3,24.375,46.0
72.0,106.1,1970,3,24.4166666667,46.0
70.0,103.3,1970,3,24.4583333333,46.0
68.3,100.6,1970,3,24.5,46.0
66.3,98.0,1970,3,24.5416666667,46.0
64.8,95.5,1970,3,24.5833333333,46.0
63.4,93.1,1970,3,24.625,46.0
62.0,90.9,1970,3,24.6666666667,46.0
61.0,88.7,1970,3,24.7083333333,46.0
59.9,86.6,1970,3,24.75,46.0
59.0,84.6,1970,3,24.7916666667,46.0
58.2,82.7,1970,3,24.8333333333,46.0
57.4,80.8,1970,3,24.875,46.0
56.6,79.0,1970,3,24.9166666667,46.0
56.1,77.3,1970,3,24.9583333333,46.0
55.6,75.7,1970,3,25.0,46.0
55.3,74.1,1970,3,25.0416666667,46.0
54.9,72.6,1970,3,25.0833333333,46.0
54.9,71.2,1970,3,25.125,46.0
55.2,69.8,1970,3,25.1666666667,46.0
55.4,68.4,1970,3,25.2083333333,46.0
55.6,67.1,1970,3,25.25,46.0
55.5,65.9,1970,3,25.2916666667,46.0
55.4,64.7,1970,3,25.3333333333,46.0
55.2,63.6,1970,3,25.375,46.0
55.1,62.5,1970,3,25.4166666667,46.0
55.0,61.5,1970,3,25.4583333333,46.0
54.9,60.4,1970,3,25.5,46.0
54.8,59.5,1970,3,25.5416666667,46.0
53.7,58.5,1970,3,25.5833333333,46.0
53.1,57.6,1970,3,25.625,46.0
52.4,56.8,1970,3,25.6666666667,46.0
52.0,55.9,1970,3,25.7083333333,46.0
51.4,55.1,1970,3,25.75,46.0
50.9,54.4,1970,3,25.7916666667,46.0
50.4,53.6,1970,3,25.8333333333,46.0
50.0,52.8,1970,3,25.875,46.0
49.6,52.1,1970,3,25.9166666667,46.0
49.4,51.5,1970,3,25.9583333333,46.0
49.4,50.8,1970,3,26.0,46.0
48.4,50.2,1970,3,26.0416666667,46.0
48.1,49.6,1970,3,26.0833333333,46.0
47.7,49.1,1970,3,26.125,46.0
47.5,48.5,1970,3,26.1666666667,46.0
47.3,48.0,1970,3,26.2083333333,46.0
47.1,47.5,1970,3,26.25,46.0
46.9,47.0,1970,3,26.2916666667,46.0
46.8,46.5,1970,3,26.3333333333,46.0
46.7,46.0,1970,3,26.375,46.0
46.5,45.6,1970,3,26.4166666667,46.0
46.4,45.2,1970,3,26.4583333333,46.0
46.3,44.7,1970,3,26.5,46.0
46.1,44.3,1970,3,26.5416666667,46.0
46.8,44.0,1970,3,26.5833333333,46.0
45.8,43.6,1970,3,26.625,46.0
45.5,43.2,1970,3,26.6666666667,46.0
45.2,42.9,1970,3,26.7083333333,46.0
45.0,42.5,1970,3,26.75,46.0
44.7,42.2,1970,3,26.7916666667,46.0
44.4,41.9,1970,3,26.8333333333,46.0
44.2,41.5,1970,3,26.875,46.0
43.9,41.2,1970,3,26.9166666667,46.0
43.6,40.9,1970,3,26.9583333333,46.0
43.6,40.7,1970,3,27.0,46.0
43.3,40.4,1970,3,27.0416666667,46.0
43.1,40.1,1970,3,27.0833333333,46.0
42.8,39.8,1970,3,27.125,46.0
42.7,39.6,1970,3,27.1666666667,46.0
42.5,39.3,1970,3,27.2083333333,46.0
42.3,39.1,1970,3,27.25,46.0
42.0,38.8,1970,3,27.2916666667,46.0
41.9,38.2,1970,3,27.3333333333,46.0
41.7,37.0,1970,3,27.375,46.0
41.5,36.7,1970,3,27.4166666667,46.0
41.3,36.6,1970,3,27.4583333333,46.0
41.1,36.4,1970,3,27.5,46.0
40.9,36.2,1970,3,27.5416666667,46.0
40.6,34.7,1970,3,27.5833333333,46.0
40.4,34.3,1970,3,27.625,46.0
40.3,34.1,1970,3,27.6666666667,46.0
40.1,34.0,1970,3,27.7083333333,46.0
39.8,34.0,1970,3,27.75,46.0
39.6,33.9,1970,3,27.7916666667,46.0
39.5,33.8,1970,3,27.8333333333,46.0
39.3,33.7,1970,3,27.875,46.0
39.2,33.6,1970,3,27.9166666667,46.0
39.0,33.5,1970,3,27.9583333333,46.0
38.9,33.4,1970,3,28.0,46.0
39.0,33.4,1970,3,28.0416666667,46.0
39.2,33.3,1970,3,28.0833333333,46.01
39.3,33.2,1970,3,28.125,46.18
39.5,33.1,1970,3,28.1666666667,46.41
39.6,33.0,1970,3,28.2083333333,46.64
42.4,32.9,1970,3,28.25,47.13
44.5,32.8,1970,3,28.2916666667,47.64
46.4,32.7,1970,3,28.3333333333,48.11
49.4,32.6,1970,3,28.375,48.32
53.8,32.5,1970,3,28.4166666667,48.72
58.7,32.6,1970,3,28.4583333333,49.12
63.5,33.2,1970,3,28.5,49.95
67.3,34.5,1970,3,28.5416666667,50.0
70.4,36.3,1970,3,28.5833333333,50.0
72.7,38.5,1970,3,28.625,50.0
74.6,41.0,1970,3,28.6666666667,50.0
76.6,43.7,1970,3,28.7083333333,50.0
78.7,46.5,1970,3,28.75,50.0
81.0,49.6,1970,3,28.7916666667,50.0
83.2,52.7,1970,3,28.8333333333,50.0
84.8,56.0,1970,3,28.875,50.0
86.3,59.2,1970,3,28.9166666667,50.0
88.7,62.1,1970,3,28.9583333333,50.0
91.0,64.7,1970,3,29.0,50.3
95.8,66.9,1970,3,29.0416666667,50.4
99.3,68.9,1970,3,29.0833333333,50.4
105.0,70.4,1970,3,29.125,50.4
111.7,71.6,1970,3,29.1666666667,50.4
118.6,72.3,1970,3,29.2083333333,50.4
124.5,72.6,1970,3,29.25,50.4
128.7,72.2,1970,3,29.2916666667,50.4
130.8,71.1,1970,3,29.3333333333,50.4
129.8,69.7,1970,3,29.375,50.4
128.8,68.3,1970,3,29.4166666667,50.4
127.8,67.0,1970,3,29.4583333333,50.4
125.3,65.7,1970,3,29.5,50.4
122.1,64.5,1970,3,29.5416666667,50.4
118.7,63.4,1970,3,29.5833333333,50.4
114.7,62.3,1970,3,29.625,50.4
110.3,61.2,1970,3,29.6666666667,50.4
105.4,60.2,1970,3,29.7083333333,50.4
100.7,59.2,1970,3,29.75,50.4
96.1,58.3,1970,3,29.7916666667,50.4
90.7,57.4,1970,3,29.8333333333,50.4
86.9,56.5,1970,3,29.875,50.4
85.5,55.7,1970,3,29.9166666667,50.4
84.2,54.9,1970,3,29.9583333333,50.4
83.5,54.1,1970,3,30.0,50.4
81.7,53.4,1970,3,30.0416666667,50.4
80.4,52.7,1970,3,30.0833333333,50.4
79.3,52.0,1970,3,30.125,50.4
80.4,51.6,1970,3,30.1666666667,50.93
83.8,52.1,1970,3,30.2083333333,52.09
86.8,53.8,1970,3,30.25,52.33
98.8,56.6,1970,3,30.2916666667,52.81
113.5,60.6,1970,3,30.3333333333,53.2
120.4,65.4,1970,3,30.375,53.2
118.1,70.9,1970,3,30.4166666667,53.2
115.4,76.9,1970,3,30.4583333333,53.2
114.2,83.2,1970,3,30.5,53.2
116.4,90.0,1970,3,30.5416666667,53.2
120.3,96.9,1970,3,30.5833333333,53.2
127.6,103.9,1970,3,30.625,53.2
167.8,115.2,1970,3,30.6666666667,55.5
229.3,135.2,1970,3,30.7083333333,59.13
281.2,161.6,1970,3,30.75,59.43
320.7,192.6,1970,3,30.7916666667,59.91
384.8,227.4,1970,3,30.8333333333,60.5
515.5,265.0,1970,3,30.875,60.7
620.0,304.5,1970,3,30.9166666667,60.87
681.9,345.4,1970,3,30.9583333333,61.08
717.4,387.3,1970,3,31.0,61.36
753.4,431.0,1970,3,31.0416666667,62.1
785.8,477.9,1970,3,31.0833333333,63.51
843.4,526.9,1970,3,31.125,64.8
846.3,575.4,1970,3,31.1666666667,64.8
844.3,622.4,1970,3,31.2083333333,64.8
854.3,666.9,1970,3,31.25,64.8
872.7,708.1,1970,3,31.2916666667,64.8
886.1,745.5,1970,3,31.3333333333,64.8
897.1,778.6,1970,3,31.375,64.8
910.7,806.3,1970,3,31.4166666667,64.8
921.3,826.5,1970,3,31.4583333333,64.8
913.2,835.9,1970,3,31.5,64.8
889.5,837.2,1970,3,31.5416666667,64.8
855.9,835.2,1970,3,31.5833333333,65.0
810.4,830.2,1970,3,31.625,65.2
753.4,822.7,1970,3,31.6666666667,65.2
697.7,813.2,1970,3,31.7083333333,65.2
643.1,801.5,1970,3,31.75,65.2
593.5,787.3,1970,3,31.7916666667,65.2
545.4,769.8,1970,3,31.8333333333,65.2
501.6,748.5,1970,3,31.875,65.2
461.5,723.4,1970,3,31.9166666667,65.2
422.8,697.2,1970,3,31.9583333333,65.2
391.6,671.8,1970,3,32.0,65.2
364.3,647.4,1970,4,1.04166666667,65.2
340.7,624.0,1970,4,1.08333333333,65.2
322.4,601.6,1970,4,1.125,65.2
307.4,580.0,1970,4,1.16666666667,65.2
294.3,559.2,1970,4,1.20833333333,65.2
281.2,539.3,1970,4,1.25,65.2
269.2,520.1,1970,4,1.29166666667,65.2
257.3,501.6,1970,4,1.33333333333,65.2
245.4,483.7,1970,4,1.375,65.2
235.7,466.5,1970,4,1.41666666667,65.2
226.7,449.8,1970,4,1.45833333333,65.2
216.4,433.9,1970,4,1.5,65.2
207.5,418.6,1970,4,1.54166666667,65.2
197.0,403.9,1970,4,1.58333333333,65.2
188.1,389.8,1970,4,1.625,65.2
178.7,376.3,1970,4,1.66666666667,65.2
170.2,363.4,1970,4,1.70833333333,65.2
161.9,351.0,1970,4,1.75,65.2
154.0,339.1,1970,4,1.79166666667,65.2
147.5,327.7,1970,4,1.83333333333,65.2
141.3,316.7,1970,4,1.875,65.2
135.0,306.2,1970,4,1.91666666667,65.2
129.8,296.2,1970,4,1.95833333333,65.2
127.6,286.5,1970,4,2.0,65.2
119.9,277.3,1970,4,2.04166666667,65.2
115.6,268.4,1970,4,2.08333333333,65.2
111.7,259.9,1970,4,2.125,65.2
107.9,251.7,1970,4,2.16666666667,65.2
104.2,243.8,1970,4,2.20833333333,65.2
100.7,236.3,1970,4,2.25,65.2
100.0,229.1,1970,4,2.29166666667,65.2
102.8,222.2,1970,4,2.33333333333,65.5
104.1,215.6,1970,4,2.375,66.0
105.5,209.2,1970,4,2.41666666667,66.0
107.3,203.1,1970,4,2.45833333333,66.0
109.9,197.2,1970,4,2.5,66.0
108.7,191.6,1970,4,2.54166666667,66.0
107.2,186.2,1970,4,2.58333333333,66.0
106.6,181.0,1970,4,2.625,66.0
107.5,176.1,1970,4,2.66666666667,66.0
108.4,171.3,1970,4,2.70833333333,66.0
109.3,166.7,1970,4,2.75,66.0
110.7,162.4,1970,4,2.79166666667,66.0
113.1,158.1,1970,4,2.83333333333,66.0
110.8,154.1,1970,4,2.875,66.0
109.2,150.2,1970,4,2.91666666667,66.0
107.3,146.5,1970,4,2.95833333333,66.0
106.3,142.9,1970,4,3.0,66.0
103.3,139.5,1970,4,3.04166666667,66.0
101.6,136.2,1970,4,3.08333333333,66.0
99.6,133.0,1970,4,3.125,66.0
97.9,130.0,1970,4,3.16666666667,66.0
96.4,127.0,1970,4,3.20833333333,66.0
94.9,124.0,1970,4,3.25,66.0
94.0,121.3,1970,4,3.29166666667,66.0
93.1,118.7,1970,4,3.33333333333,66.0
92.1,116.3,1970,4,3.375,66.0
91.2,113.9,1970,4,3.41666666667,66.0
89.7,111.6,1970,4,3.45833333333,66.0
88.1,109.4,1970,4,3.5,66.0
86.8,107.3,1970,4,3.54166666667,66.0
86.0,105.3,1970,4,3.58333333333,66.0
85.4,103.3,1970,4,3.625,66.0
84.4,101.4,1970,4,3.66666666667,66.0
83.5,99.6,1970,4,3.70833333333,66.0
82.6,97.9,1970,4,3.75,66.0
81.6,96.2,1970,4,3.79166666667,66.0
80.7,94.6,1970,4,3.83333333333,66.0
79.8,93.1,1970,4,3.875,66.0
78.9,91.6,1970,4,3.91666666667,66.0
78.1,90.2,1970,4,3.95833333333,66.0
77.9,88.8,1970,4,4.0,66.0
76.4,87.5,1970,4,4.04166666667,66.0
75.6,86.2,1970,4,4.08333333333,66.0
74.7,84.9,1970,4,4.125,66.0
73.8,83.8,1970,4,4.16666666667,66.0
73.0,82.6,1970,4,4.20833333333,66.0
72.1,81.5,1970,4,4.25,66.0
71.2,80.4,1970,4,4.29166666667,66.0
70.4,79.4,1970,4,4.33333333333,66.0
69.5,78.4,1970,4,4.375,66.0
68.7,77.5,1970,4,4.41666666667,66.0
68.0,76.5,1970,4,4.45833333333,66.0
67.3,75.7,1970,4,4.5,66.0
66.5,74.8,1970,4,4.54166666667,66.0
65.8,74.0,1970,4,4.58333333333,66.0
65.1,73.2,1970,4,4.625,66.0
64.2,72.4,1970,4,4.66666666667,66.0
63.6,71.6,1970,4,4.70833333333,66.0
63.0,70.9,1970,4,4.75,66.0
62.4,70.2,1970,4,4.79166666667,66.0
61.9,69.5,1970,4,4.83333333333,66.0
61.4,68.8,1970,4,4.875,66.0
60.9,68.0,1970,4,4.91666666667,66.0
60.4,67.2,1970,4,4.95833333333,66.0
60.3,66.6,1970,4,5.0,66.0
59.9,65.8,1970,4,5.04166666667,66.0
59.4,65.2,1970,4,5.08333333333,66.0
59.1,64.7,1970,4,5.125,66.0
58.9,64.2,1970,4,5.16666666667,66.0
58.6,63.7,1970,4,5.20833333333,66.0
58.4,63.2,1970,4,5.25,66.0
58.2,62.7,1970,4,5.29166666667,66.0
58.1,62.3,1970,4,5.33333333333,66.0
57.9,61.8,1970,4,5.375,66.0
57.8,58.4,1970,4,5.41666666667,66.0
57.6,57.7,1970,4,5.45833333333,66.0
58.1,57.5,1970,4,5.5,66.0
58.1,56.7,1970,4,5.54166666667,66.0
57.8,56.5,1970,4,5.58333333333,66.0
58.2,56.2,1970,4,5.625,66.4
57.7,55.9,1970,4,5.66666666667,66.4
58.3,55.6,1970,4,5.70833333333,66.4
57.9,55.3,1970,4,5.75,66.4
58.4,54.4,1970,4,5.79166666667,66.4
58.4,53.1,1970,4,5.83333333333,66.4
58.4,52.8,1970,4,5.875,66.4
58.4,52.6,1970,4,5.91666666667,66.4
58.4,52.5,1970,4,5.95833333333,66.4
58.4,52.3,1970,4,6.0,66.4
58.6,52.1,1970,4,6.04166666667,66.4
58.9,52.0,1970,4,6.08333333333,66.4
59.1,51.8,1970,4,6.125,66.4
59.3,51.7,1970,4,6.16666666667,66.4
58.4,51.5,1970,4,6.20833333333,66.4
59.4,51.4,1970,4,6.25,66.4
59.3,51.2,1970,4,6.29166666667,66.4
59.2,51.0,1970,4,6.33333333333,66.4
59.1,50.8,1970,4,6.375,66.4
59.1,50.7,1970,4,6.41666666667,66.4
59.0,50.5,1970,4,6.45833333333,66.8
58.9,50.3,1970,4,6.5,66.8
58.8,50.2,1970,4,6.54166666667,66.8
58.8,50.0,1970,4,6.58333333333,66.8
58.7,49.9,1970,4,6.625,66.8
58.6,49.7,1970,4,6.66666666667,66.8
58.6,49.5,1970,4,6.70833333333,66.8
58.5,49.4,1970,4,6.75,66.8
58.4,49.2,1970,4,6.79166666667,66.8
58.1,49.0,1970,4,6.83333333333,66.8
57.9,48.9,1970,4,6.875,66.8
57.7,48.7,1970,4,6.91666666667,66.8
57.5,48.5,1970,4,6.95833333333,66.8
57.5,48.4,1970,4,7.0,66.8
57.1,48.2,1970,4,7.04166666667,66.8
56.7,48.0,1970,4,7.08333333333,66.8
56.4,47.9,1970,4,7.125,66.8
56.0,47.7,1970,4,7.16666666667,66.8
55.6,47.5,1970,4,7.20833333333,66.8
55.2,47.3,1970,4,7.25,66.8
54.8,47.2,1970,4,7.29166666667,66.8
54.4,47.0,1970,4,7.33333333333,66.8
54.0,46.8,1970,4,7.375,66.8
53.6,46.7,1970,4,7.41666666667,66.8
53.1,46.5,1970,4,7.45833333333,66.8
52.6,46.3,1970,4,7.5,66.8
52.0,46.1,1970,4,7.54166666667,66.8
51.6,46.0,1970,4,7.58333333333,66.8
51.1,45.8,1970,4,7.625,66.8
50.6,45.6,1970,4,7.66666666667,66.8
50.0,45.4,1970,4,7.70833333333,66.8
49.5,45.3,1970,4,7.75,66.8
49.0,45.1,1970,4,7.79166666667,66.8
48.4,44.9,1970,4,7.83333333333,66.8
47.9,44.8,1970,4,7.875,66.8
47.4,44.6,1970,4,7.91666666667,66.8
47.0,44.4,1970,4,7.95833333333,66.8
46.8,44.2,1970,4,8.0,66.8
46.2,44.1,1970,4,8.04166666667,66.8
45.7,43.9,1970,4,8.08333333333,66.8
45.3,43.7,1970,4,8.125,66.8
45.0,43.5,1970,4,8.16666666667,66.8
44.6,43.4,1970,4,8.20833333333,66.8
44.3,43.2,1970,4,8.25,66.8
44.0,43.0,1970,4,8.29166666667,66.8
43.7,42.8,1970,4,8.33333333333,66.8
43.5,42.7,1970,4,8.375,66.8
43.2,42.5,1970,4,8.41666666667,66.8
43.0,42.3,1970,4,8.45833333333,66.8
42.8,42.2,1970,4,8.5,66.8
42.5,42.0,1970,4,8.54166666667,66.8
42.2,41.8,1970,4,8.58333333333,66.8
41.9,41.6,1970,4,8.625,66.8
41.7,41.5,1970,4,8.66666666667,66.8
41.4,41.3,1970,4,8.70833333333,66.8
42.0,41.1,1970,4,8.75,66.8
40.9,41.0,1970,4,8.79166666667,66.8
40.7,40.8,1970,4,8.83333333333,66.8
40.4,40.6,1970,4,8.875,66.8
40.4,40.4,1970,4,8.91666666667,66.8
40.4,40.3,1970,4,8.95833333333,66.8
40.4,40.1,1970,4,9.0,66.8
39.5,39.9,1970,4,9.04166666667,66.8
39.4,39.8,1970,4,9.08333333333,66.8
39.2,39.6,1970,4,9.125,66.8
39.1,39.4,1970,4,9.16666666667,66.8
39.0,39.3,1970,4,9.20833333333,66.8
38.8,39.1,1970,4,9.25,66.8
38.8,38.9,1970,4,9.29166666667,66.8
38.7,38.8,1970,4,9.33333333333,66.8
38.7,38.6,1970,4,9.375,66.8
38.6,38.4,1970,4,9.41666666667,66.8
38.5,38.3,1970,4,9.45833333333,66.8
38.5,38.1,1970,4,9.5,66.8
38.4,37.9,1970,4,9.54166666667,66.8
38.4,37.8,1970,4,9.58333333333,66.8
38.3,37.6,1970,4,9.625,66.8
38.3,37.4,1970,4,9.66666666667,66.8
38.2,37.3,1970,4,9.70833333333,66.8
38.1,37.1,1970,4,9.75,66.8
38.1,36.9,1970,4,9.79166666667,66.8
38.1,36.8,1970,4,9.83333333333,66.8
38.1,36.6,1970,4,9.875,66.8
38.1,36.5,1970,4,9.91666666667,66.8
38.1,36.3,1970,4,9.95833333333,66.8
38.1,36.1,1970,4,10.0,66.8
37.4,36.0,1970,4,10.0416666667,66.8
37.3,35.8,1970,4,10.0833333333,66.8
37.3,35.6,1970,4,10.125,66.8
37.2,35.5,1970,4,10.1666666667,66.8
37.2,35.3,1970,4,10.2083333333,66.8
37.1,35.2,1970,4,10.25,66.8
37.1,35.0,1970,4,10.2916666667,66.8
37.0,34.9,1970,4,10.3333333333,66.8
37.0,34.7,1970,4,10.375,66.8
36.9,34.5,1970,4,10.4166666667,66.8
36.9,34.4,1970,4,10.4583333333,66.8
36.8,34.2,1970,4,10.5,66.8
36.8,34.1,1970,4,10.5416666667,66.8
36.7,33.9,1970,4,10.5833333333,66.8
36.7,33.8,1970,4,10.625,66.8
36.7,33.6,1970,4,10.6666666667,66.8
36.6,33.5,1970,4,10.7083333333,66.8
36.6,33.3,1970,4,10.75,66.8
36.6,33.2,1970,4,10.7916666667,66.8
36.6,33.0,1970,4,10.8333333333,66.8
36.6,32.9,1970,4,10.875,66.8
36.6,32.7,1970,4,10.9166666667,66.8
36.6,32.5,1970,4,10.9583333333,66.8
36.6,32.4,1970,4,11.0,66.8
36.4,32.3,1970,4,11.0416666667,66.8
36.1,32.1,1970,4,11.0833333333,66.8
36.0,32.0,1970,4,11.125,66.8
36.2,31.8,1970,4,11.1666666667,66.8
36.4,31.7,1970,4,11.2083333333,66.8
36.6,31.5,1970,4,11.25,66.8
36.1,31.4,1970,4,11.2916666667,66.8
36.5,31.2,1970,4,11.3333333333,66.8
36.5,31.1,1970,4,11.375,66.8
36.4,30.9,1970,4,11.4166666667,66.8
36.3,30.8,1970,4,11.4583333333,66.8
36.2,30.6,1970,4,11.5,66.8
36.1,30.5,1970,4,11.5416666667,66.8
36.0,30.4,1970,4,11.5833333333,66.8
35.9,30.2,1970,4,11.625,66.8
35.8,30.1,1970,4,11.6666666667,66.8
35.7,29.9,1970,4,11.7083333333,66.8
35.6,29.8,1970,4,11.75,66.8
35.5,29.7,1970,4,11.7916666667,66.8
35.3,29.5,1970,4,11.8333333333,66.8
35.2,29.4,1970,4,11.875,66.8
35.2,29.2,1970,4,11.9166666667,66.8
35.2,29.1,1970,4,11.9583333333,66.8
35.2,29.0,1970,4,12.0,66.8
35.8,28.8,1970,4,12.0416666667,66.9
36.4,28.7,1970,4,12.0833333333,67.06
37.1,28.6,1970,4,12.125,67.22
37.9,28.4,1970,4,12.1666666667,67.34
38.4,28.3,1970,4,12.2083333333,67.47
38.9,28.2,1970,4,12.25,67.58
39.6,28.0,1970,4,12.2916666667,67.6
40.5,27.9,1970,4,12.3333333333,67.6
41.0,27.8,1970,4,12.375,67.6
41.4,27.6,1970,4,12.4166666667,67.6
41.7,27.5,1970,4,12.4583333333,67.6
42.0,27.4,1970,4,12.5,67.6
42.4,27.2,1970,4,12.5416666667,67.6
42.7,27.1,1970,4,12.5833333333,67.6
43.0,27.0,1970,4,12.625,67.6
43.3,26.9,1970,4,12.6666666667,67.6
43.6,26.7,1970,4,12.7083333333,67.6
43.6,26.6,1970,4,12.75,67.6
43.6,26.5,1970,4,12.7916666667,67.6
43.6,26.4,1970,4,12.8333333333,67.6
43.6,26.2,1970,4,12.875,67.6
43.6,26.1,1970,4,12.9166666667,67.6
43.6,26.0,1970,4,12.9583333333,67.6
43.6,25.9,1970,4,13.0,67.6
43.7,25.7,1970,4,13.0416666667,67.6
43.8,25.6,1970,4,13.0833333333,67.6
43.9,25.5,1970,4,13.125,67.6
44.0,25.4,1970,4,13.1666666667,67.6
44.1,25.2,1970,4,13.2083333333,67.6
44.2,25.1,1970,4,13.25,67.6
44.3,25.0,1970,4,13.2916666667,67.6
44.3,24.9,1970,4,13.3333333333,67.6
44.2,24.8,1970,4,13.375,67.6
44.2,24.7,1970,4,13.4166666667,67.6
44.1,24.5,1970,4,13.4583333333,67.6
44.0,24.4,1970,4,13.5,67.6
43.9,24.3,1970,4,13.5416666667,67.6
43.9,24.2,1970,4,13.5833333333,67.6
43.8,24.1,1970,4,13.625,67.6
43.7,24.0,1970,4,13.6666666667,67.6
43.6,23.8,1970,4,13.7083333333,67.6
43.6,23.7,1970,4,13.75,67.6
42.5,23.6,1970,4,13.7916666667,67.6
42.2,23.5,1970,4,13.8333333333,67.6
41.8,23.4,1970,4,13.875,67.6
41.5,23.3,1970,4,13.9166666667,67.6
41.2,23.2,1970,4,13.9583333333,67.6
41.2,23.1,1970,4,14.0,67.6
40.7,22.9,1970,4,14.0416666667,67.6
40.3,22.8,1970,4,14.0833333333,67.6
40.0,22.7,1970,4,14.125,67.6
39.8,22.6,1970,4,14.1666666667,67.6
39.5,22.5,1970,4,14.2083333333,67.6
39.3,22.4,1970,4,14.25,67.6
39.1,22.3,1970,4,14.2916666667,67.6
38.9,22.2,1970,4,14.3333333333,67.6
38.7,22.1,1970,4,14.375,67.6
38.4,22.0,1970,4,14.4166666667,67.6
38.1,21.9,1970,4,14.4583333333,67.6
37.8,21.8,1970,4,14.5,67.6
37.5,21.7,1970,4,14.5416666667,67.6
37.1,21.6,1970,4,14.5833333333,67.6
36.7,21.5,1970,4,14.625,67.6
36.3,21.4,1970,4,14.6666666667,67.6
35.8,21.3,1970,4,14.7083333333,67.6
35.4,21.2,1970,4,14.75,67.6
35.0,21.1,1970,4,14.7916666667,67.6
34.6,21.0,1970,4,14.8333333333,67.6
34.3,20.9,1970,4,14.875,67.6
33.9,20.8,1970,4,14.9166666667,67.6
33.8,20.7,1970,4,14.9583333333,67.6
33.8,20.6,1970,4,15.0,67.6
32.8,20.5,1970,4,15.0416666667,67.6
32.5,20.4,1970,4,15.0833333333,67.6
32.2,20.3,1970,4,15.125,67.6
31.9,20.2,1970,4,15.1666666667,67.6
31.6,20.1,1970,4,15.2083333333,67.6
31.4,20.0,1970,4,15.25,67.6
31.1,19.9,1970,4,15.2916666667,67.6
30.9,19.8,1970,4,15.3333333333,67.6
30.7,19.7,1970,4,15.375,67.6
30.4,19.6,1970,4,15.4166666667,67.6
30.2,19.5,1970,4,15.4583333333,67.6
30.0,19.4,1970,4,15.5,67.6
29.7,19.3,1970,4,15.5416666667,67.6
29.5,19.2,1970,4,15.5833333333,67.6
29.2,19.2,1970,4,15.625,67.6
28.9,19.1,1970,4,15.6666666667,67.6
28.7,19.0,1970,4,15.7083333333,67.6
28.4,18.9,1970,4,15.75,67.6
28.2,18.8,1970,4,15.7916666667,67.6
27.9,18.7,1970,4,15.8333333333,67.6
27.7,18.6,1970,4,15.875,67.6
27.4,18.5,1970,4,15.9166666667,67.6
27.2,18.4,1970,4,15.9583333333,67.6
27.2,18.4,1970,4,16.0,67.6
26.8,18.3,1970,4,16.0416666667,67.6
26.5,18.2,1970,4,16.0833333333,67.6
26.3,18.1,1970,4,16.125,67.6
26.1,18.0,1970,4,16.1666666667,67.6
26.0,17.9,1970,4,16.2083333333,67.6
25.8,17.8,1970,4,16.25,67.6
25.7,17.8,1970,4,16.2916666667,67.6
25.6,17.7,1970,4,16.3333333333,67.6
25.5,17.6,1970,4,16.375,67.6
25.3,17.5,1970,4,16.4166666667,67.6
25.2,17.4,1970,4,16.4583333333,67.6
25.0,17.4,1970,4,16.5,67.6
24.9,17.3,1970,4,16.5416666667,67.6
24.7,17.2,1970,4,16.5833333333,67.6
24.5,17.1,1970,4,16.625,67.6
24.3,17.0,1970,4,16.6666666667,67.6
24.1,17.0,1970,4,16.7083333333,67.6
24.0,16.9,1970,4,16.75,67.6
23.8,16.8,1970,4,16.7916666667,67.6
23.6,16.7,1970,4,16.8333333333,67.6
23.6,16.6,1970,4,16.875,67.6
23.6,16.6,1970,4,16.9166666667,67.6
23.6,16.5,1970,4,16.9583333333,67.6
23.6,16.4,1970,4,17.0,67.6
23.0,16.3,1970,4,17.0416666667,67.6
22.9,16.3,1970,4,17.0833333333,67.6
22.9,16.2,1970,4,17.125,67.6
22.9,16.1,1970,4,17.1666666667,67.6
22.9,16.0,1970,4,17.2083333333,67.6
22.8,16.0,1970,4,17.25,67.6
22.8,15.9,1970,4,17.2916666667,67.6
22.8,15.8,1970,4,17.3333333333,67.6
22.7,15.7,1970,4,17.375,67.6
22.7,15.7,1970,4,17.4166666667,67.6
22.7,15.6,1970,4,17.4583333333,67.6
22.7,15.5,1970,4,17.5,67.6
22.6,15.5,1970,4,17.5416666667,67.6
22.6,15.4,1970,4,17.5833333333,67.6
22.6,15.3,1970,4,17.625,67.6
22.5,15.2,1970,4,17.6666666667,67.6
22.5,15.2,1970,4,17.7083333333,67.6
22.5,15.1,1970,4,17.75,67.6
22.5,15.0,1970,4,17.7916666667,67.6
22.4,15.0,1970,4,17.8333333333,67.6
21.9,14.9,1970,4,17.875,67.6
21.9,14.8,1970,4,17.9166666667,67.6
21.9,14.8,1970,4,17.9583333333,67.6
21.9,14.7,1970,4,18.0,67.6
21.6,14.6,1970,4,18.0416666667,67.6
21.4,14.6,1970,4,18.0833333333,67.6
21.4,14.5,1970,4,18.125,67.6
21.6,14.4,1970,4,18.1666666667,67.6
21.7,14.4,1970,4,18.2083333333,67.6
21.9,14.3,1970,4,18.25,67.6
22.1,14.2,1970,4,18.2916666667,67.6
22.2,14.2,1970,4,18.3333333333,67.6
22.4,14.1,1970,4,18.375,67.6
22.4,14.0,1970,4,18.4166666667,67.6
22.4,14.0,1970,4,18.4583333333,67.6
22.3,13.9,1970,4,18.5,67.6
22.3,13.9,1970,4,18.5416666667,67.6
22.2,13.8,1970,4,18.5833333333,67.6
22.2,13.7,1970,4,18.625,67.6
22.2,13.7,1970,4,18.6666666667,67.6
22.1,13.6,1970,4,18.7083333333,67.6
22.1,13.5,1970,4,18.75,67.6
22.1,13.5,1970,4,18.7916666667,67.6
22.0,13.4,1970,4,18.8333333333,67.6
22.0,13.4,1970,4,18.875,67.6
21.9,13.3,1970,4,18.9166666667,67.6
21.9,13.2,1970,4,18.9583333333,67.6
21.9,13.2,1970,4,19.0,67.6
21.8,13.1,1970,4,19.0416666667,67.6
21.8,13.1,1970,4,19.0833333333,67.6
21.8,13.0,1970,4,19.125,67.6
21.7,13.0,1970,4,19.1666666667,67.6
21.7,12.9,1970,4,19.2083333333,67.6
21.7,12.8,1970,4,19.25,67.6
21.6,12.8,1970,4,19.2916666667,67.6
21.6,12.7,1970,4,19.3333333333,67.6
21.6,12.7,1970,4,19.375,67.6
21.5,12.6,1970,4,19.4166666667,67.6
21.5,12.6,1970,4,19.4583333333,67.6
21.5,12.5,1970,4,19.5,67.6
21.4,12.5,1970,4,19.5416666667,67.6
21.4,12.4,1970,4,19.5833333333,67.6
21.3,12.3,1970,4,19.625,67.6
20.8,12.3,1970,4,19.6666666667,67.6
20.6,12.2,1970,4,19.7083333333,67.6
20.3,12.2,1970,4,19.75,67.6
20.1,12.1,1970,4,19.7916666667,67.6
20.0,12.1,1970,4,19.8333333333,67.6
19.8,12.0,1970,4,19.875,67.6
19.9,12.0,1970,4,19.9166666667,67.6
20.1,11.9,1970,4,19.9583333333,67.91
22.4,11.9,1970,4,20.0,69.76
25.3,11.8,1970,4,20.0416666667,70.4
26.3,11.8,1970,4,20.0833333333,70.4
27.3,11.7,1970,4,20.125,70.4
28.9,11.7,1970,4,20.1666666667,70.4
30.9,11.6,1970,4,20.2083333333,70.4
32.3,11.6,1970,4,20.25,70.4
32.9,11.5,1970,4,20.2916666667,70.4
33.4,11.5,1970,4,20.3333333333,70.4
33.8,11.4,1970,4,20.375,70.4
34.4,11.4,1970,4,20.4166666667,70.4
35.0,11.3,1970,4,20.4583333333,70.4
35.6,11.3,1970,4,20.5,70.4
36.2,11.2,1970,4,20.5416666667,70.4
36.7,11.2,1970,4,20.5833333333,70.4
37.0,11.1,1970,4,20.625,70.4
37.3,11.1,1970,4,20.6666666667,70.4
37.6,11.0,1970,4,20.7083333333,70.4
37.8,11.0,1970,4,20.75,70.4
38.0,10.9,1970,4,20.7916666667,70.4
38.3,10.9,1970,4,20.8333333333,70.4
38.7,10.9,1970,4,20.875,70.4
39.4,10.8,1970,4,20.9166666667,70.4
40.1,10.8,1970,4,20.9583333333,70.4
40.4,10.7,1970,4,21.0,70.4
41.7,10.7,1970,4,21.0416666667,70.4
42.4,10.6,1970,4,21.0833333333,70.4
43.0,10.6,1970,4,21.125,70.4
43.6,10.5,1970,4,21.1666666667,70.4
43.8,10.5,1970,4,21.2083333333,70.4
44.1,10.5,1970,4,21.25,70.4
44.3,10.4,1970,4,21.2916666667,70.4
43.9,10.4,1970,4,21.3333333333,70.4
43.4,10.3,1970,4,21.375,70.4
43.1,10.3,1970,4,21.4166666667,70.4
42.8,10.2,1970,4,21.4583333333,70.4
42.1,10.2,1970,4,21.5,70.4
41.2,10.2,1970,4,21.5416666667,70.4
40.3,10.1,1970,4,21.5833333333,70.4
39.4,10.1,1970,4,21.625,70.4
38.5,10.0,1970,4,21.6666666667,70.4
37.5,10.0,1970,4,21.7083333333,70.4
36.6,10.0,1970,4,21.75,70.4
35.7,9.9,1970,4,21.7916666667,70.4
34.9,9.9,1970,4,21.8333333333,70.4
34.1,9.8,1970,4,21.875,70.4
33.3,9.8,1970,4,21.9166666667,70.4
32.6,9.8,1970,4,21.9583333333,70.4
32.4,9.7,1970,4,22.0,70.4
31.2,9.7,1970,4,22.0416666667,70.4
30.6,9.6,1970,4,22.0833333333,70.4
30.0,9.6,1970,4,22.125,70.4
29.4,9.6,1970,4,22.1666666667,70.4
28.9,9.5,1970,4,22.2083333333,70.4
28.4,9.5,1970,4,22.25,70.4
27.8,9.4,1970,4,22.2916666667,70.4
27.4,9.4,1970,4,22.3333333333,70.4
26.9,9.4,1970,4,22.375,70.4
26.5,9.3,1970,4,22.4166666667,70.4
26.0,9.3,1970,4,22.4583333333,70.4
25.6,9.3,1970,4,22.5,70.4
25.1,9.2,1970,4,22.5416666667,70.4
24.6,9.2,1970,4,22.5833333333,70.4
24.1,9.1,1970,4,22.625,70.4
23.6,9.1,1970,4,22.6666666667,70.4
23.2,9.1,1970,4,22.7083333333,70.4
22.8,9.0,1970,4,22.75,70.4
22.4,9.0,1970,4,22.7916666667,70.4
22.1,9.0,1970,4,22.8333333333,70.4
21.7,8.9,1970,4,22.875,70.4
21.4,8.9,1970,4,22.9166666667,70.4
21.1,8.9,1970,4,22.9583333333,70.4
20.8,8.8,1970,4,23.0,70.4
20.3,8.8,1970,4,23.0416666667,70.4
20.0,8.8,1970,4,23.0833333333,70.4
19.7,8.7,1970,4,23.125,70.4
19.4,8.7,1970,4,23.1666666667,70.4
19.2,8.7,1970,4,23.2083333333,70.4
18.9,8.6,1970,4,23.25,70.4
18.6,8.6,1970,4,23.2916666667,70.4
18.4,8.6,1970,4,23.3333333333,70.4
18.2,8.5,1970,4,23.375,70.4
18.0,8.5,1970,4,23.4166666667,70.4
17.8,8.5,1970,4,23.4583333333,70.4
17.5,8.4,1970,4,23.5,70.4
17.3,8.4,1970,4,23.5416666667,70.4
17.0,8.4,1970,4,23.5833333333,70.4
16.6,8.3,1970,4,23.625,70.4
16.3,8.3,1970,4,23.6666666667,70.4
16.0,8.3,1970,4,23.7083333333,70.4
15.7,8.2,1970,4,23.75,70.4
15.4,8.2,1970,4,23.7916666667,70.4
15.2,8.2,1970,4,23.8333333333,70.4
15.0,8.1,1970,4,23.875,70.4
14.9,8.1,1970,4,23.9166666667,70.4
14.9,8.1,1970,4,23.9583333333,70.4
14.9,8.0,1970,4,24.0,70.4
14.3,8.0,1970,4,24.0416666667,70.4
14.2,8.0,1970,4,24.0833333333,70.4
14.0,8.0,1970,4,24.125,70.4
14.0,7.9,1970,4,24.1666666667,70.4
13.9,7.9,1970,4,24.2083333333,70.4
13.9,7.9,1970,4,24.25,70.4
13.8,7.8,1970,4,24.2916666667,70.4
13.8,7.8,1970,4,24.3333333333,70.4
13.7,7.8,1970,4,24.375,70.4
13.7,7.8,1970,4,24.4166666667,70.4
13.7,7.7,1970,4,24.4583333333,70.4
13.6,7.7,1970,4,24.5,70.4
13.6,7.7,1970,4,24.5416666667,70.4
13.1,7.6,1970,4,24.5833333333,70.4
12.9,7.6,1970,4,24.625,70.4
12.7,7.6,1970,4,24.6666666667,70.4
12.5,7.6,1970,4,24.7083333333,70.4
12.3,7.5,1970,4,24.75,70.4
12.2,7.5,1970,4,24.7916666667,70.4
12.1,7.5,1970,4,24.8333333333,70.4
12.1,7.4,1970,4,24.875,70.4
12.0,7.4,1970,4,24.9166666667,70.4
11.9,7.4,1970,4,24.9583333333,70.4
11.5,7.4,1970,4,25.0,70.4
11.4,7.3,1970,4,25.0416666667,70.4
11.3,7.3,1970,4,25.0833333333,70.4
11.2,7.3,1970,4,25.125,70.4
11.1,7.3,1970,4,25.1666666667,70.4
11.1,7.2,1970,4,25.2083333333,70.4
11.1,7.2,1970,4,25.25,70.4
11.0,7.2,1970,4,25.2916666667,70.4
11.0,7.2,1970,4,25.3333333333,70.4
11.0,7.1,1970,4,25.375,70.4
11.0,7.1,1970,4,25.4166666667,70.4
10.9,7.1,1970,4,25.4583333333,70.4
10.9,7.1,1970,4,25.5,70.4
10.9,7.0,1970,4,25.5416666667,70.4
10.9,7.0,1970,4,25.5833333333,70.4
10.8,7.0,1970,4,25.625,70.4
10.8,7.0,1970,4,25.6666666667,70.4
10.8,6.9,1970,4,25.7083333333,70.4
10.8,6.9,1970,4,25.75,70.4
10.4,6.9,1970,4,25.7916666667,70.4
10.4,6.9,1970,4,25.8333333333,70.4
10.4,6.8,1970,4,25.875,70.4
10.4,6.8,1970,4,25.9166666667,70.4
10.4,6.8,1970,4,25.9583333333,70.4
10.4,6.8,1970,4,26.0,70.4
10.4,6.7,1970,4,26.0416666667,70.4
10.4,6.7,1970,4,26.0833333333,70.4
10.5,6.7,1970,4,26.0833333333,70.4
10.5,6.7,1970,4,26.1666666667,70.4
10.5,6.7,1970,4,26.2083333333,70.4
10.5,6.6,1970,4,26.25,70.4
10.6,6.6,1970,4,26.2916666667,70.4
10.6,6.6,1970,4,26.3333333333,70.4
10.6,6.6,1970,4,26.375,70.4
10.6,6.5,1970,4,26.4166666667,70.4
10.6,6.5,1970,4,26.4583333333,70.4
10.7,6.5,1970,4,26.5,70.4
10.7,6.5,1970,4,26.5416666667,70.4
10.7,6.4,1970,4,26.5833333333,70.4
10.7,6.4,1970,4,26.625,70.4
10.5,6.4,1970,4,26.6666666667,70.4
10.6,6.4,1970,4,26.7083333333,70.4
10.7,6.4,1970,4,26.75,70.4
11.3,6.3,1970,4,26.7916666667,70.7
11.5,6.3,1970,4,26.8333333333,70.8
11.5,6.3,1970,4,26.875,70.8
11.5,6.3,1970,4,26.9166666667,70.8
11.5,6.3,1970,4,26.9583333333,70.8
11.5,6.2,1970,4,27.0,70.8
11.8,6.2,1970,4,27.0416666667,70.8
11.9,6.2,1970,4,27.0833333333,70.8
12.0,6.2,1970,4,27.125,70.8
12.0,6.2,1970,4,27.1666666667,70.8
12.1,6.1,1970,4,27.2083333333,70.8
12.1,6.1,1970,4,27.25,70.8
12.2,6.1,1970,4,27.2916666667,70.8
12.2,6.1,1970,4,27.3333333333,70.8
12.3,6.1,1970,4,27.375,70.8
12.7,6.0,1970,4,27.4166666667,70.8
12.7,6.0,1970,4,27.4583333333,70.8
12.7,6.0,1970,4,27.5,70.8
12.7,6.0,1970,4,27.5416666667,70.8
12.7,6.0,1970,4,27.5833333333,70.8
12.7,5.9,1970,4,27.625,70.8
12.7,5.9,1970,4,27.6666666667,70.8
12.7,5.9,1970,4,27.7083333333,70.8
12.7,5.9,1970,4,27.75,70.8
12.7,5.9,1970,4,27.7916666667,70.8
12.7,5.8,1970,4,27.8333333333,70.8
12.7,5.8,1970,4,27.875,70.8
12.7,5.8,1970,4,27.9166666667,70.8
12.7,5.8,1970,4,27.9583333333,70.8
12.7,5.8,1970,4,28.0,70.8
12.8,5.7,1970,4,28.0416666667,70.8
12.9,5.7,1970,4,28.0833333333,70.8
13.1,5.7,1970,4,28.125,70.8
13.2,5.7,1970,4,28.1666666667,70.8
13.3,5.7,1970,4,28.2083333333,70.8
13.4,5.7,1970,4,28.25,70.8
13.5,5.6,1970,4,28.2916666667,70.8
13.5,5.6,1970,4,28.3333333333,70.8
13.5,5.6,1970,4,28.375,70.8
13.4,5.6,1970,4,28.4166666667,70.8
13.4,5.6,1970,4,28.4583333333,70.8
13.3,5.5,1970,4,28.5,70.8
13.3,5.5,1970,4,28.5416666667,70.8
13.2,5.5,1970,4,28.5833333333,70.8
13.1,5.5,1970,4,28.625,70.8
12.6,5.5,1970,4,28.6666666667,70.8
12.3,5.5,1970,4,28.7083333333,70.8
12.2,5.4,1970,4,28.75,70.8
12.0,5.4,1970,4,28.7916666667,70.8
11.9,5.4,1970,4,28.8333333333,70.8
11.8,5.4,1970,4,28.875,70.8
11.7,5.4,1970,4,28.9166666667,70.8
11.6,5.4,1970,4,28.9583333333,70.8
11.5,5.3,1970,4,29.0,70.8
11.3,5.3,1970,4,29.0416666667,70.8
11.1,5.3,1970,4,29.0833333333,70.8
11.0,5.3,1970,4,29.125,70.8
11.0,5.3,1970,4,29.1666666667,70.8
10.9,5.3,1970,4,29.2083333333,70.8
10.8,5.2,1970,4,29.25,70.8
10.7,5.2,1970,4,29.2916666667,70.8
10.7,5.2,1970,4,29.3333333333,70.8
10.6,5.2,1970,4,29.375,70.8
10.6,5.2,1970,4,29.4166666667,70.8
10.5,5.2,1970,4,29.4583333333,70.8
10.5,5.2,1970,4,29.5,70.8
10.4,5.1,1970,4,29.5416666667,70.8
10.4,5.1,1970,4,29.5833333333,70.8
9.9,5.1,1970,4,29.625,70.8
9.8,5.1,1970,4,29.6666666667,70.8
9.7,5.1,1970,4,29.7083333333,70.8
9.3,5.1,1970,4,29.75,70.8
9.1,5.0,1970,4,29.7916666667,70.8
9.0,5.0,1970,4,29.8333333333,70.8
8.9,5.0,1970,4,29.875,70.8
8.8,5.0,1970,4,29.9166666667,70.8
8.7,5.0,1970,4,29.9583333333,70.8
8.6,5.0,1970,4,30.0,70.8
8.5,5.0,1970,4,30.0416666667,70.8
8.4,4.9,1970,4,30.0833333333,70.8
8.3,4.9,1970,4,30.125,70.8
8.3,4.9,1970,4,30.1666666667,70.8
8.2,4.9,1970,4,30.2083333333,70.8
8.2,4.9,1970,4,30.25,70.8
8.1,4.9,1970,4,30.2916666667,70.8
8.1,4.9,1970,4,30.3333333333,70.8
8.1,4.8,1970,4,30.375,70.8
8.0,4.8,1970,4,30.4166666667,70.8
8.0,4.8,1970,4,30.4583333333,70.8
7.7,4.8,1970,4,30.5,70.8
7.6,4.8,1970,4,30.5416666667,70.8
7.5,4.8,1970,4,30.5833333333,70.8
7.4,4.8,1970,4,30.625,70.8
7.0,4.7,1970,4,30.6666666667,70.8
7.0,4.7,1970,4,30.7083333333,70.8
6.9,4.7,1970,4,30.75,70.8
6.8,4.7,1970,4,30.7916666667,70.8
6.8,4.7,1970,4,30.8333333333,70.8
6.4,4.7,1970,4,30.875,70.8
6.3,4.7,1970,4,30.9166666667,70.8
6.3,4.7,1970,4,30.9583333333,70.8
6.2,4.6,1970,4,31.0,70.8
6.2,4.6,1970,5,1.04166666667,70.8
6.1,4.6,1970,5,1.08333333333,70.8
6.1,4.6,1970,5,1.125,70.8
6.1,4.6,1970,5,1.16666666667,70.8
6.0,4.6,1970,5,1.20833333333,70.8
6.0,4.6,1970,5,1.25,70.8
6.0,4.5,1970,5,1.29166666667,70.8
5.9,4.5,1970,5,1.33333333333,70.8
5.6,4.5,1970,5,1.375,70.8
5.6,4.5,1970,5,1.41666666667,70.8
5.5,4.5,1970,5,1.45833333333,70.8
5.5,4.5,1970,5,1.5,70.8
5.4,4.5,1970,5,1.54166666667,70.8
5.1,4.5,1970,5,1.58333333333,70.8
5.0,4.4,1970,5,1.625,70.8
4.9,4.4,1970,5,1.66666666667,70.8
4.6,4.4,1970,5,1.70833333333,70.8
4.6,4.4,1970,5,1.75,70.8
4.6,4.4,1970,5,1.79166666667,70.8
4.5,4.4,1970,5,1.83333333333,70.8
4.5,4.4,1970,5,1.875,70.8
4.5,4.4,1970,5,1.91666666667,70.8
4.4,4.4,1970,5,1.95833333333,70.8
4.4,4.3,1970,5,2.0,70.8
4.2,4.3,1970,5,2.04166666667,70.8
4.1,4.3,1970,5,2.08333333333,70.8
4.1,4.3,1970,5,2.125,70.8
4.1,4.3,1970,5,2.16666666667,70.8
4.1,4.3,1970,5,2.20833333333,70.8
4.1,4.3,1970,5,2.25,70.8
4.0,4.3,1970,5,2.29166666667,70.8
4.0,4.2,1970,5,2.33333333333,70.8
4.0,4.2,1970,5,2.375,70.8
4.0,4.2,1970,5,2.41666666667,70.8
4.0,4.2,1970,5,2.45833333333,70.8
3.7,4.2,1970,5,2.5,70.8
3.6,4.2,1970,5,2.54166666667,70.8
3.6,4.2,1970,5,2.58333333333,70.8
3.3,4.2,1970,5,2.625,70.8
3.2,4.2,1970,5,2.66666666667,70.8
3.1,4.1,1970,5,2.70833333333,70.8
3.0,4.1,1970,5,2.75,70.8
2.9,4.1,1970,5,2.79166666667,70.8
2.9,4.1,1970,5,2.83333333333,70.8
2.9,4.1,1970,5,2.875,70.8
2.8,4.1,1970,5,2.91666666667,70.8
2.8,4.1,1970,5,2.95833333333,70.8
2.8,4.1,1970,5,3.0,70.8
2.7,4.1,1970,5,3.04166666667,70.8
2.7,4.0,1970,5,3.08333333333,70.8
2.7,4.0,1970,5,3.125,70.8
2.7,4.0,1970,5,3.16666666667,70.8
2.7,4.0,1970,5,3.20833333333,70.8
2.6,4.0,1970,5,3.25,70.8
2.6,4.0,1970,5,3.29166666667,70.8
2.6,4.0,1970,5,3.33333333333,70.8
2.6,4.0,1970,5,3.375,70.8
2.5,4.0,1970,5,3.41666666667,70.8
2.5,4.0,1970,5,3.45833333333,70.8
2.5,3.9,1970,5,3.5,70.8
2.5,3.9,1970,5,3.54166666667,70.8
2.5,3.9,1970,5,3.58333333333,71.8
2.4,3.9,1970,5,3.625,72.17
2.8,3.9,1970,5,3.66666666667,72.79
2.9,3.9,1970,5,3.70833333333,73.29
3.0,3.9,1970,5,3.75,73.4
3.1,3.9,1970,5,3.79166666667,73.49
3.2,3.9,1970,5,3.83333333333,73.6
3.3,3.9,1970,5,3.875,73.78
3.8,3.8,1970,5,3.91666666667,73.94
4.6,3.8,1970,5,3.95833333333,74.33
5.4,3.8,1970,5,4.0,74.48
7.0,3.8,1970,5,4.04166666667,74.58
8.2,3.8,1970,5,4.08333333333,74.68
9.5,3.8,1970,5,4.125,74.78
10.8,3.8,1970,5,4.16666666667,74.89
11.7,3.8,1970,5,4.20833333333,75.0
12.6,3.8,1970,5,4.25,75.12
13.9,3.8,1970,5,4.29166666667,75.2
14.9,3.7,1970,5,4.33333333333,75.2
15.9,3.7,1970,5,4.375,75.2
16.9,3.7,1970,5,4.41666666667,75.2
17.8,3.7,1970,5,4.45833333333,75.2
18.6,3.7,1970,5,4.5,75.2
19.2,3.7,1970,5,4.54166666667,75.2
20.0,3.7,1970,5,4.58333333333,75.2
20.7,3.7,1970,5,4.625,75.2
21.3,3.7,1970,5,4.66666666667,75.2
21.9,3.7,1970,5,4.70833333333,75.2
22.3,3.7,1970,5,4.75,75.2
22.7,3.6,1970,5,4.79166666667,75.2
23.1,3.6,1970,5,4.83333333333,75.2
23.6,3.6,1970,5,4.875,75.2
23.9,3.6,1970,5,4.91666666667,75.2
24.1,3.6,1970,5,4.95833333333,75.2
24.1,3.6,1970,5,5.0,75.2
24.9,3.6,1970,5,5.04166666667,75.2
25.3,3.6,1970,5,5.08333333333,75.2
25.5,3.6,1970,5,5.125,75.2
25.7,3.6,1970,5,5.16666666667,75.2
25.9,3.6,1970,5,5.20833333333,75.2
25.8,3.5,1970,5,5.25,75.2
25.7,3.5,1970,5,5.29166666667,75.2
25.7,3.5,1970,5,5.33333333333,75.2
25.6,3.5,1970,5,5.375,75.2
25.5,3.5,1970,5,5.41666666667,75.2
25.4,3.5,1970,5,5.45833333333,75.2
25.9,3.5,1970,5,5.5,75.2
25.0,3.5,1970,5,5.54166666667,75.2
24.6,3.5,1970,5,5.58333333333,75.2
24.2,3.5,1970,5,5.625,75.2
23.6,3.5,1970,5,5.66666666667,75.2
23.1,3.5,1970,5,5.70833333333,75.2
22.6,3.4,1970,5,5.75,75.2
22.0,3.4,1970,5,5.79166666667,75.2
21.5,3.4,1970,5,5.83333333333,75.2
20.9,3.4,1970,5,5.875,75.2
20.3,3.4,1970,5,5.91666666667,75.2
19.8,3.4,1970,5,5.95833333333,75.2
19.2,3.4,1970,5,6.0,75.2
18.6,3.4,1970,5,6.04166666667,75.2
18.1,3.4,1970,5,6.08333333333,75.2
17.6,3.4,1970,5,6.125,75.2
17.2,3.4,1970,5,6.16666666667,75.2
16.7,3.4,1970,5,6.20833333333,75.2
16.2,3.3,1970,5,6.25,75.2
15.8,3.3,1970,5,6.29166666667,75.2
15.4,3.3,1970,5,6.33333333333,75.2
15.0,3.3,1970,5,6.375,75.2
14.3,3.3,1970,5,6.41666666667,75.2
14.1,3.3,1970,5,6.45833333333,75.2
13.5,3.3,1970,5,6.5,75.2
13.3,3.3,1970,5,6.54166666667,75.2
12.6,3.3,1970,5,6.58333333333,75.2
12.4,3.3,1970,5,6.625,75.2
11.6,3.3,1970,5,6.66666666667,75.2
11.2,3.3,1970,5,6.70833333333,75.2
10.8,3.3,1970,5,6.75,75.2
10.6,3.2,1970,5,6.79166666667,75.2
10.4,3.2,1970,5,6.83333333333,75.2
9.9,3.2,1970,5,6.875,75.2
9.8,3.2,1970,5,6.91666666667,75.2
9.3,3.2,1970,5,6.95833333333,75.2
9.3,3.2,1970,5,7.0,75.2
8.9,3.2,1970,5,7.04166666667,75.2
8.8,3.2,1970,5,7.08333333333,75.2
8.7,3.2,1970,5,7.125,75.2
8.3,3.2,1970,5,7.16666666667,75.2
8.2,3.2,1970,5,7.20833333333,75.2
8.1,3.2,1970,5,7.25,75.2
7.7,3.2,1970,5,7.29166666667,75.2
7.6,3.1,1970,5,7.33333333333,75.2
7.5,3.1,1970,5,7.375,75.2
7.4,3.1,1970,5,7.41666666667,75.2
7.0,3.1,1970,5,7.45833333333,75.2
6.9,3.1,1970,5,7.5,75.2
6.5,3.1,1970,5,7.54166666667,75.2
6.4,3.1,1970,5,7.58333333333,75.2
6.3,3.1,1970,5,7.625,75.2
5.9,3.1,1970,5,7.66666666667,75.2
5.8,3.1,1970,5,7.70833333333,75.2
5.7,3.1,1970,5,7.75,75.2
5.4,3.1,1970,5,7.79166666667,75.2
5.3,3.1,1970,5,7.83333333333,75.2
5.2,3.1,1970,5,7.875,75.2
5.2,3.0,1970,5,7.91666666667,75.2
4.9,3.0,1970,5,7.95833333333,75.2
4.9,3.0,1970,5,8.0,75.2
4.8,3.0,1970,5,8.04166666667,75.2
4.8,3.0,1970,5,8.08333333333,75.2
4.7,3.0,1970,5,8.125,75.2
4.7,3.0,1970,5,8.16666666667,75.2
4.4,3.0,1970,5,8.20833333333,75.2
4.4,3.0,1970,5,8.25,75.2
4.3,3.0,1970,5,8.29166666667,75.2
4.3,3.0,1970,5,8.33333333333,75.2
4.2,3.0,1970,5,8.375,75.2
4.0,3.0,1970,5,8.41666666667,75.2
3.9,3.0,1970,5,8.45833333333,75.2
3.8,3.0,1970,5,8.5,75.2
3.8,2.9,1970,5,8.54166666667,75.2
3.4,2.9,1970,5,8.58333333333,75.2
3.3,2.9,1970,5,8.625,75.2
3.2,2.9,1970,5,8.66666666667,75.2
3.0,2.9,1970,5,8.70833333333,75.2
2.9,2.9,1970,5,8.75,75.2
2.8,2.9,1970,5,8.79166666667,75.2
2.7,2.9,1970,5,8.83333333333,75.2
2.7,2.9,1970,5,8.875,75.2
2.7,2.9,1970,5,8.91666666667,75.2
2.6,2.9,1970,5,8.95833333333,75.2
2.6,2.9,1970,5,9.0,75.2
2.5,2.9,1970,5,9.04166666667,75.2
2.5,2.9,1970,5,9.08333333333,75.2
2.4,2.9,1970,5,9.125,75.2
2.4,2.8,1970,5,9.16666666667,75.2
2.3,2.8,1970,5,9.20833333333,75.2
2.3,2.8,1970,5,9.25,75.2
2.2,2.8,1970,5,9.29166666667,75.2
2.2,2.8,1970,5,9.33333333333,75.2
2.1,2.8,1970,5,9.375,75.2
2.1,2.8,1970,5,9.41666666667,75.2
2.0,2.8,1970,5,9.45833333333,75.2
2.0,2.8,1970,5,9.5,75.2
2.0,2.8,1970,5,9.54166666667,75.2
1.9,2.8,1970,5,9.58333333333,75.2
1.9,2.8,1970,5,9.625,75.2
1.8,2.8,1970,5,9.66666666667,75.2
1.8,2.8,1970,5,9.70833333333,75.2
1.7,2.8,1970,5,9.75,75.2
1.7,2.8,1970,5,9.79166666667,75.2
1.6,2.7,1970,5,9.83333333333,75.2
1.6,2.7,1970,5,9.875,75.2
1.5,2.7,1970,5,9.91666666667,75.2
1.5,2.7,1970,5,9.95833333333,75.2
1.4,2.7,1970,5,10.0,75.2
1.4,2.7,1970,5,10.0416666667,75.2
1.4,2.7,1970,5,10.0833333333,75.2
1.3,2.7,1970,5,10.125,75.2
1.3,2.7,1970,5,10.1666666667,75.2
1.3,2.7,1970,5,10.2083333333,75.2
1.2,2.7,1970,5,10.25,75.2
1.2,2.7,1970,5,10.2916666667,75.2
1.2,2.7,1970,5,10.3333333333,75.2
1.2,2.7,1970,5,10.375,75.2
1.1,2.7,1970,5,10.4166666667,75.2
1.1,2.7,1970,5,10.4583333333,75.2
1.1,2.7,1970,5,10.5,75.2
1.1,2.6,1970,5,10.5416666667,75.2
1.0,2.6,1970,5,10.5833333333,75.2
1.0,2.6,1970,5,10.625,75.2
1.0,2.6,1970,5,10.6666666667,75.2
1.0,2.6,1970,5,10.7083333333,75.2
0.9,2.6,1970,5,10.75,75.2
0.9,2.6,1970,5,10.7916666667,75.2
0.9,2.6,1970,5,10.8333333333,75.2
0.8,2.6,1970,5,10.875,75.2
0.8,2.6,1970,5,10.9166666667,75.2
0.8,2.6,1970,5,10.9583333333,75.2
0.8,2.6,1970,5,11.0,75.2
0.7,2.6,1970,5,11.0416666667,75.2
0.7,2.6,1970,5,11.0833333333,75.2
0.7,2.6,1970,5,11.125,75.2
0.7,2.6,1970,5,11.1666666667,75.2
0.7,2.6,1970,5,11.2083333333,75.2
0.6,2.6,1970,5,11.25,75.2
0.6,2.5,1970,5,11.2916666667,75.2
0.6,2.5,1970,5,11.3333333333,75.2
0.6,2.5,1970,5,11.375,75.2
0.6,2.5,1970,5,11.4166666667,75.2
0.5,2.5,1970,5,11.4583333333,75.2
0.5,2.5,1970,5,11.5,75.2
0.5,2.5,1970,5,11.5416666667,75.2
0.5,2.5,1970,5,11.5833333333,75.2
0.5,2.5,1970,5,11.625,75.2
0.4,2.5,1970,5,11.6666666667,75.2
0.4,2.5,1970,5,11.7083333333,75.2
0.4,2.5,1970,5,11.75,75.2
0.4,2.5,1970,5,11.7916666667,75.2
0.4,2.5,1970,5,11.8333333333,75.2
0.3,2.5,1970,5,11.875,75.2
0.3,2.5,1970,5,11.9166666667,75.2
0.3,2.5,1970,5,11.9583333333,75.2
0.3,2.5,1970,5,12.0,75.2
0.3,2.5,1970,5,12.0416666667,75.2
0.3,2.4,1970,5,12.0833333333,75.2
0.3,2.4,1970,5,12.125,75.2
0.2,2.4,1970,5,12.1666666667,75.2
0.2,2.4,1970,5,12.2083333333,75.2
0.2,2.4,1970,5,12.25,75.2
0.2,2.4,1970,5,12.2916666667,75.2
0.2,2.4,1970,5,12.3333333333,75.2
0.2,2.4,1970,5,12.375,75.2
0.2,2.4,1970,5,12.4166666667,75.2
0.2,2.4,1970,5,12.4583333333,75.2
0.2,2.4,1970,5,12.5,75.2
0.2,2.4,1970,5,12.5416666667,75.2
0.1,2.4,1970,5,12.5833333333,75.2
0.1,2.4,1970,5,12.625,75.2
0.1,2.4,1970,5,12.6666666667,75.2
0.1,2.4,1970,5,12.7083333333,75.2
0.1,2.4,1970,5,12.75,75.2
0.1,2.4,1970,5,12.7916666667,75.2
0.1,2.4,1970,5,12.8333333333,75.2
0.1,2.4,1970,5,12.875,75.2
0.1,2.3,1970,5,12.9166666667,75.2
0.1,2.3,1970,5,12.9583333333,75.2
0.0,2.3,1970,5,13.0,75.2
0.0,2.3,1970,5,13.0416666667,75.2
0.0,2.3,1970,5,13.0833333333,75.2
0.0,2.3,1970,5,13.125,75.2
0.0,2.3,1970,5,13.1666666667,75.2
0.0,2.3,1970,5,13.2083333333,75.2
0.0,2.3,1970,5,13.25,75.2
0.0,2.3,1970,5,13.2916666667,75.2
0.0,2.3,1970,5,13.3333333333,75.2
0.0,2.3,1970,5,13.375,75.2
0.0,2.3,1970,5,13.4166666667,75.2
0.0,2.3,1970,5,13.4583333333,75.2
0.0,2.3,1970,5,13.5,75.2
0.0,2.3,1970,5,13.5416666667,75.2
0.0,2.3,1970,5,13.5833333333,75.2
0.0,2.3,1970,5,13.625,75.2
0.0,2.3,1970,5,13.6666666667,75.2
0.0,2.3,1970,5,13.7083333333,75.2
0.0,2.2,1970,5,13.75,75.2
0.0,2.2,1970,5,13.7916666667,75.2
0.0,2.2,1970,5,13.8333333333,75.2
0.1,2.2,1970,5,13.875,75.2
0.1,2.2,1970,5,13.9166666667,75.2
0.1,2.2,1970,5,13.9583333333,75.2
0.1,2.2,1970,5,14.0,75.2
0.1,2.2,1970,5,14.0416666667,75.2
0.1,2.2,1970,5,14.0833333333,75.2
0.1,2.2,1970,5,14.125,75.2
0.1,2.2,1970,5,14.1666666667,75.2
0.1,2.2,1970,5,14.2083333333,75.2
0.1,2.2,1970,5,14.25,75.2
0.1,2.2,1970,5,14.2916666667,75.2
0.1,2.2,1970,5,14.3333333333,75.2
0.1,2.2,1970,5,14.375,75.2
0.1,2.2,1970,5,14.4166666667,75.2
0.1,2.2,1970,5,14.4583333333,75.2
0.1,2.2,1970,5,14.5,75.2
0.1,2.2,1970,5,14.5416666667,75.2
0.1,2.2,1970,5,14.5833333333,75.2
0.1,2.2,1970,5,14.625,75.2
0.1,2.1,1970,5,14.6666666667,75.2
0.1,2.1,1970,5,14.7083333333,75.2
0.1,2.1,1970,5,14.75,75.2
0.1,2.1,1970,5,14.7916666667,75.2
0.1,2.1,1970,5,14.8333333333,75.2
0.1,2.1,1970,5,14.875,75.2
0.1,2.1,1970,5,14.9166666667,75.2
0.1,2.1,1970,5,14.9583333333,75.2
0.1,2.1,1970,5,15.0,75.2
0.1,2.1,1970,5,15.0416666667,75.2
0.1,2.1,1970,5,15.0833333333,75.2
0.1,2.1,1970,5,15.125,75.2
0.1,2.1,1970,5,15.1666666667,75.2
0.1,2.1,1970,5,15.2083333333,75.2
0.1,2.1,1970,5,15.25,75.2
0.1,2.1,1970,5,15.2916666667,75.2
0.1,2.1,1970,5,15.3333333333,75.2
0.1,2.1,1970,5,15.375,75.2
0.1,2.1,1970,5,15.4166666667,75.2
0.1,2.1,1970,5,15.4583333333,75.2
0.1,2.1,1970,5,15.5,75.2
0.1,2.1,1970,5,15.5416666667,75.2
0.1,2.1,1970,5,15.5833333333,75.2
0.1,2.1,1970,5,15.625,75.2
0.1,2.0,1970,5,15.6666666667,75.2
0.1,2.0,1970,5,15.7083333333,75.2
0.1,2.0,1970,5,15.75,75.2
0.1,2.0,1970,5,15.7916666667,75.2
0.1,2.0,1970,5,15.8333333333,75.2
0.1,2.0,1970,5,15.875,75.2
0.1,2.0,1970,5,15.9166666667,75.2
0.1,2.0,1970,5,15.9583333333,75.2
0.1,2.0,1970,5,16.0,75.2
0.1,2.0,1970,5,16.0416666667,75.2
0.1,2.0,1970,5,16.0833333333,75.2
0.1,2.0,1970,5,16.125,75.2
0.1,2.0,1970,5,16.1666666667,75.2
0.1,2.0,1970,5,16.2083333333,75.2
0.1,2.0,1970,5,16.25,75.2
0.1,2.0,1970,5,16.2916666667,75.2
0.1,2.0,1970,5,16.3333333333,75.2
0.1,2.0,1970,5,16.375,75.2
0.1,2.0,1970,5,16.4166666667,75.2
0.1,2.0,1970,5,16.4583333333,75.2
0.1,2.0,1970,5,16.5,75.2
0.1,2.0,1970,5,16.5416666667,75.2
0.1,2.0,1970,5,16.5833333333,75.2
0.1,2.0,1970,5,16.625,75.2
0.1,2.0,1970,5,16.6666666667,75.2
0.1,1.9,1970,5,16.7083333333,75.2
0.1,1.9,1970,5,16.75,75.27
0.1,1.9,1970,5,16.7916666667,75.62
0.1,1.9,1970,5,16.8333333333,76.0
0.1,1.9,1970,5,16.875,76.39
0.1,1.9,1970,5,16.9166666667,76.4
0.1,1.9,1970,5,16.9583333333,76.4
0.1,1.9,1970,5,17.0,76.4
0.1,1.9,1970,5,17.0416666667,76.4
0.1,1.9,1970,5,17.0833333333,76.4
0.1,1.9,1970,5,17.125,76.4
0.1,1.9,1970,5,17.1666666667,76.4
0.1,1.9,1970,5,17.2083333333,76.4
0.1,1.9,1970,5,17.25,76.4
0.1,1.9,1970,5,17.2916666667,76.4
0.1,1.9,1970,5,17.3333333333,76.4
0.1,1.9,1970,5,17.375,76.4
0.1,1.9,1970,5,17.4166666667,76.4
0.1,1.9,1970,5,17.4583333333,76.4
0.1,1.9,1970,5,17.5,76.4
0.1,1.9,1970,5,17.5416666667,76.4
0.1,1.9,1970,5,17.5833333333,76.4
0.1,1.9,1970,5,17.625,76.4
0.1,1.9,1970,5,17.6666666667,76.4
0.1,1.9,1970,5,17.7083333333,76.4
0.1,1.9,1970,5,17.75,76.4
0.1,1.8,1970,5,17.7916666667,76.4
0.1,1.8,1970,5,17.8333333333,76.4
0.1,1.8,1970,5,17.875,76.4
0.1,1.8,1970,5,17.9166666667,76.4
0.1,1.8,1970,5,17.9583333333,76.4
0.1,1.8,1970,5,18.0,76.4
0.1,1.8,1970,5,18.0416666667,76.4
0.1,1.8,1970,5,18.0833333333,76.4
0.1,1.8,1970,5,18.125,76.4
0.1,1.8,1970,5,18.1666666667,76.4
0.1,1.8,1970,5,18.2083333333,76.4
0.1,1.8,1970,5,18.25,76.4
0.1,1.8,1970,5,18.2916666667,76.4
0.1,1.8,1970,5,18.3333333333,76.4
0.1,1.8,1970,5,18.375,76.4
0.1,1.8,1970,5,18.4166666667,76.4
0.1,1.8,1970,5,18.4583333333,76.4
0.1,1.8,1970,5,18.5,76.4
0.1,1.8,1970,5,18.5416666667,76.4
0.1,1.8,1970,5,18.5833333333,76.4
0.1,1.8,1970,5,18.625,76.4
0.1,1.8,1970,5,18.6666666667,76.4
0.1,1.8,1970,5,18.7083333333,76.4
0.1,1.8,1970,5,18.75,76.4
0.1,1.8,1970,5,18.7916666667,76.4
0.1,1.8,1970,5,18.8333333333,76.4
0.1,1.8,1970,5,18.875,76.4
0.1,1.8,1970,5,18.9166666667,76.4
0.1,1.7,1970,5,18.9583333333,76.4
0.1,1.7,1970,5,19.0,76.4
0.1,1.7,1970,5,19.0416666667,76.4
0.1,1.7,1970,5,19.0833333333,76.4
0.1,1.7,1970,5,19.125,76.4
0.1,1.7,1970,5,19.1666666667,76.4
0.1,1.7,1970,5,19.2083333333,76.4
0.1,1.7,1970,5,19.25,76.4
0.1,1.7,1970,5,19.2916666667,76.4
0.1,1.7,1970,5,19.3333333333,76.4
0.1,1.7,1970,5,19.375,76.4
0.1,1.7,1970,5,19.4166666667,76.4
0.1,1.7,1970,5,19.4583333333,76.4
0.1,1.7,1970,5,19.5,76.4
0.1,1.7,1970,5,19.5416666667,76.4
0.1,1.7,1970,5,19.5833333333,76.4
0.1,1.7,1970,5,19.625,76.4
0.1,1.7,1970,5,19.6666666667,76.4
0.1,1.7,1970,5,19.7083333333,76.4
0.1,1.7,1970,5,19.75,76.4
0.1,1.7,1970,5,19.7916666667,76.4
0.1,1.7,1970,5,19.8333333333,76.4
0.1,1.7,1970,5,19.875,76.4
0.1,1.7,1970,5,19.9166666667,76.4
0.1,1.7,1970,5,19.9583333333,76.4
0.1,1.7,1970,5,20.0,76.4
0.1,1.7,1970,5,20.0416666667,76.4
0.1,1.7,1970,5,20.0833333333,76.4
0.1,1.7,1970,5,20.125,76.4
0.1,1.6,1970,5,20.1666666667,76.4
0.1,1.6,1970,5,20.2083333333,76.4
0.1,1.6,1970,5,20.25,76.4
0.1,1.6,1970,5,20.2916666667,76.4
0.1,1.6,1970,5,20.3333333333,76.4
0.1,1.6,1970,5,20.375,76.4
0.1,1.6,1970,5,20.4166666667,76.4
0.1,1.6,1970,5,20.4583333333,76.4
0.1,1.6,1970,5,20.5,76.4
0.1,1.6,1970,5,20.5416666667,76.4
0.1,1.6,1970,5,20.5833333333,76.4
0.1,1.6,1970,5,20.625,76.4
0.1,1.6,1970,5,20.6666666667,76.4
0.1,1.6,1970,5,20.7083333333,76.4
0.1,1.6,1970,5,20.75,76.4
0.1,1.6,1970,5,20.7916666667,76.4
0.1,1.6,1970,5,20.8333333333,76.4
0.1,1.6,1970,5,20.875,76.4
0.1,1.6,1970,5,20.9166666667,76.4
0.1,1.6,1970,5,20.9583333333,76.4
0.1,1.6,1970,5,21.0,76.4
0.1,1.6,1970,5,21.0416666667,76.4
0.1,1.6,1970,5,21.0833333333,76.4
0.1,1.6,1970,5,21.125,76.4
0.1,1.6,1970,5,21.1666666667,76.4
0.1,1.6,1970,5,21.2083333333,76.4
0.1,1.6,1970,5,21.25,76.4
0.1,1.6,1970,5,21.2916666667,76.4
0.1,1.6,1970,5,21.3333333333,76.4
0.1,1.6,1970,5,21.375,76.4
0.1,1.6,1970,5,21.4166666667,76.4
0.1,1.6,1970,5,21.4583333333,76.4
0.1,1.5,1970,5,21.5,76.4
0.1,1.5,1970,5,21.5416666667,76.4
0.1,1.5,1970,5,21.5833333333,76.4
0.1,1.5,1970,5,21.625,76.4
0.1,1.5,1970,5,21.6666666667,76.4
0.1,1.5,1970,5,21.7083333333,76.4
0.1,1.5,1970,5,21.75,76.4
0.1,1.5,1970,5,21.7916666667,76.4
0.1,1.5,1970,5,21.8333333333,76.4
0.1,1.5,1970,5,21.875,76.4
0.1,1.5,1970,5,21.9166666667,76.4
0.1,1.5,1970,5,21.9583333333,76.4
0.1,1.5,1970,5,22.0,76.4
0.1,1.5,1970,5,22.0416666667,76.4
0.1,1.5,1970,5,22.0833333333,76.4
0.1,1.5,1970,5,22.125,76.4
0.1,1.5,1970,5,22.1666666667,76.4
0.1,1.5,1970,5,22.2083333333,76.4
0.1,1.5,1970,5,22.25,76.4
0.1,1.5,1970,5,22.2916666667,76.4
0.1,1.5,1970,5,22.3333333333,76.4
0.1,1.5,1970,5,22.375,76.4
0.1,1.5,1970,5,22.4166666667,76.4
0.1,1.5,1970,5,22.4583333333,76.4
0.1,1.5,1970,5,22.5,76.4
0.1,1.5,1970,5,22.5416666667,76.4
0.1,1.5,1970,5,22.5833333333,76.4
0.1,1.5,1970,5,22.625,76.4
0.1,1.5,1970,5,22.6666666667,76.4
0.1,1.5,1970,5,22.7083333333,76.4
0.1,1.5,1970,5,22.75,76.4
0.1,1.5,1970,5,22.7916666667,76.4
0.1,1.5,1970,5,22.8333333333,76.4
0.1,1.5,1970,5,22.875,76.4
0.1,1.4,1970,5,22.9166666667,76.4
0.1,1.4,1970,5,22.9583333333,76.4
0.1,1.4,1970,5,23.0,76.4
0.1,1.4,1970,5,23.0416666667,76.4
0.1,1.4,1970,5,23.0833333333,76.4
0.1,1.4,1970,5,23.125,76.4
0.1,1.4,1970,5,23.1666666667,76.4
0.1,1.4,1970,5,23.2083333333,76.4
0.2,1.4,1970,5,23.25,76.4
0.2,1.4,1970,5,23.2916666667,76.4
0.2,1.4,1970,5,23.3333333333,76.4
0.2,1.4,1970,5,23.375,76.4
0.2,1.4,1970,5,23.4166666667,76.4
0.2,1.4,1970,5,23.4583333333,76.4
0.2,1.4,1970,5,23.5,76.4
0.2,1.4,1970,5,23.5416666667,76.4
0.2,1.4,1970,5,23.5833333333,76.4
0.2,1.4,1970,5,23.625,76.4
0.2,1.4,1970,5,23.6666666667,76.4
0.2,1.4,1970,5,23.7083333333,76.4
0.2,1.4,1970,5,23.75,76.4
0.2,1.4,1970,5,23.7916666667,76.4
0.2,1.4,1970,5,23.8333333333,76.4
0.2,1.4,1970,5,23.875,76.4
0.2,1.4,1970,5,23.9166666667,76.4
0.2,1.4,1970,5,23.9583333333,76.4
0.2,1.4,1970,5,24.0,76.4
0.2,1.4,1970,5,24.0416666667,76.4
0.2,1.4,1970,5,24.0833333333,76.4
0.2,1.4,1970,5,24.125,76.4
0.2,1.4,1970,5,24.1666666667,76.4
0.2,1.4,1970,5,24.2083333333,76.4
0.2,1.4,1970,5,24.25,76.4
0.2,1.4,1970,5,24.2916666667,76.4
0.2,1.4,1970,5,24.3333333333,76.4
0.2,1.4,1970,5,24.375,76.4
0.2,1.4,1970,5,24.4166666667,76.4
0.2,1.3,1970,5,24.4583333333,76.4
0.2,1.3,1970,5,24.5,76.4
0.2,1.3,1970,5,24.5416666667,76.4
0.2,1.3,1970,5,24.5833333333,76.4
0.2,1.3,1970,5,24.625,76.4
0.2,1.3,1970,5,24.6666666667,76.4
0.2,1.3,1970,5,24.7083333333,76.4
0.2,1.3,1970,5,24.75,76.4
0.2,1.3,1970,5,24.7916666667,76.4
0.2,1.3,1970,5,24.8333333333,76.4
0.2,1.3,1970,5,24.875,76.4
0.2,1.3,1970,5,24.9166666667,76.4
0.2,1.3,1970,5,24.9583333333,76.4
0.2,1.3,1970,5,25.0,76.4
0.2,1.3,1970,5,25.0416666667,76.53
0.2,1.3,1970,5,25.0833333333,76.76
0.2,1.3,1970,5,25.125,76.9
0.2,1.3,1970,5,25.1666666667,77.05
0.2,1.3,1970,5,25.2083333333,77.24
0.2,1.3,1970,5,25.25,78.02
0.2,1.3,1970,5,25.2916666667,78.78
0.2,1.3,1970,5,25.3333333333,79.06
0.2,1.3,1970,5,25.375,79.32
0.2,1.3,1970,5,25.4166666667,79.62
0.2,1.3,1970,5,25.4583333333,79.78
0.2,1.3,1970,5,25.5,79.92
0.2,1.3,1970,5,25.5416666667,80.16
0.2,1.3,1970,5,25.5833333333,80.53
0.2,1.3,1970,5,25.625,80.86
0.2,1.3,1970,5,25.6666666667,81.02
0.2,1.3,1970,5,25.7083333333,81.23
0.2,1.3,1970,5,25.75,81.46
0.2,1.3,1970,5,25.7916666667,81.6
0.2,1.3,1970,5,25.8333333333,81.6
0.2,1.3,1970,5,25.875,81.6
0.2,1.3,1970,5,25.9166666667,81.6
0.2,1.3,1970,5,25.9583333333,81.6
0.2,1.3,1970,5,26.0,81.6
0.2,1.3,1970,5,26.0416666667,81.76
0.2,1.2,1970,5,26.0833333333,82.4
0.2,1.2,1970,5,26.125,82.4
0.2,1.2,1970,5,26.1666666667,82.4
0.2,1.2,1970,5,26.2083333333,82.4
0.2,1.2,1970,5,26.25,82.4
0.2,1.2,1970,5,26.2916666667,82.4
0.2,1.2,1970,5,26.3333333333,82.5
0.2,1.2,1970,5,26.375,82.8
0.2,1.2,1970,5,26.4166666667,82.8
0.2,1.2,1970,5,26.4583333333,82.8
0.2,1.2,1970,5,26.5,82.8
0.2,1.2,1970,5,26.5416666667,82.8
0.2,1.2,1970,5,26.5833333333,82.8
0.2,1.2,1970,5,26.625,82.8
0.2,1.2,1970,5,26.6666666667,82.8
0.2,1.2,1970,5,26.7083333333,82.9
1.4,2.1,1970,5,26.75,85.75
3.5,4.7,1970,5,26.7916666667,87.34
3.9,8.4,1970,5,26.8333333333,87.54
3.5,12.8,1970,5,26.875,87.6
3.4,17.8,1970,5,26.9166666667,87.6
3.5,23.2,1970,5,26.9583333333,87.6
4.0,29.1,1970,5,27.0,87.6
6.8,35.2,1970,5,27.0416666667,87.6
10.8,41.5,1970,5,27.0833333333,87.6
13.6,48.1,1970,5,27.125,87.6
17.2,54.6,1970,5,27.1666666667,87.6
21.0,60.7,1970,5,27.2083333333,87.6
24.1,66.0,1970,5,27.25,87.6
26.8,70.6,1970,5,27.2916666667,87.6
30.4,74.5,1970,5,27.3333333333,87.6
33.5,77.6,1970,5,27.375,87.6
35.8,80.0,1970,5,27.4166666667,87.6
36.6,81.5,1970,5,27.4583333333,87.6
35.8,82.0,1970,5,27.5,87.6
35.4,81.3,1970,5,27.5416666667,87.6
34.8,79.0,1970,5,27.5833333333,87.6
33.9,75.8,1970,5,27.625,87.6
33.0,72.7,1970,5,27.6666666667,87.6
32.1,69.8,1970,5,27.7083333333,87.6
31.2,67.0,1970,5,27.75,87.6
30.3,64.3,1970,5,27.7916666667,87.6
29.6,61.7,1970,5,27.8333333333,87.6
29.0,59.3,1970,5,27.875,87.6
28.5,56.9,1970,5,27.9166666667,87.7
28.4,54.6,1970,5,27.9583333333,88.0
28.4,52.4,1970,5,28.0,88.0
28.7,50.3,1970,5,28.0416666667,88.0
29.0,48.3,1970,5,28.0833333333,88.0
29.3,46.4,1970,5,28.125,88.0
29.7,44.5,1970,5,28.1666666667,88.0
30.0,42.8,1970,5,28.2083333333,88.0
30.4,41.1,1970,5,28.25,88.0
30.2,39.4,1970,5,28.2916666667,88.0
30.1,37.9,1970,5,28.3333333333,88.0
30.0,36.4,1970,5,28.375,88.0
29.9,34.9,1970,5,28.4166666667,88.0
29.8,33.5,1970,5,28.4583333333,88.0
28.8,32.2,1970,5,28.5,88.0
28.1,30.9,1970,5,28.5416666667,88.0
27.2,29.7,1970,5,28.5833333333,88.0
26.2,28.6,1970,5,28.625,88.0
27.8,27.4,1970,5,28.6666666667,88.1
33.9,28.2,1970,5,28.7083333333,92.02
52.9,33.7,1970,5,28.75,94.08
184.1,48.2,1970,5,28.7916666667,100.98
220.2,73.0,1970,5,28.8333333333,101.83
216.4,105.1,1970,5,28.875,102.58
412.3,142.3,1970,5,28.9166666667,103.02
488.9,183.8,1970,5,28.9583333333,103.92
519.2,229.5,1970,5,29.0,104.9
582.1,278.9,1970,5,29.0416666667,105.2
623.8,331.3,1970,5,29.0833333333,105.2
646.9,385.5,1970,5,29.125,105.2
666.3,440.0,1970,5,29.1666666667,105.2
701.6,492.5,1970,5,29.2083333333,105.2
739.3,540.5,1970,5,29.25,105.2
761.5,583.1,1970,5,29.2916666667,105.2
759.7,620.1,1970,5,29.3333333333,105.2
745.4,651.8,1970,5,29.375,105.83
721.4,678.1,1970,5,29.4166666667,106.53
693.7,698.5,1970,5,29.4583333333,107.35
677.0,713.4,1970,5,29.5,108.28
666.3,722.0,1970,5,29.5416666667,109.66
652.1,723.7,1970,5,29.5833333333,109.95
627.7,719.0,1970,5,29.625,110.11
607.8,712.4,1970,5,29.6666666667,110.23
608.2,707.4,1970,5,29.7083333333,110.35
606.7,703.8,1970,5,29.75,110.63
602.3,701.4,1970,5,29.7916666667,111.0
592.2,700.2,1970,5,29.8333333333,111.2
574.6,700.1,1970,5,29.875,111.2
552.3,700.7,1970,5,29.9166666667,111.2
533.8,700.9,1970,5,29.9583333333,111.2
515.5,700.1,1970,5,30.0,111.2
501.0,697.9,1970,5,30.0416666667,111.2
490.1,694.3,1970,5,30.0833333333,111.2
473.4,689.0,1970,5,30.125,111.2
455.6,681.8,1970,5,30.1666666667,111.2
440.3,671.9,1970,5,30.2083333333,111.2
417.6,659.2,1970,5,30.25,111.2
405.4,644.3,1970,5,30.2916666667,111.63
392.8,627.8,1970,5,30.3333333333,112.8
383.4,610.4,1970,5,30.375,112.8
370.0,593.7,1970,5,30.4166666667,112.8
354.2,578.0,1970,5,30.4583333333,112.8
338.5,563.1,1970,5,30.5,112.8
338.0,548.8,1970,5,30.5416666667,112.8
340.7,534.9,1970,5,30.5833333333,112.8
334.7,521.3,1970,5,30.625,112.8
322.4,508.5,1970,5,30.6666666667,112.8
307.4,496.5,1970,5,30.7083333333,112.8
296.8,484.9,1970,5,30.75,113.03
293.5,474.3,1970,5,30.7916666667,114.23
294.3,465.1,1970,5,30.8333333333,114.4
297.6,457.0,1970,5,30.875,114.4
296.1,449.3,1970,5,30.9166666667,114.4
293.9,442.1,1970,5,30.9583333333,114.4
296.5,435.1,1970,5,31.0,114.4
308.6,428.0,1970,5,31.0416666667,114.4
317.4,420.6,1970,5,31.0833333333,114.4
311.7,412.4,1970,5,31.125,114.4
305.8,404.1,1970,5,31.1666666667,114.4
296.7,396.2,1970,5,31.2083333333,114.4
287.7,388.4,1970,5,31.25,114.4
279.5,380.6,1970,5,31.2916666667,114.4
270.8,372.6,1970,5,31.3333333333,114.4
262.9,364.4,1970,5,31.375,114.4
255.1,356.1,1970,5,31.4166666667,114.4
248.2,347.5,1970,5,31.4583333333,114.4
240.6,338.6,1970,5,31.5,114.4
233.6,329.2,1970,5,31.5416666667,114.7
226.0,318.9,1970,5,31.5833333333,114.8
218.0,307.8,1970,5,31.625,114.8
213.1,296.4,1970,5,31.6666666667,114.8
201.9,285.4,1970,5,31.7083333333,114.8
194.9,275.0,1970,5,31.75,114.8
187.3,264.9,1970,5,31.7916666667,114.8
179.2,255.3,1970,5,31.8333333333,114.8
171.1,246.1,1970,5,31.875,114.8
163.2,237.3,1970,5,31.9166666667,114.8
155.7,228.8,1970,5,31.9583333333,114.8
148.0,220.7,1970,5,32.0,114.8
141.3,212.9,1970,6,1.04166666667,114.8
135.2,205.4,1970,6,1.08333333333,114.8
128.8,198.3,1970,6,1.125,114.8
122.8,191.4,1970,6,1.16666666667,114.8
117.9,184.9,1970,6,1.20833333333,114.8
113.1,178.6,1970,6,1.25,114.8
107.9,172.5,1970,6,1.29166666667,114.8
103.3,166.7,1970,6,1.33333333333,114.8
98.4,161.2,1970,6,1.375,114.8
93.8,155.9,1970,6,1.41666666667,114.8
87.5,150.8,1970,6,1.45833333333,114.8
85.9,145.3,1970,6,1.5,114.8
84.1,140.7,1970,6,1.54166666667,114.8
82.4,136.2,1970,6,1.58333333333,114.8
80.7,131.9,1970,6,1.625,114.8
78.9,127.8,1970,6,1.66666666667,114.8
77.3,123.9,1970,6,1.70833333333,114.8
75.7,120.1,1970,6,1.75,114.8
73.7,116.5,1970,6,1.79166666667,114.95
73.8,113.1,1970,6,1.83333333333,115.21
74.0,109.8,1970,6,1.875,115.47
74.2,106.6,1970,6,1.91666666667,115.7
74.4,103.6,1970,6,1.95833333333,115.86
74.6,100.7,1970,6,2.0,115.99
75.6,97.9,1970,6,2.04166666667,116.0
75.5,95.3,1970,6,2.08333333333,116.0
75.3,92.8,1970,6,2.125,116.0
75.0,90.4,1970,6,2.16666666667,116.0
74.8,88.1,1970,6,2.20833333333,116.0
75.8,85.9,1970,6,2.25,116.0
76.2,83.8,1970,6,2.29166666667,116.0
76.7,81.8,1970,6,2.33333333333,116.0
77.4,79.9,1970,6,2.375,116.0
77.8,78.0,1970,6,2.41666666667,116.0
77.3,76.3,1970,6,2.45833333333,116.0
76.9,74.6,1970,6,2.5,116.0
76.2,72.9,1970,6,2.54166666667,116.2
75.3,71.4,1970,6,2.58333333333,116.4
74.3,69.9,1970,6,2.625,116.4
73.2,68.5,1970,6,2.66666666667,116.4
72.3,67.1,1970,6,2.70833333333,116.4
71.4,65.8,1970,6,2.75,116.4
71.1,64.6,1970,6,2.79166666667,116.4
70.7,63.4,1970,6,2.83333333333,116.4
70.4,62.2,1970,6,2.875,116.4
71.4,61.1,1970,6,2.91666666667,116.4
71.4,60.1,1970,6,2.95833333333,116.4
71.4,59.1,1970,6,3.0,116.4
71.2,58.1,1970,6,3.04166666667,116.4
70.9,57.2,1970,6,3.08333333333,116.4
70.7,56.3,1970,6,3.125,116.4
70.5,55.4,1970,6,3.16666666667,116.4
70.0,54.6,1970,6,3.20833333333,116.4
69.4,53.8,1970,6,3.25,116.4
68.6,53.1,1970,6,3.29166666667,116.4
67.8,52.3,1970,6,3.33333333333,116.4
66.8,51.7,1970,6,3.375,116.4
65.8,51.0,1970,6,3.41666666667,116.4
64.7,49.2,1970,6,3.45833333333,116.4
63.5,47.7,1970,6,3.5,116.4
62.3,44.8,1970,6,3.54166666667,116.4
61.0,44.4,1970,6,3.58333333333,116.4
59.8,44.0,1970,6,3.625,116.4
58.4,43.6,1970,6,3.66666666667,116.4
57.3,43.0,1970,6,3.70833333333,116.4
56.3,42.5,1970,6,3.75,116.4
55.3,42.2,1970,6,3.79166666667,116.4
54.4,41.9,1970,6,3.83333333333,116.4
53.5,41.6,1970,6,3.875,116.4
52.7,41.3,1970,6,3.91666666667,116.4
51.8,41.1,1970,6,3.95833333333,116.4
51.1,40.8,1970,6,4.0,116.4
51.3,40.6,1970,6,4.04166666667,116.4
51.4,40.3,1970,6,4.08333333333,116.4
51.5,39.8,1970,6,4.125,116.4
51.6,39.5,1970,6,4.16666666667,116.4
51.7,39.0,1970,6,4.20833333333,116.4
51.9,38.1,1970,6,4.25,116.4
52.0,37.6,1970,6,4.29166666667,116.66
53.5,37.4,1970,6,4.33333333333,117.29
58.5,39.1,1970,6,4.375,118.48
76.8,44.9,1970,6,4.41666666667,120.84
161.2,57.5,1970,6,4.45833333333,122.75
238.9,77.6,1970,6,4.5,124.36
268.1,103.2,1970,6,4.54166666667,124.4
337.4,132.8,1970,6,4.58333333333,124.4
429.8,165.4,1970,6,4.625,124.4
493.8,200.4,1970,6,4.66666666667,124.4
530.1,237.4,1970,6,4.70833333333,124.4
548.6,276.1,1970,6,4.75,124.4
559.7,315.6,1970,6,4.79166666667,124.4
574.6,354.9,1970,6,4.83333333333,124.4
601.0,392.2,1970,6,4.875,124.4
629.6,425.8,1970,6,4.91666666667,124.4
649.2,455.1,1970,6,4.95833333333,124.4
654.6,479.9,1970,6,5.0,124.4
643.0,499.6,1970,6,5.04166666667,124.4
618.1,515.0,1970,6,5.08333333333,124.4
585.9,525.3,1970,6,5.125,124.4
548.6,529.5,1970,6,5.16666666667,124.4
508.2,526.3,1970,6,5.20833333333,124.4
468.7,515.6,1970,6,5.25,124.4
429.7,499.3,1970,6,5.29166666667,124.4
395.1,480.8,1970,6,5.33333333333,124.4
360.9,462.9,1970,6,5.375,124.4
334.0,445.7,1970,6,5.41666666667,124.4
307.4,429.2,1970,6,5.45833333333,124.4
281.2,413.3,1970,6,5.5,124.4
261.6,397.7,1970,6,5.54166666667,124.4
242.2,383.2,1970,6,5.58333333333,124.4
222.8,369.2,1970,6,5.625,124.4
206.7,355.9,1970,6,5.66666666667,124.4
193.8,343.0,1970,6,5.70833333333,124.4
180.8,330.7,1970,6,5.75,124.4
169.4,318.9,1970,6,5.79166666667,124.4
159.3,307.6,1970,6,5.83333333333,124.4
149.7,296.8,1970,6,5.875,124.4
141.3,286.4,1970,6,5.91666666667,124.4
131.8,276.4,1970,6,5.95833333333,124.4
124.2,266.8,1970,6,6.0,124.4
116.5,257.6,1970,6,6.04166666667,124.4
109.4,248.8,1970,6,6.08333333333,124.4
102.0,240.3,1970,6,6.125,124.4
95.5,232.2,1970,6,6.16666666667,124.4
89.3,224.4,1970,6,6.20833333333,124.4
86.0,217.0,1970,6,6.25,124.4
84.2,209.8,1970,6,6.29166666667,124.4
82.7,202.9,1970,6,6.33333333333,124.4
81.1,196.3,1970,6,6.375,124.4
79.4,190.0,1970,6,6.41666666667,124.4
77.9,183.9,1970,6,6.45833333333,124.4
76.1,178.1,1970,6,6.5,124.4
74.3,172.5,1970,6,6.54166666667,124.4
72.6,167.1,1970,6,6.58333333333,124.4
70.7,162.0,1970,6,6.625,124.4
68.6,157.0,1970,6,6.66666666667,124.4
66.4,152.3,1970,6,6.70833333333,124.4
64.7,147.7,1970,6,6.75,124.4
63.0,143.4,1970,6,6.79166666667,124.4
61.4,139.2,1970,6,6.83333333333,124.4
60.1,135.1,1970,6,6.875,124.4
58.5,131.3,1970,6,6.91666666667,124.4
57.4,127.6,1970,6,6.95833333333,124.4
56.6,124.0,1970,6,7.0,124.4
55.4,120.6,1970,6,7.04166666667,124.4
54.6,117.3,1970,6,7.08333333333,124.4
53.9,114.2,1970,6,7.125,124.4
53.3,111.1,1970,6,7.16666666667,124.4
52.8,108.2,1970,6,7.20833333333,124.4
52.3,105.4,1970,6,7.25,124.4
51.8,102.7,1970,6,7.29166666667,124.4
51.4,100.2,1970,6,7.33333333333,124.4
51.0,97.7,1970,6,7.375,124.4
50.4,95.3,1970,6,7.41666666667,124.4
49.9,93.0,1970,6,7.45833333333,124.4
49.3,90.8,1970,6,7.5,124.4
48.5,88.7,1970,6,7.54166666667,124.4
47.8,86.7,1970,6,7.58333333333,124.4
47.0,84.8,1970,6,7.625,124.4
46.3,82.9,1970,6,7.66666666667,124.4
45.5,81.1,1970,6,7.70833333333,124.4
44.8,79.4,1970,6,7.75,124.4
44.1,77.7,1970,6,7.79166666667,124.4
43.5,76.1,1970,6,7.83333333333,124.4
42.9,74.6,1970,6,7.875,124.4
42.4,73.1,1970,6,7.91666666667,124.4
42.0,71.6,1970,6,7.95833333333,124.4
42.0,70.3,1970,6,8.0,124.4
41.1,69.0,1970,6,8.04166666667,124.4
41.0,67.7,1970,6,8.08333333333,124.4
40.8,66.5,1970,6,8.125,124.4
40.6,65.3,1970,6,8.16666666667,124.4
40.4,64.2,1970,6,8.20833333333,124.4
40.6,63.1,1970,6,8.25,124.4
40.8,62.0,1970,6,8.29166666667,124.4
41.0,61.0,1970,6,8.33333333333,124.4
40.3,60.0,1970,6,8.375,124.4
40.1,59.1,1970,6,8.41666666667,124.4
39.9,58.2,1970,6,8.45833333333,124.4
39.7,57.3,1970,6,8.5,124.4
39.5,56.4,1970,6,8.54166666667,124.4
39.1,55.6,1970,6,8.58333333333,124.4
38.6,54.8,1970,6,8.625,124.4
38.0,54.1,1970,6,8.66666666667,124.4
37.4,53.3,1970,6,8.70833333333,124.4
36.9,52.6,1970,6,8.75,124.4
36.4,52.0,1970,6,8.79166666667,124.4
36.0,51.3,1970,6,8.83333333333,124.4
35.6,50.7,1970,6,8.875,124.4
35.2,50.0,1970,6,8.91666666667,124.4
35.2,49.4,1970,6,8.95833333333,124.4
35.2,48.9,1970,6,9.0,124.4
34.4,48.3,1970,6,9.04166666667,124.4
34.4,47.8,1970,6,9.08333333333,124.4
34.4,47.2,1970,6,9.125,124.4
34.3,46.7,1970,6,9.16666666667,124.4
34.3,46.2,1970,6,9.20833333333,124.4
34.2,45.8,1970,6,9.25,124.4
34.2,45.3,1970,6,9.29166666667,124.4
34.1,44.8,1970,6,9.33333333333,124.4
34.1,44.4,1970,6,9.375,124.4
34.0,44.0,1970,6,9.41666666667,124.4
34.0,43.6,1970,6,9.45833333333,124.4
33.9,43.2,1970,6,9.5,124.4
33.9,42.8,1970,6,9.54166666667,124.4
33.8,42.4,1970,6,9.58333333333,124.4
33.0,42.0,1970,6,9.625,124.4
32.5,41.7,1970,6,9.66666666667,124.4
32.0,41.3,1970,6,9.70833333333,124.4
31.5,41.0,1970,6,9.75,124.4
31.0,40.7,1970,6,9.79166666667,124.4
30.6,40.3,1970,6,9.83333333333,124.4
30.3,40.0,1970,6,9.875,124.4
29.9,39.7,1970,6,9.91666666667,124.4
29.7,39.4,1970,6,9.95833333333,124.4
29.7,39.1,1970,6,10.0,124.4
29.4,38.8,1970,6,10.0416666667,124.4
29.2,38.5,1970,6,10.0833333333,124.4
29.2,37.2,1970,6,10.125,124.4
29.4,36.3,1970,6,10.1666666667,124.4
29.6,34.5,1970,6,10.2083333333,124.4
29.8,34.3,1970,6,10.25,124.4
29.9,34.1,1970,6,10.2916666667,124.4
30.0,34.0,1970,6,10.3333333333,124.4
30.1,33.9,1970,6,10.375,124.4
30.2,33.8,1970,6,10.4166666667,124.4
30.3,33.7,1970,6,10.4583333333,124.4
29.5,33.5,1970,6,10.5,124.4
29.3,33.4,1970,6,10.5416666667,124.4
29.1,33.3,1970,6,10.5833333333,124.4
28.8,33.2,1970,6,10.625,124.4
28.4,33.1,1970,6,10.6666666667,124.4
28.0,32.9,1970,6,10.7083333333,124.4
27.7,32.8,1970,6,10.75,124.4
27.3,32.7,1970,6,10.7916666667,124.4
26.9,32.6,1970,6,10.8333333333,124.4
26.6,32.4,1970,6,10.875,124.4
26.5,32.3,1970,6,10.9166666667,124.4
26.5,32.2,1970,6,10.9583333333,124.4
26.5,32.1,1970,6,11.0,124.4
26.0,32.0,1970,6,11.0416666667,124.4
26.2,31.8,1970,6,11.0833333333,124.4
26.3,31.7,1970,6,11.125,124.4
26.5,31.6,1970,6,11.1666666667,124.4
26.7,31.5,1970,6,11.2083333333,124.4
26.8,31.3,1970,6,11.25,124.4
27.0,31.2,1970,6,11.2916666667,124.4
27.1,31.1,1970,6,11.3333333333,124.4
27.1,31.0,1970,6,11.375,124.4
26.9,30.9,1970,6,11.4166666667,124.4
26.8,30.7,1970,6,11.4583333333,124.4
26.6,30.6,1970,6,11.5,124.4
26.4,30.5,1970,6,11.5416666667,124.4
26.1,30.4,1970,6,11.5833333333,124.4
25.8,30.2,1970,6,11.625,124.4
25.4,30.1,1970,6,11.6666666667,124.4
25.1,30.0,1970,6,11.7083333333,124.4
24.8,29.9,1970,6,11.75,124.4
24.5,29.7,1970,6,11.7916666667,124.4
24.2,29.6,1970,6,11.8333333333,124.4
24.0,29.5,1970,6,11.875,124.4
23.7,29.4,1970,6,11.9166666667,124.4
23.6,29.3,1970,6,11.9583333333,124.4
23.6,29.1,1970,6,12.0,124.4
23.6,29.0,1970,6,12.0416666667,124.4
23.7,28.9,1970,6,12.0833333333,124.4
23.8,28.8,1970,6,12.125,124.4
23.9,28.6,1970,6,12.1666666667,124.4
23.9,28.5,1970,6,12.2083333333,124.4
24.0,28.4,1970,6,12.25,124.4
24.1,28.3,1970,6,12.2916666667,124.4
24.1,28.2,1970,6,12.3333333333,124.4
23.9,28.0,1970,6,12.375,124.4
23.7,27.9,1970,6,12.4166666667,124.4
23.6,27.8,1970,6,12.4583333333,124.4
23.4,27.7,1970,6,12.5,124.4
23.2,27.6,1970,6,12.5416666667,124.4
22.9,27.4,1970,6,12.5833333333,124.4
22.5,27.3,1970,6,12.625,124.4
22.1,27.2,1970,6,12.6666666667,124.4
21.7,27.1,1970,6,12.7083333333,124.4
21.2,27.0,1970,6,12.75,124.4
20.8,26.8,1970,6,12.7916666667,124.4
20.4,26.7,1970,6,12.8333333333,124.4
20.1,26.6,1970,6,12.875,124.4
19.7,26.5,1970,6,12.9166666667,124.4
19.7,26.4,1970,6,12.9583333333,124.4
19.7,26.2,1970,6,13.0,124.4
19.3,26.1,1970,6,13.0416666667,124.4
19.4,26.0,1970,6,13.0833333333,124.4
19.5,25.9,1970,6,13.125,124.4
19.6,25.8,1970,6,13.1666666667,124.4
19.7,25.7,1970,6,13.2083333333,124.4
19.8,25.6,1970,6,13.25,124.4
19.9,25.4,1970,6,13.2916666667,124.4
20.1,25.3,1970,6,13.3333333333,124.4
20.2,25.2,1970,6,13.375,124.4
19.7,25.1,1970,6,13.4166666667,124.4
19.6,25.0,1970,6,13.4583333333,124.4
19.4,24.9,1970,6,13.5,124.4
19.2,24.7,1970,6,13.5416666667,124.4
19.0,24.6,1970,6,13.5833333333,124.4
18.7,24.5,1970,6,13.625,124.4
18.4,24.4,1970,6,13.6666666667,124.4
18.2,24.3,1970,6,13.7083333333,124.4
20.2,24.2,1970,6,13.75,124.98
22.8,24.1,1970,6,13.7916666667,125.6
23.2,24.0,1970,6,13.8333333333,125.6
23.4,23.9,1970,6,13.875,125.6
24.6,23.7,1970,6,13.9166666667,125.6
26.0,23.6,1970,6,13.9583333333,125.6
27.2,23.5,1970,6,14.0,125.6
28.0,23.4,1970,6,14.0416666667,125.6
28.6,23.3,1970,6,14.0833333333,125.6
29.3,23.2,1970,6,14.125,125.6
29.9,23.1,1970,6,14.1666666667,125.6
30.4,23.0,1970,6,14.2083333333,125.6
30.6,22.9,1970,6,14.25,125.6
30.7,22.8,1970,6,14.2916666667,125.6
30.9,22.7,1970,6,14.3333333333,125.6
30.5,22.5,1970,6,14.375,125.6
31.0,22.4,1970,6,14.4166666667,125.6
30.4,22.3,1970,6,14.4583333333,125.6
30.4,22.2,1970,6,14.5,125.6
30.3,22.1,1970,6,14.5416666667,125.6
30.2,22.0,1970,6,14.5833333333,125.6
30.1,21.9,1970,6,14.625,125.6
30.0,21.8,1970,6,14.6666666667,125.6
29.9,21.7,1970,6,14.7083333333,125.6
29.9,21.6,1970,6,14.75,125.6
29.8,21.5,1970,6,14.7916666667,125.6
29.7,21.4,1970,6,14.8333333333,125.6
29.5,21.3,1970,6,14.875,125.6
29.4,21.2,1970,6,14.9166666667,125.6
29.2,21.1,1970,6,14.9583333333,125.6
29.1,21.0,1970,6,15.0,125.6
28.7,20.9,1970,6,15.0416666667,125.6
28.4,20.8,1970,6,15.0833333333,125.6
28.2,20.7,1970,6,15.125,125.6
28.1,20.6,1970,6,15.1666666667,125.6
27.9,20.5,1970,6,15.2083333333,125.6
27.7,20.4,1970,6,15.25,125.6
27.5,20.3,1970,6,15.2916666667,125.6
27.3,20.2,1970,6,15.3333333333,125.6
27.0,20.1,1970,6,15.375,125.6
26.8,20.0,1970,6,15.4166666667,125.6
26.6,19.9,1970,6,15.4583333333,125.6
26.3,19.8,1970,6,15.5,125.6
26.0,19.7,1970,6,15.5416666667,125.6
25.5,19.6,1970,6,15.5833333333,125.6
25.1,19.5,1970,6,15.625,125.6
24.7,19.4,1970,6,15.6666666667,125.6
24.3,19.3,1970,6,15.7083333333,125.6
23.9,19.2,1970,6,15.75,125.6
23.6,19.2,1970,6,15.7916666667,125.6
23.2,19.1,1970,6,15.8333333333,125.6
23.0,19.0,1970,6,15.875,125.6
22.8,18.9,1970,6,15.9166666667,125.6
22.6,18.8,1970,6,15.9583333333,125.6
22.4,18.7,1970,6,16.0,125.6
22.4,18.6,1970,6,16.0416666667,125.6
22.3,18.5,1970,6,16.0833333333,125.6
22.3,18.4,1970,6,16.125,125.6
22.2,18.3,1970,6,16.1666666667,125.6
22.2,18.2,1970,6,16.2083333333,125.6
22.1,18.2,1970,6,16.25,125.6
22.1,18.1,1970,6,16.2916666667,125.6
22.1,18.0,1970,6,16.3333333333,125.6
22.0,17.9,1970,6,16.375,125.6
22.0,17.8,1970,6,16.4166666667,125.6
21.9,17.7,1970,6,16.4583333333,125.6
21.9,17.6,1970,6,16.5,125.6
21.7,17.5,1970,6,16.5416666667,125.6
21.3,17.5,1970,6,16.5833333333,125.6
21.0,17.4,1970,6,16.625,125.6
20.6,17.3,1970,6,16.6666666667,125.6
20.2,17.2,1970,6,16.7083333333,125.6
19.8,17.1,1970,6,16.75,125.6
19.4,17.0,1970,6,16.7916666667,125.6
19.1,16.9,1970,6,16.8333333333,125.6
18.8,16.9,1970,6,16.875,125.6
18.7,16.8,1970,6,16.9166666667,125.6
18.7,16.7,1970,6,16.9583333333,125.6
18.7,16.6,1970,6,17.0,125.6
18.2,16.5,1970,6,17.0416666667,125.6
18.1,16.5,1970,6,17.0833333333,125.6
18.1,16.4,1970,6,17.125,125.6
18.1,16.3,1970,6,17.1666666667,125.6
18.0,16.2,1970,6,17.2083333333,125.6
18.0,16.1,1970,6,17.25,125.6
18.0,16.1,1970,6,17.2916666667,125.6
17.9,16.0,1970,6,17.3333333333,125.6
17.9,15.9,1970,6,17.375,125.6
17.8,15.8,1970,6,17.4166666667,125.6
17.8,15.7,1970,6,17.4583333333,125.6
17.8,15.7,1970,6,17.5,125.6
17.7,15.6,1970,6,17.5416666667,125.6
17.7,15.5,1970,6,17.5833333333,125.6
16.9,15.4,1970,6,17.625,125.6
16.5,15.4,1970,6,17.6666666667,125.6
16.1,15.3,1970,6,17.7083333333,125.6
15.7,15.2,1970,6,17.75,125.6
15.4,15.1,1970,6,17.7916666667,125.6
15.1,15.1,1970,6,17.8333333333,125.6
14.9,15.0,1970,6,17.875,125.6
14.7,14.9,1970,6,17.9166666667,125.6
14.6,14.8,1970,6,17.9583333333,125.6
14.4,14.8,1970,6,18.0,125.6
14.4,14.7,1970,6,18.0416666667,125.6
14.4,14.6,1970,6,18.0833333333,125.6
14.3,14.5,1970,6,18.125,125.6
14.3,14.5,1970,6,18.1666666667,125.6
14.3,14.4,1970,6,18.2083333333,125.6
14.2,14.3,1970,6,18.25,125.6
14.2,14.3,1970,6,18.2916666667,125.6
14.2,14.2,1970,6,18.3333333333,125.6
14.1,14.1,1970,6,18.375,125.6
14.1,14.1,1970,6,18.4166666667,125.6
14.1,14.0,1970,6,18.4583333333,125.6
14.0,13.9,1970,6,18.5,125.6
14.0,13.8,1970,6,18.5416666667,125.6
13.4,13.8,1970,6,18.5833333333,125.6
13.1,13.7,1970,6,18.625,125.6
12.7,13.6,1970,6,18.6666666667,125.6
12.4,13.6,1970,6,18.7083333333,125.6
12.1,13.5,1970,6,18.75,125.6
11.9,13.4,1970,6,18.7916666667,125.6
11.7,13.4,1970,6,18.8333333333,125.6
11.5,13.3,1970,6,18.875,125.6
11.4,13.2,1970,6,18.9166666667,125.6
11.2,13.2,1970,6,18.9583333333,125.6
11.1,13.1,1970,6,19.0,125.6
11.1,13.1,1970,6,19.0416666667,125.6
11.0,13.0,1970,6,19.0833333333,125.6
11.0,12.9,1970,6,19.125,125.6
10.9,12.9,1970,6,19.1666666667,125.6
10.9,12.8,1970,6,19.2083333333,125.6
10.8,12.7,1970,6,19.25,125.6
10.8,12.7,1970,6,19.2916666667,125.6
11.1,12.6,1970,6,19.3333333333,125.6
11.0,12.6,1970,6,19.375,125.6
11.0,12.5,1970,6,19.4166666667,125.6
10.9,12.4,1970,6,19.4583333333,125.6
10.8,12.4,1970,6,19.5,125.6
10.8,12.3,1970,6,19.5416666667,125.6
10.7,12.3,1970,6,19.5833333333,125.6
10.5,12.2,1970,6,19.625,125.6
10.4,12.1,1970,6,19.6666666667,125.6
9.9,12.1,1970,6,19.7083333333,125.6
9.6,12.0,1970,6,19.75,125.6
9.4,12.0,1970,6,19.7916666667,125.6
9.3,11.9,1970,6,19.8333333333,125.6
