delta_e,year,month,day,precip,tmax,tmin
0.1838313,2006,11,9,0.0,68.0,34.5
0.1741837,2006,11,10,0.0,47.5,20.6
0.1845006,2006,11,11,0.0,45.0,21.1
0.1747861,2006,11,12,0.0,48.3,24.4
0.1850442,2006,11,13,0.0,39.3,22.2
0.1670083,2006,11,14,0.07,50.7,33.8
0.180941,2006,11,15,0.0,46.8,21.1
0.1816536,2006,11,16,0.0,47.2,21.8
0.1822822,2006,11,17,0.0,60.5,31.5
0.1728389,2006,11,18,0.0,52.9,31.2
0.1733334,2006,11,19,0.0,52.7,30.0
0.1737742,2006,11,20,0.0,57.6,31.7
0.1741682,2006,11,21,0.0,62.9,37.4
0.1645214,2006,11,22,0.0,56.6,41.1
0.164839,2006,11,23,0.0,54.1,37.9
0.1351251,2006,11,24,0.0,50.3,18.8
0.1053836,2006,11,25,0.0,42.3,18.5
0.0856177,2006,11,26,0.0,43.9,20.7
0.0858303,2006,11,27,0.0,44.9,24.1
0.0616105,2006,11,28,0.04,37.2,19.7
0.0749451,2006,11,29,0.08,23.1,7.7
0.0852393,2006,11,30,0.0,19.6,-0.1
0.0755047,2006,12,1,0.0,40.6,9.7
0.0957447,2006,12,2,0.0,39.0,10.9
0.1159623,2006,12,3,0.0,27.0,6.9
0.1361601,2006,12,4,0.0,39.1,11.4
0.1363403,2006,12,5,0.0,45.3,17.8
0.1364496,2006,12,6,0.0,50.8,23.0
0.1266259,2006,12,7,0.0,48.9,24.6
0.1167672,2006,12,8,0.0,47.4,25.6
0.106897,2006,12,9,0.0,50.3,26.3
0.1070144,2006,12,10,0.0,48.4,27.4
0.0970005,2006,12,11,0.08,34.8,21.5
0.1071911,2006,12,12,0.0,39.3,21.2
0.1072898,2006,12,13,0.0,43.7,27.3
0.0971221,2006,12,14,0.0,48.7,31.2
0.0967689,2006,12,15,0.0,54.5,37.6
0.0467117,2006,12,16,0.12,53.3,23.3
0.0847764,2006,12,17,0.65,24.2,13.1
0.0864722,2006,12,18,0.07,20.6,11.6
0.0879197,2006,12,19,0.0,24.8,5.7
0.0891636,2006,12,20,0.0,27.5,7.1
0.0902393,2006,12,21,0.0,33.5,8.6
0.0911745,2006,12,22,0.01,37.1,15.8
0.0919918,2006,12,23,0.0,33.8,9.8
0.1027091,2006,12,24,0.0,40.6,10.9
0.1033414,2006,12,25,0.0,39.5,17.5
0.1131558,2006,12,26,0.0,50.6,25.8
0.1034275,2006,12,27,0.0,50.4,34.4
0.0443111,2006,12,28,0.14,41.9,20.8
0.0788714,2006,12,29,0.0,28.6,14.7
0.0634033,2006,12,30,0.0,35.0,14.6
0.0470747,2006,12,31,0.0,42.8,17.8
0.0400884,2007,1,1,0.0,37.8,17.2
0.0525907,2007,1,2,0.0,33.0,15.9
0.0646891,2007,1,3,0.0,41.0,20.6
0.0729543,2007,1,4,0.0,53.1,31.6
0.0444253,2007,1,5,0.12,47.2,17.0
0.0588855,2007,1,6,0.0,22.6,2.6
0.0716295,2007,1,7,0.0,36.1,7.6
0.0839164,2007,1,8,0.0,36.7,13.1
0.0858406,2007,1,9,0.0,45.1,21.8
0.0874734,2007,1,10,0.0,44.8,24.2
0.07863,2007,1,11,0.0,50.0,27.8
0.0882947,2007,1,12,0.5,34.8,7.9
0.0903428,2007,1,13,0.04,11.7,-8.2
0.0913543,2007,1,14,0.0,11.9,-8.1
0.0922347,2007,1,15,0.0,15.5,-4.8
0.0930048,2007,1,16,0.0,22.7,-1.9
0.0936814,2007,1,17,0.0,28.6,5.6
0.0942783,2007,1,18,0.0,34.4,5.1
0.0948068,2007,1,19,0.0,30.2,7.6
0.0952764,2007,1,20,0.0,33.7,11.4
0.095695,2007,1,21,0.0,37.9,10.2
0.0860693,2007,1,22,0.0,24.9,4.6
0.0864048,2007,1,23,0.0,34.3,8.3
0.0867065,2007,1,24,0.0,39.8,16.5
0.0869784,2007,1,25,0.0,43.8,20.6
0.077224,2007,1,26,0.0,48.7,21.3
0.0674466,2007,1,27,0.0,45.0,21.9
0.0576486,2007,1,28,0.0,41.4,15.9
0.0678325,2007,1,29,0.0,36.2,15.0
0.0580002,2007,1,30,0.0,39.9,18.3
0.0581535,2007,1,31,0.0,37.7,17.8
0.0682941,2007,2,1,0.03,26.1,8.8
0.0584231,2007,2,2,0.0,29.8,5.4
0.088542,2007,2,3,0.0,39.4,8.7
0.0858099,2007,2,4,0.0,52.5,25.0
0.0759634,2007,2,5,0.0,51.6,28.3
0.0458819,2007,2,6,0.0,52.6,30.5
0.0293124,2007,2,7,0.0,57.9,33.5
0.0258511,2007,2,8,0.0,53.6,33.7
0.0280691,2007,2,9,0.0,50.1,32.0
0.0307216,2007,2,10,0.0,48.4,31.7
-0.0002751,2007,2,11,0.01,50.6,33.4
0.0220005,2007,2,12,0.05,45.7,27.3
-0.0818324,2007,2,13,0.88,41.3,24.1
-0.0006779,2007,2,14,0.07,33.4,18.7
0.0063781,2007,2,15,0.0,35.2,15.2
0.0117104,2007,2,16,0.0,44.2,21.0
0.0159743,2007,2,17,0.0,48.3,27.8
0.0290132,2007,2,18,0.0,49.1,26.3
-0.2671615,2007,2,19,0.32,50.6,26.9
-0.0363707,2007,2,20,0.09,31.6,11.4
-0.0077815,2007,2,21,0.0,45.4,17.6
-0.0049003,2007,2,22,0.0,49.4,30.0
-0.0355144,2007,2,23,0.1,46.3,24.0
0.0159105,2007,2,24,0.08,33.4,14.1
0.0261251,2007,2,25,0.0,35.5,11.8
0.0320902,2007,2,26,0.03,36.8,22.4
0.0342791,2007,2,27,0.03,39.5,21.4
0.0323533,2007,2,28,0.42,32.7,17.3
0.0264726,2007,3,1,0.0,29.6,11.4
0.0298219,2007,3,2,0.0,31.1,11.4
0.0525878,2007,3,3,0.01,33.7,12.2
0.0648963,2007,3,4,0.0,37.1,11.8
0.0468408,2007,3,5,0.0,49.0,22.4
0.0359186,2007,3,6,0.0,53.4,30.2
0.0422142,2007,3,7,0.0,52.2,30.7
0.0360859,2007,3,8,0.0,54.5,31.2
0.0379988,2007,3,9,0.0,53.7,31.2
0.0407786,2007,3,10,0.0,57.0,31.4
0.0410144,2007,3,11,0.0,52.9,28.7
0.0441187,2007,3,12,0.0,57.9,30.5
0.0537386,2007,3,13,0.0,64.5,37.3
0.0544744,2007,3,14,0.0,68.8,41.2
0.0669797,2007,3,15,0.0,64.1,35.8
0.0687996,2007,3,16,0.0,57.2,32.5
0.0698017,2007,3,17,0.0,66.7,35.9
0.0706253,2007,3,18,0.0,70.4,43.2
0.0719023,2007,3,19,0.0,67.5,40.6
0.0728693,2007,3,20,0.0,66.7,39.8
-0.028855,2007,3,21,0.26,60.2,32.1
-0.0107644,2007,3,22,0.33,39.9,27.5
0.041506,2007,3,23,0.0,49.8,28.0
0.0346768,2007,3,24,0.0,51.5,31.8
0.0416926,2007,3,25,0.0,57.0,32.3
0.0490799,2007,3,26,0.0,63.1,37.0
0.0540326,2007,3,27,0.0,60.5,40.0
0.0397099,2007,3,28,0.13,42.2,24.0
0.0564651,2007,3,29,0.11,32.3,24.9
0.0599478,2007,3,30,0.0,37.7,22.2
0.0627909,2007,3,31,0.0,49.9,25.1
0.0651603,2007,4,1,0.0,59.8,35.5
0.0671536,2007,4,2,0.0,61.5,37.3
0.0688445,2007,4,3,0.0,61.8,32.0
0.0702895,2007,4,4,0.0,58.1,30.6
0.0715324,2007,4,5,0.0,65.7,39.3
0.0826079,2007,4,6,0.0,62.9,42.1
0.0835433,2007,4,7,0.0,64.9,41.5
0.094361,2007,4,8,0.03,64.2,40.2
0.0907244,2007,4,9,0.07,53.8,32.2
0.0946324,2007,4,10,0.0,61.2,29.4
0.0953228,2007,4,11,0.0,45.5,24.2
0.095932,2007,4,12,0.03,41.9,22.4
0.0964715,2007,4,13,0.05,43.0,25.1
0.0969507,2007,4,14,0.0,50.5,27.7
0.0973778,2007,4,15,0.0,58.1,34.0
0.0763896,2007,4,16,0.07,48.5,35.6
0.0852368,2007,4,17,0.0,57.5,35.5
0.1016156,2007,4,18,0.0,63.9,34.2
0.0934156,2007,4,19,0.04,38.3,19.6
0.1053638,2007,4,20,0.03,44.3,17.2
0.1009561,2007,4,21,0.15,40.7,26.9
0.1152514,2007,4,22,0.03,50.5,27.8
-0.0084455,2007,4,23,0.53,40.3,31.2
0.0842177,2007,4,24,0.27,45.9,32.0
0.0803283,2007,4,25,0.0,57.1,37.7
0.048812,2007,4,26,0.0,62.1,37.4
0.0660611,2007,4,27,0.0,62.0,38.7
0.0865076,2007,4,28,0.0,65.7,40.0
0.1252442,2007,4,29,0.0,73.8,46.1
0.1814991,2007,4,30,0.0,76.5,50.0
0.2060651,2007,5,1,0.0,75.2,47.2
0.2143395,2007,5,2,0.06,71.1,47.5
0.2581352,2007,5,3,0.06,67.5,36.1
0.2640491,2007,5,4,0.09,50.9,31.7
0.2743131,2007,5,5,0.1,40.5,30.1
0.26834,2007,5,6,0.0,46.5,29.1
0.2616299,2007,5,7,0.0,55.8,34.4
0.25435,2007,5,8,0.0,62.4,33.6
0.2666222,2007,5,9,0.0,71.4,43.9
0.2985378,2007,5,10,0.0,75.9,47.8
0.3501658,2007,5,11,0.0,76.6,49.7
0.4115592,2007,5,12,0.0,77.1,49.0
0.4527595,2007,5,13,0.0,76.8,52.4
0.4637994,2007,5,14,0.0,73.1,42.5
0.474705,2007,5,15,0.0,69.3,41.3
0.4654973,2007,5,16,0.0,72.7,44.5
0.5461934,2007,5,17,0.0,77.0,49.7
0.5968075,2007,5,18,0.0,76.8,52.6
0.607351,2007,5,19,0.0,77.8,54.3
0.6078338,2007,5,20,0.0,76.9,51.6
0.6182638,2007,5,21,0.0,76.6,50.9
0.6286481,2007,5,22,0.0,65.6,28.4
0.6289923,2007,5,23,0.0,53.7,30.7
0.6193015,2007,5,24,0.0,55.5,38.1
0.6095799,2007,5,25,0.0,64.6,42.7
0.5998311,2007,5,26,0.0,73.3,45.7
0.5900584,2007,5,27,0.0,77.8,52.2
0.5802645,2007,5,28,0.0,78.5,53.2
0.5766826,2007,5,29,0.02,75.9,44.7
0.5696197,2007,5,30,0.0,66.5,39.8
0.5698801,2007,5,31,0.0,73.1,44.0
0.5601155,2007,6,1,0.0,78.4,50.1
0.5603286,2007,6,2,0.0,80.4,52.3
0.5605222,2007,6,3,0.0,81.4,55.9
0.5606983,2007,6,4,0.0,82.2,56.8
0.5608589,2007,6,5,0.0,83.8,59.0
0.4941528,2007,6,6,0.33,76.8,37.0
0.556062,2007,6,7,0.03,49.5,33.6
0.5720109,2007,6,8,0.0,50.6,33.0
0.5585886,2007,6,9,0.0,68.0,36.9
0.5419833,2007,6,10,0.0,76.5,44.5
0.4947856,2007,6,11,0.0,78.7,51.9
0.4971235,2007,6,12,0.0,76.5,49.7
0.4847045,2007,6,13,0.01,75.0,50.5
0.4795788,2007,6,14,0.0,81.1,55.1
0.4811812,2007,6,15,0.0,86.4,58.6
0.4725536,2007,6,16,0.0,87.6,60.9
0.4737366,2007,6,17,0.0,86.5,60.0
0.4847621,2007,6,18,0.0,79.0,47.9
0.4856555,2007,6,19,0.0,79.6,47.4
0.4864375,2007,6,20,0.0,86.3,55.9
0.4771249,2007,6,21,0.0,85.2,57.6
0.4477313,2007,6,22,0.0,86.3,55.3
0.4382683,2007,6,23,0.0,90.3,61.5
0.4187454,2007,6,24,0.0,88.9,59.6
0.4191704,2007,6,25,0.0,85.4,56.4
0.4195503,2007,6,26,0.0,79.5,51.8
0.4098906,2007,6,27,0.0,85.3,52.6
0.4001964,2007,6,28,0.0,86.2,57.3
0.4004717,2007,6,29,0.0,87.0,57.4
0.3907202,2007,6,30,0.0,87.2,59.8
0.380945,2007,7,1,0.0,87.7,60.6
0.3711488,2007,7,2,0.0,91.5,61.2
0.351334,2007,7,3,0.0,91.1,60.8
0.3415027,2007,7,4,0.0,90.5,61.6
0.3316566,2007,7,5,0.0,90.9,63.6
0.3317974,2007,7,6,0.0,90.6,64.4
0.3219265,2007,7,7,0.0,94.9,66.0
0.3220451,2007,7,8,0.0,91.0,64.7
0.3221543,2007,7,9,0.0,91.1,62.0
0.3222551,2007,7,10,0.0,90.8,61.2
0.3223483,2007,7,11,0.0,91.4,62.9
0.3125687,2007,7,12,0.04,83.6,57.5
0.3097829,2007,7,13,0.0,87.1,60.1
0.2901443,2007,7,14,0.0,92.3,64.4
0.2904684,2007,7,15,0.0,91.4,67.0
0.3007597,2007,7,16,0.0,89.5,65.2
0.2909162,2007,7,17,0.09,86.3,59.1
0.2884439,2007,7,18,0.0,87.4,62.1
0.2789737,2007,7,19,0.0,89.5,64.9
0.2794441,2007,7,20,0.0,88.2,61.9
0.2798632,2007,7,21,0.0,87.6,64.4
0.2802375,2007,7,22,0.0,89.1,64.3
0.2805729,2007,7,23,0.0,88.6,66.0
0.3008741,2007,7,24,0.0,83.1,63.4
0.3274603,2007,7,25,0.04,78.3,59.3
0.2338767,2007,7,26,0.2,78.6,56.2
0.2788694,2007,7,27,0.02,82.5,55.6
0.2742563,2007,7,28,0.0,80.9,59.3
0.2768737,2007,7,29,0.0,87.6,63.3
0.2790648,2007,7,30,0.0,89.7,66.0
0.2809152,2007,7,31,0.0,90.6,65.6
0.2840639,2007,8,1,0.07,86.3,58.7
0.2015851,2007,8,2,0.34,80.8,58.4
0.0055854,2007,8,3,0.52,72.1,58.4
0.2306078,2007,8,4,0.0,80.2,57.2
0.2510885,2007,8,5,0.0,87.0,61.1
0.265745,2007,8,6,0.0,83.7,60.8
0.2765905,2007,8,7,0.0,80.1,60.5
0.2848371,2007,8,8,0.0,80.3,56.4
0.2912502,2007,8,9,0.0,82.9,55.3
0.2963324,2007,8,10,0.0,82.3,58.4
0.2904251,2007,8,11,0.0,82.5,59.8
0.2937666,2007,8,12,0.0,85.0,61.6
0.2765275,2007,8,13,0.0,86.3,62.1
0.2788325,2007,8,14,0.0,89.4,63.2
0.2707747,2007,8,15,0.0,88.4,66.8
0.2724243,2007,8,16,0.0,87.2,63.5
0.2482376,2007,8,17,0.09,86.7,58.2
0.2678724,2007,8,18,0.0,85.9,60.2
0.2599814,2007,8,19,0.0,84.3,63.2
0.2617658,2007,8,20,0.0,83.9,58.3
0.263287,2007,8,21,0.0,85.3,54.4
0.2545928,2007,8,22,0.0,87.8,57.8
0.2557205,2007,8,23,0.0,87.6,55.2
0.2566995,2007,8,24,0.0,80.5,53.7
0.2475538,2007,8,25,0.0,84.0,54.3
0.2383026,2007,8,26,0.0,88.3,62.2
0.2489615,2007,8,27,0.0,86.5,56.0
0.2395436,2007,8,28,0.0,80.8,54.8
0.2400594,2007,8,29,0.0,80.6,58.4
0.2305181,2007,8,30,0.0,83.0,61.5
0.2151565,2007,8,31,0.03,83.7,59.7
0.2197304,2007,9,1,0.0,84.3,61.2
0.2102361,2007,9,2,0.0,86.0,62.5
0.2048968,2007,9,3,0.0,84.7,61.2
0.2095146,2007,9,4,0.0,85.8,58.8
0.2061867,2007,9,5,0.0,82.5,55.8
0.2094776,2007,9,6,0.0,77.5,48.0
0.2000284,2007,9,7,0.0,72.8,47.5
0.200517,2007,9,8,0.0,81.3,51.6
0.2009519,2007,9,9,0.0,81.1,54.3
0.19134,2007,9,10,0.0,77.9,49.1
0.1916874,2007,9,11,0.0,69.4,47.6
0.1919992,2007,9,12,0.0,76.6,49.6
0.1822797,2007,9,13,0.0,80.6,54.0
0.1825326,2007,9,14,0.0,79.9,57.0
0.1727612,2007,9,15,0.0,77.2,57.6
0.1729684,2007,9,16,0.0,76.5,52.2
0.1831565,2007,9,17,0.0,73.7,48.0
0.1833276,2007,9,18,0.0,67.4,41.7
0.1734837,2007,9,19,0.0,69.9,40.8
0.1736263,2007,9,20,0.0,68.6,46.0
0.173757,2007,9,21,0.0,73.1,48.3
-0.0960115,2007,9,22,0.02,72.4,50.2
-0.2987272,2007,9,23,1.01,60.2,42.1
0.0581256,2007,9,24,0.06,53.6,33.8
0.1248779,2007,9,25,0.0,50.4,31.4
0.1405751,2007,9,26,0.0,55.7,32.0
0.1485155,2007,9,27,0.0,61.7,38.3
0.1543397,2007,9,28,0.0,67.8,44.6
0.1697942,2007,9,29,0.03,66.1,41.9
0.1743089,2007,9,30,0.0,46.5,27.0
0.1730023,2007,10,1,0.0,61.8,29.5
0.17799,2007,10,2,0.0,63.3,31.7
0.1820115,2007,10,3,0.0,58.6,29.7
0.1752984,2007,10,4,0.0,69.7,44.5
0.1780167,2007,10,5,0.0,68.5,47.7
0.190288,2007,10,6,0.15,52.1,28.9
0.1822031,2007,10,7,0.0,43.6,26.4
0.1838307,2007,10,8,0.0,50.2,26.9
0.185224,2007,10,9,0.0,63.6,33.9
0.1764242,2007,10,10,0.0,68.9,39.0
0.1774639,2007,10,11,0.0,65.6,38.5
0.1783693,2007,10,12,0.0,58.7,34.8
0.1791614,2007,10,13,0.0,56.9,39.8
0.1654772,2007,10,14,0.11,51.4,36.1
0.1632608,2007,10,15,0.03,56.8,37.4
0.1666859,2007,10,16,0.0,63.0,39.3
0.1677102,2007,10,17,0.0,55.9,34.1
0.1664917,2007,10,18,0.01,44.4,27.9
0.1634491,2007,10,19,0.04,52.9,25.6
0.1681155,2007,10,20,0.0,68.3,40.2
0.168965,2007,10,21,0.0,56.4,26.1
0.1697097,2007,10,22,0.0,40.7,23.8
0.1703651,2007,10,23,0.0,52.3,26.5
0.1709441,2007,10,24,0.0,58.3,35.4
0.1614573,2007,10,25,0.0,66.7,37.2
0.1619137,2007,10,26,0.0,70.1,41.3
0.1623207,2007,10,27,0.0,59.9,37.8
0.1626848,2007,10,28,0.0,58.6,37.9
0.1630113,2007,10,29,0.0,64.8,40.4
0.1633048,2007,10,30,0.0,62.9,41.6
0.1635692,2007,10,31,0.0,58.2,33.8
0.1638081,2007,11,1,0.0,51.3,30.8
0.1540244,2007,11,2,0.0,54.9,28.9
0.1542206,2007,11,3,0.0,49.6,27.7
0.154399,2007,11,4,0.0,53.7,28.4
0.1545616,2007,11,5,0.0,56.9,29.5
0.1547101,2007,11,6,0.0,60.6,34.4
0.154846,2007,11,7,0.0,60.9,35.8
0.1449707,2007,11,8,0.0,63.4,37.9
0.1450853,2007,11,9,0.0,64.4,40.7
0.145191,2007,11,10,0.0,58.6,40.3
0.1452885,2007,11,11,0.0,61.8,38.4
0.1355039,2007,11,12,0.03,50.9,28.7
0.1427664,2007,11,13,0.0,49.6,25.5
0.1431268,2007,11,14,0.0,60.4,33.0
0.1434501,2007,11,15,0.0,44.5,24.4
0.1437408,2007,11,16,0.0,59.0,31.0
0.1440028,2007,11,17,0.0,60.0,37.2
0.1342395,2007,11,18,0.0,62.5,37.9
0.1344538,2007,11,19,0.0,65.0,37.8
0.1346483,2007,11,20,0.0,64.2,32.2
0.1248252,2007,11,21,0.0,41.5,14.3
0.1249865,2007,11,22,0.0,30.6,11.6
0.1251338,2007,11,23,0.0,30.0,12.0
0.1152686,2007,11,24,0.0,35.8,14.7
0.1153924,2007,11,25,0.0,44.1,19.6
0.1155062,2007,11,26,0.0,48.8,24.3
0.1056111,2007,11,27,0.0,44.1,24.0
0.095708,2007,11,28,0.0,47.2,14.3
0.0757977,2007,11,29,0.0,42.8,14.2
0.055881,2007,11,30,0.0,46.7,24.4
0.0261509,2007,12,1,0.05,43.4,23.1
0.0333401,2007,12,2,0.07,31.3,11.7
0.0336882,2007,12,3,0.0,39.0,13.4
0.0314501,2007,12,4,0.0,56.3,28.1
0.0311293,2007,12,5,0.0,59.5,33.9
0.032521,2007,12,6,0.0,48.9,29.1
-0.019064,2007,12,7,0.2,41.7,29.3
-0.0231777,2007,12,8,0.47,38.0,26.6
0.007074,2007,12,9,0.94,28.7,19.7
0.0016364,2007,12,10,0.01,26.6,8.8
0.0053246,2007,12,11,0.05,25.2,7.7
0.0083468,2007,12,12,0.0,26.0,4.6
0.0108523,2007,12,13,0.0,31.3,6.5
0.0129509,2007,12,14,0.0,31.0,7.0
0.0147242,2007,12,15,0.0,24.3,3.4
0.0162346,2007,12,16,0.0,34.1,10.9
0.01753,2007,12,17,0.0,35.8,16.4
0.018648,2007,12,18,0.0,38.9,20.6
0.0190926,2007,12,19,0.04,37.3,23.3
0.0202766,2007,12,20,0.0,41.2,26.9
0.0097127,2007,12,21,0.18,40.7,14.9
0.0174694,2007,12,22,0.0,23.6,3.0
0.0187244,2007,12,23,0.0,27.4,7.6
0.0197848,2007,12,24,0.0,39.4,22.1
-0.0089698,2007,12,25,0.06,47.0,13.3
0.0096665,2007,12,26,0.0,24.4,6.4
0.0121296,2007,12,27,0.1,28.8,7.5
0.0141665,2007,12,28,0.0,22.1,3.9
0.0158709,2007,12,29,0.0,29.5,10.1
0.0173114,2007,12,30,0.0,33.6,13.6
0.0185393,2007,12,31,0.0,40.7,9.2
0.0195938,2008,1,1,0.0,26.5,4.1
0.0205054,2008,1,2,0.0,34.2,13.2
0.0212981,2008,1,3,0.0,49.1,21.3
0.0219909,2008,1,4,0.0,45.6,28.4
-0.4617122,2008,1,5,0.27,44.4,31.5
-0.0848588,2008,1,6,0.35,34.6,24.4
-0.0573592,2008,1,7,0.0,32.6,13.4
-0.0392704,2008,1,8,0.0,32.5,10.8
-0.0261662,2008,1,9,0.0,38.3,15.1
-0.0163721,2008,1,10,0.0,35.1,15.7
-0.0088631,2008,1,11,0.0,43.3,17.5
-0.0029827,2008,1,12,0.0,39.7,16.2
0.0017047,2008,1,13,0.0,42.0,17.9
0.0054984,2008,1,14,0.0,36.7,14.2
0.0086095,2008,1,15,0.0,44.2,19.7
0.0111901,2008,1,16,0.0,44.1,2.1
0.0133519,2008,1,17,0.0,18.4,-1.6
0.015179,2008,1,18,0.0,26.9,5.8
0.0167351,2008,1,19,0.0,33.1,12.2
0.0180696,2008,1,20,0.0,41.1,17.2
0.0153867,2008,1,21,0.06,40.9,20.3
0.0187139,2008,1,22,0.18,28.1,13.6
0.0198001,2008,1,23,0.01,24.2,5.8
0.0207409,2008,1,24,0.03,24.0,6.1
0.0215601,2008,1,25,0.04,29.2,13.7
0.022277,2008,1,26,0.0,34.1,18.3
0.0229072,2008,1,27,0.0,39.1,17.6
-0.0309119,2008,1,28,0.13,40.3,26.2
0.0042079,2008,1,29,0.25,29.6,6.0
0.0078413,2008,1,30,0.0,30.2,4.3
0.0106829,2008,1,31,0.0,23.5,3.1
0.0130103,2008,2,1,0.0,38.8,5.6
0.0149604,2008,2,2,0.03,33.3,15.5
0.0166088,2008,2,3,0.08,31.0,17.9
0.0180138,2008,2,4,0.25,29.2,12.1
0.0192198,2008,2,5,0.0,25.3,4.2
0.0202616,2008,2,6,0.0,25.8,5.0
0.0211666,2008,2,7,0.0,36.2,13.7
0.0219272,2008,2,8,0.0,45.7,18.2
0.0223431,2008,2,9,0.0,45.6,19.7
0.0231051,2008,2,10,0.0,47.3,24.1
0.0225501,2008,2,11,0.0,50.6,27.7
0.0276968,2008,2,12,0.0,45.6,24.1
0.0259499,2008,2,13,0.0,48.2,24.7
-0.0360639,2008,2,14,0.15,48.3,13.4
0.0064112,2008,2,15,0.07,22.7,9.7
0.0107002,2008,2,16,0.0,33.2,9.1
0.0137538,2008,2,17,0.0,42.8,16.5
0.0161031,2008,2,18,0.0,39.7,18.5
0.0179247,2008,2,19,0.0,43.9,19.5
0.02146,2008,2,20,0.0,46.4,22.4
0.0261494,2008,2,21,0.23,35.5,26.5
0.0188954,2008,2,22,0.37,36.9,26.8
0.0222854,2008,2,23,0.06,37.0,22.1
0.0197206,2008,2,24,0.01,39.6,25.9
0.0113334,2008,2,25,0.21,38.8,25.5
0.0228235,2008,2,26,0.0,44.0,23.0
0.0325562,2008,2,27,0.0,43.9,22.2
0.0346282,2008,2,28,0.0,54.1,26.0
0.0465531,2008,2,29,0.0,50.6,27.3
0.0471681,2008,3,1,0.0,57.4,28.7
0.0455768,2008,3,2,0.0,53.2,21.5
0.0492068,2008,3,3,0.0,33.6,13.5
0.0504177,2008,3,4,0.0,44.7,14.9
0.051402,2008,3,5,0.0,45.8,17.0
0.0522394,2008,3,6,0.0,34.7,12.1
0.0529569,2008,3,7,0.0,40.6,13.0
0.0533533,2008,3,8,0.04,47.2,23.2
0.0291987,2008,3,9,0.01,45.1,22.6
0.0507661,2008,3,10,0.0,41.9,21.8
0.0424935,2008,3,11,0.0,50.6,25.4
0.0297437,2008,3,12,0.0,59.0,30.8
0.022843,2008,3,13,0.0,53.5,30.5
0.0238604,2008,3,14,0.02,53.1,30.0
0.0395805,2008,3,15,0.0,42.3,23.2
0.0448309,2008,3,16,0.06,33.1,17.5
0.0486833,2008,3,17,0.0,31.4,15.5
0.0515087,2008,3,18,0.0,42.2,18.0
0.0523651,2008,3,19,0.0,48.4,25.4
0.0417314,2008,3,20,0.0,55.5,30.1
0.0475895,2008,3,21,0.0,51.0,27.4
0.0518461,2008,3,22,0.0,51.1,24.3
0.064201,2008,3,23,0.0,44.6,21.5
0.0660105,2008,3,24,0.0,55.7,24.8
0.0593516,2008,3,25,0.0,59.8,33.3
0.059128,2008,3,26,0.0,59.4,33.2
0.0479696,2008,3,27,0.0,57.5,28.8
0.0361242,2008,3,28,0.0,43.4,19.9
0.0458514,2008,3,29,0.0,48.4,25.1
-0.0561318,2008,3,30,0.12,53.5,22.8
0.0183413,2008,3,31,0.08,34.2,21.8
0.0494875,2008,4,1,0.0,34.1,18.1
0.0358783,2008,4,2,0.0,45.8,19.1
0.0409032,2008,4,3,0.0,44.5,24.9
0.044926,2008,4,4,0.0,45.7,24.2
0.042562,2008,4,5,0.0,52.5,27.6
0.0481166,2008,4,6,0.0,49.1,26.4
0.0459691,2008,4,7,0.0,52.1,27.8
0.0510272,2008,4,8,0.0,46.3,23.3
0.0323001,2008,4,9,0.02,42.8,24.8
0.0429249,2008,4,10,0.0,39.8,22.6
0.0448622,2008,4,11,0.0,44.2,21.3
0.0465027,2008,4,12,0.0,46.0,21.2
0.0447498,2008,4,13,0.0,57.7,29.3
0.0455966,2008,4,14,0.0,62.7,35.2
0.0418671,2008,4,15,0.0,68.9,44.8
0.0472255,2008,4,16,0.0,52.7,21.3
0.0404913,2008,4,17,0.0,38.7,18.7
0.0431493,2008,4,18,0.0,53.8,21.4
0.0402462,2008,4,19,0.0,63.6,35.6
0.03569,2008,4,20,0.0,59.8,39.2
0.0428758,2008,4,21,0.0,45.2,18.2
0.0551801,2008,4,22,0.0,49.6,16.7
0.0269706,2008,4,23,0.04,62.2,31.4
0.0438865,2008,4,24,0.0,57.7,33.2
0.046133,2008,4,25,0.0,46.2,24.0
0.0502155,2008,4,26,0.0,57.0,26.0
0.0537071,2008,4,27,0.0,52.7,28.1
0.0638029,2008,4,28,0.0,60.8,29.5
0.0804436,2008,4,29,0.0,71.5,43.6
0.1023173,2008,4,30,0.0,68.4,42.8
0.0864529,2008,5,1,0.0,45.8,24.0
0.0983601,2008,5,2,0.0,44.0,22.9
0.09986,2008,5,3,0.0,50.9,26.4
0.1001672,2008,5,4,0.0,55.9,34.6
0.1176139,2008,5,5,0.0,60.4,38.5
0.1251943,2008,5,6,0.0,63.3,41.1
0.1450639,2008,5,7,0.0,67.5,45.9
0.0089493,2008,5,8,0.25,60.2,34.1
0.1360772,2008,5,9,0.01,58.6,34.1
0.1533421,2008,5,10,0.0,60.1,30.9
0.1890636,2008,5,11,0.0,57.8,28.9
0.2335065,2008,5,12,0.0,69.4,38.3
0.2090983,2008,5,13,0.03,43.2,27.5
0.2356437,2008,5,14,0.01,55.3,30.6
0.2488921,2008,5,15,0.0,61.8,41.4
0.2916039,2008,5,16,0.0,63.5,41.4
0.3638567,2008,5,17,0.0,70.8,44.5
0.425766,2008,5,18,0.0,77.3,49.2
0.517405,2008,5,19,0.0,83.4,54.4
0.6588336,2008,5,20,0.0,83.6,55.9
0.7511134,2008,5,21,0.03,83.1,42.1
0.7688467,2008,5,22,0.01,51.3,32.7
0.7300671,2008,5,23,0.05,42.7,31.1
0.5757431,2008,5,24,0.18,45.3,30.0
0.6082364,2008,5,25,0.0,53.5,31.9
0.5904032,2008,5,26,0.02,51.3,34.9
0.5361636,2008,5,27,0.01,54.3,36.8
0.504458,2008,5,28,0.0,62.1,37.6
0.500872,2008,5,29,0.0,62.6,38.3
0.4933348,2008,5,30,0.0,63.0,38.5
0.4954036,2008,5,31,0.0,67.2,40.9
0.5171562,2008,6,1,0.0,73.1,46.1
0.5586522,2008,6,2,0.0,74.9,46.0
0.6299379,2008,6,3,0.0,72.1,45.0
0.7188804,2008,6,4,0.0,72.0,43.3
0.3859475,2008,6,5,0.5,51.5,34.1
0.6397813,2008,6,6,0.03,61.8,38.1
0.694249,2008,6,7,0.01,74.2,39.5
0.6753984,2008,6,8,0.03,56.3,35.4
0.695841,2008,6,9,0.0,63.1,35.6
0.753292,2008,6,10,0.0,76.2,44.9
0.7891327,2008,6,11,0.0,76.5,37.5
0.8037928,2008,6,12,0.0,60.8,35.1
0.8375678,2008,6,13,0.0,65.6,36.0
0.8506658,2008,6,14,0.0,76.7,45.7
0.8632371,2008,6,15,0.0,82.8,55.0
0.8853927,2008,6,16,0.0,84.0,56.2
0.9372156,2008,6,17,0.0,85.1,57.6
0.9387691,2008,6,18,0.0,85.8,57.3
1.0401022,2008,6,19,0.0,83.0,54.2
1.0412532,2008,6,20,0.0,82.1,52.9
1.0422526,2008,6,21,0.0,84.0,56.5
1.0431247,2008,6,22,0.0,86.5,58.6
0.9438892,2008,6,23,0.0,84.2,58.8
0.9445622,2008,6,24,0.0,84.2,58.0
0.9451569,2008,6,25,0.0,86.6,58.0
0.9456842,2008,6,26,0.0,83.9,56.7
0.9461534,2008,6,27,0.0,84.8,55.6
0.9465722,2008,6,28,0.0,84.0,55.7
0.946947,2008,6,29,0.0,87.3,59.0
0.9272834,2008,6,30,0.0,86.8,63.7
0.9175861,2008,7,1,0.0,87.1,64.5
0.9078592,2008,7,2,0.0,87.7,62.7
0.8981061,2008,7,3,0.0,88.5,60.5
0.86833,2008,7,4,0.0,90.8,66.3
0.8585334,2008,7,5,0.0,87.0,66.5
0.8487186,2008,7,6,0.0,86.8,61.8
0.8288877,2008,7,7,0.0,81.1,57.2
0.8090424,2008,7,8,0.0,84.5,57.9
0.7891843,2008,7,9,0.0,85.2,59.4
0.7693147,2008,7,10,0.0,87.6,61.4
0.7494349,2008,7,11,0.0,90.5,63.8
0.7095458,2008,7,12,0.0,82.5,59.3
0.6896486,2008,7,13,0.0,82.7,58.4
0.669744,2008,7,14,0.0,78.0,63.1
0.6598327,2008,7,15,0.0,82.4,63.1
0.6499503,2008,7,16,0.04,83.0,58.7
0.6183837,2008,7,17,0.03,82.3,58.0
0.5819667,2008,7,18,0.0,83.4,60.0
0.554689,2008,7,19,0.0,89.6,61.2
0.565354,2008,7,20,0.0,89.7,61.7
0.5287666,2008,7,21,0.07,82.9,55.9
0.5287794,2008,7,22,0.0,80.9,56.7
0.5202498,2008,7,23,0.0,85.0,57.2
0.5115141,2008,7,24,0.0,87.3,58.0
0.4826077,2008,7,25,0.0,89.5,60.8
0.4635588,2008,7,26,0.0,90.9,64.7
0.480433,2008,7,27,0.01,90.2,61.3
0.4038606,2008,7,28,0.17,83.6,56.2
0.4456913,2008,7,29,0.0,87.3,58.9
0.4393614,2008,7,30,0.0,87.4,58.3
0.412378,2008,7,31,0.0,88.0,60.3
0.4048851,2008,8,1,0.0,89.6,62.0
0.3969893,2008,8,2,0.0,90.4,60.8
0.3987705,2008,8,3,0.0,88.7,61.4
0.3902899,2008,8,4,0.0,88.2,61.8
0.3815947,2008,8,5,0.0,88.7,62.8
-0.3511998,2008,8,6,0.59,80.4,57.7
-0.3895333,2008,8,7,0.49,81.1,58.3
0.1412433,2008,8,8,0.06,78.2,60.1
0.2136483,2008,8,9,0.0,80.8,58.4
0.2251529,2008,8,10,0.0,83.3,56.9
0.2496205,2008,8,11,0.0,84.5,55.7
0.266817,2008,8,12,0.0,80.8,54.2
0.2693568,2008,8,13,0.0,86.2,56.6
0.2687801,2008,8,14,0.0,86.7,60.6
0.2559709,2008,8,15,0.0,88.5,59.7
0.261619,2008,8,16,0.0,82.4,55.4
0.256136,2008,8,17,0.0,78.3,54.0
0.2498022,2008,8,18,0.0,81.2,55.5
0.2528161,2008,8,19,0.0,85.8,58.4
0.2353214,2008,8,20,0.0,83.9,56.8
0.2274242,2008,8,21,0.0,82.3,56.1
0.2192044,2008,8,22,0.0,86.2,57.6
0.2207231,2008,8,23,0.0,82.2,54.8
0.2120273,2008,8,24,0.0,87.0,58.0
0.1931543,2008,8,25,0.0,88.4,59.9
0.1941334,2008,8,26,0.0,85.5,61.1
0.1949883,2008,8,27,0.0,79.3,55.3
0.185738,2008,8,28,0.0,80.8,53.0
0.1863983,2008,8,29,0.0,80.6,54.4
0.186982,2008,8,30,0.0,82.7,56.7
0.1866784,2008,8,31,0.07,85.9,54.7
-0.1358501,2008,9,1,0.57,75.1,44.3
0.1831971,2008,9,2,0.0,62.0,38.3
0.2023554,2008,9,3,0.0,64.1,38.8
0.2061623,2008,9,4,0.0,72.1,46.3
0.2164376,2008,9,5,0.0,78.2,47.6
0.2142875,2008,9,6,0.0,73.2,46.2
0.2204164,2008,9,7,0.0,76.4,49.2
0.2152898,2008,9,8,0.0,79.9,53.4
0.229226,2008,9,9,0.0,79.7,54.7
0.2073786,2008,9,10,0.11,71.9,49.0
0.2184239,2008,9,11,0.01,66.1,46.8
0.2217997,2008,9,12,0.0,65.0,42.5
0.2145879,2008,9,13,0.0,71.3,43.6
0.2069151,2008,9,14,0.0,74.7,50.9
0.2088755,2008,9,15,0.0,77.1,51.2
0.2005405,2008,9,16,0.0,76.7,52.1
0.2019649,2008,9,17,0.0,79.4,53.1
0.2031913,2008,9,18,0.0,76.0,53.1
0.19212,2008,9,19,0.0,73.6,51.7
0.1946249,2008,9,20,0.0,75.3,53.5
0.1855049,2008,9,21,0.0,72.4,47.3
0.186276,2008,9,22,0.0,72.2,44.0
0.1869544,2008,9,23,0.0,64.7,41.4
0.1875536,2008,9,24,0.0,68.7,40.0
0.1780847,2008,9,25,0.0,76.1,47.1
0.178557,2008,9,26,0.0,77.3,51.8
0.1789783,2008,9,27,0.0,77.7,52.6
0.1515997,2008,9,28,0.06,73.9,51.9
0.1721987,2008,9,29,0.0,74.2,53.1
0.163439,2008,9,30,0.0,74.3,52.9
0.1645125,2008,10,1,0.0,74.9,51.9
0.1654467,2008,10,2,0.0,75.5,52.6
0.1742108,2008,10,3,0.01,73.0,47.2
0.1512652,2008,10,4,0.05,68.8,46.4
0.1069297,2008,10,5,0.14,52.6,37.7
0.1339709,2008,10,6,0.0,53.5,35.3
0.1265037,2008,10,7,0.0,59.0,37.7
0.1286282,2008,10,8,0.0,70.0,42.6
0.1304258,2008,10,9,0.0,69.0,43.3
0.1319583,2008,10,10,0.0,66.7,28.9
0.0188503,2008,10,11,0.26,39.0,23.2
0.1136037,2008,10,12,0.08,31.2,16.8
0.1200919,2008,10,13,0.0,32.0,19.3
0.1252288,2008,10,14,0.0,39.8,20.2
0.1291167,2008,10,15,0.0,52.2,27.4
0.1287004,2008,10,16,0.0,64.3,34.9
0.1236826,2008,10,17,0.0,64.8,40.8
0.1263149,2008,10,18,0.0,68.2,42.9
0.1185182,2008,10,19,0.0,66.8,43.9
0.120379,2008,10,20,0.0,64.2,42.8
0.121963,2008,10,21,0.0,64.3,41.3
0.1133208,2008,10,22,0.0,58.6,28.5
0.124492,2008,10,23,0.0,48.5,26.8
0.115508,2008,10,24,0.0,58.3,31.5
0.1163939,2008,10,25,0.0,60.3,36.1
0.1171698,2008,10,26,0.0,67.4,38.6
0.1178524,2008,10,27,0.0,62.0,39.0
0.1084551,2008,10,28,0.0,69.4,40.9
0.1089892,2008,10,29,0.0,70.7,45.5
0.1094641,2008,10,30,0.0,69.4,44.8
0.1098877,2008,10,31,0.0,67.9,44.3
0.1130532,2008,11,1,0.02,61.0,48.1
0.1423472,2008,11,2,0.05,60.3,46.4
0.1374055,2008,11,3,0.27,51.1,34.0
0.0692259,2008,11,4,0.0,50.2,33.0
0.11078,2008,11,5,0.0,42.2,24.4
0.1240032,2008,11,6,0.0,36.4,19.0
0.1266723,2008,11,7,0.0,42.3,22.1
0.1289051,2008,11,8,0.0,50.6,29.5
0.1361269,2008,11,9,0.02,54.9,33.0
0.0232527,2008,11,10,0.19,41.9,30.5
0.1016859,2008,11,11,0.01,45.6,27.8
0.1067522,2008,11,12,0.01,42.2,27.0
0.1149351,2008,11,13,0.0,50.6,30.8
0.1192824,2008,11,14,0.0,59.8,32.6
0.112819,2008,11,15,0.0,45.7,26.5
0.1157322,2008,11,16,0.0,53.0,29.5
0.1181579,2008,11,17,0.0,62.4,35.6
0.1201972,2008,11,18,0.0,62.4,37.2
0.1219259,2008,11,19,0.0,64.1,36.4
0.1234024,2008,11,20,0.0,61.5,34.8
0.1246718,2008,11,21,0.0,57.9,33.0
0.1257697,2008,11,22,0.0,44.1,25.7
0.1267244,2008,11,23,0.0,55.5,27.0
0.1175587,2008,11,24,0.0,44.3,25.1
0.1282908,2008,11,25,0.0,47.6,27.1
0.1289361,2008,11,26,0.0,51.4,31.6
0.0965025,2008,11,27,0.06,42.4,33.1
0.11141,2008,11,28,0.0,43.0,30.3
0.1129983,2008,11,29,0.0,46.0,28.7
0.1143597,2008,11,30,0.0,50.2,31.5
0.115534,2008,12,1,0.0,55.5,32.2
0.1165526,2008,12,2,0.0,64.1,36.3
0.1174407,2008,12,3,0.0,55.2,25.3
0.1182186,2008,12,4,0.0,43.1,24.0
0.1189028,2008,12,5,0.0,38.3,18.1
0.1295069,2008,12,6,0.0,41.5,19.8
0.1200423,2008,12,7,0.0,50.8,28.1
0.1205182,2008,12,8,0.0,50.1,29.4
0.1183419,2008,12,9,0.0,40.0,17.9
0.110525,2008,12,10,0.0,35.5,14.0
0.1009554,2008,12,11,0.0,49.9,23.7
0.09134,2008,12,12,0.0,44.8,25.4
0.0816849,2008,12,13,0.08,48.5,29.0
0.0805999,2008,12,14,0.0,38.5,7.8
0.0718963,2008,12,15,0.0,23.9,7.4
0.0721893,2008,12,16,0.09,25.2,13.6
0.0724537,2008,12,17,0.0,27.1,7.4
0.0726929,2008,12,18,0.09,26.9,8.6
0.0629097,2008,12,19,0.0,33.2,17.8
0.0531067,2008,12,20,0.06,31.7,13.1
0.0502862,2008,12,21,0.0,28.5,11.4
0.04645,2008,12,22,0.0,41.0,18.7
0.0426,2008,12,23,0.01,37.0,14.5
0.0407375,2008,12,24,0.0,28.1,7.9
0.0388639,2008,12,25,0.11,32.8,13.4
0.0359801,2008,12,26,0.65,32.8,11.6
0.0320879,2008,12,27,0.0,19.9,-0.5
0.0291876,2008,12,28,0.0,30.1,3.2
0.0282801,2008,12,29,0.0,43.7,24.4
0.0270278,2008,12,30,0.0,53.6,28.6
0.0272738,2008,12,31,0.0,46.8,22.8
0.0303669,2009,1,1,0.0,47.7,25.7
0.0334287,2009,1,2,0.0,50.6,28.2
-0.0312527,2009,1,3,0.08,51.5,20.9
0.0075032,2009,1,4,0.0,24.7,4.2
0.0099303,2009,1,5,0.0,23.9,0.4
0.0127486,2009,1,6,0.01,32.2,14.6
0.0150929,2009,1,7,0.0,40.6,23.4
0.017946,2009,1,8,0.0,53.7,27.5
-0.0370239,2009,1,9,0.03,55.0,25.2
0.0017875,2009,1,10,0.0,34.8,15.1
0.0077198,2009,1,11,0.0,42.8,18.0
0.0186874,2009,1,12,0.0,46.8,26.0
0.0199251,2009,1,13,0.0,45.5,24.1
0.0255999,2009,1,14,0.0,49.3,24.8
0.0268335,2009,1,15,0.0,48.6,24.4
0.0317161,2009,1,16,0.0,45.1,23.5
0.0363159,2009,1,17,0.0,47.3,24.8
0.0366855,2009,1,18,0.0,45.2,23.8
0.0358654,2009,1,19,0.0,48.2,24.0
0.0348881,2009,1,20,0.0,48.5,25.4
0.0317789,2009,1,21,0.0,48.5,26.8
0.0314307,2009,1,22,0.0,50.0,31.5
-0.0776484,2009,1,23,0.17,52.4,36.0
-0.1006496,2009,1,24,0.18,48.4,34.0
-0.6442894,2009,1,25,0.81,46.4,30.3
-0.1056173,2009,1,26,0.28,33.4,19.3
-0.0670842,2009,1,27,0.17,22.7,8.9
-0.043629,2009,1,28,0.0,26.7,7.0
-0.0269234,2009,1,29,0.0,37.7,15.7
-0.0161311,2009,1,30,0.0,37.8,15.6
-0.007549,2009,1,31,0.0,44.8,22.7
-0.0012915,2009,2,1,0.0,47.8,20.4
0.0035367,2009,2,2,0.0,38.2,19.0
0.0081535,2009,2,3,0.0,45.3,22.1
0.010777,2009,2,4,0.0,48.0,24.5
0.0138128,2009,2,5,0.0,48.6,25.5
0.0152864,2009,2,6,0.0,48.7,29.7
-0.3128623,2009,2,7,0.61,41.0,28.5
-0.0639664,2009,2,8,0.99,33.5,27.9
-0.0338843,2009,2,9,0.24,33.1,25.1
-0.0204119,2009,2,10,0.16,30.9,18.5
-0.0104094,2009,2,11,0.0,30.1,11.4
-0.0017758,2009,2,12,0.09,34.1,15.0
0.0051808,2009,2,13,0.26,25.0,9.4
0.0119162,2009,2,14,0.14,27.8,10.4
0.0137406,2009,2,15,0.0,30.9,10.3
0.0168716,2009,2,16,0.0,34.9,14.0
0.0194492,2009,2,17,0.25,38.4,22.5
0.0216301,2009,2,18,0.0,36.1,15.4
0.0234635,2009,2,19,0.0,35.9,14.8
0.025024,2009,2,20,0.0,38.6,17.3
0.0262918,2009,2,21,0.0,48.0,20.7
0.0274719,2009,2,22,0.0,46.3,24.2
0.0286092,2009,2,23,0.0,48.7,33.3
0.0267493,2009,2,24,0.0,51.3,32.2
0.0143556,2009,2,25,0.0,53.8,31.8
0.0245909,2009,2,26,0.0,48.4,27.9
0.0297589,2009,2,27,0.0,46.7,22.7
0.0323208,2009,2,28,0.0,35.3,17.1
0.0388516,2009,3,1,0.0,47.1,20.2
0.0322778,2009,3,2,0.0,57.6,34.8
0.0249349,2009,3,3,0.0,54.5,40.3
0.0093775,2009,3,4,0.0,53.5,39.2
-0.0749237,2009,3,5,0.27,43.6,20.2
0.0013555,2009,3,6,0.0,37.0,14.8
0.0117523,2009,3,7,0.06,35.2,15.6
0.0194354,2009,3,8,0.0,37.3,13.9
0.0247869,2009,3,9,0.0,45.4,23.5
0.0285265,2009,3,10,0.12,37.3,12.5
0.0334152,2009,3,11,0.0,37.3,9.7
0.0365672,2009,3,12,0.0,43.3,18.2
0.0391736,2009,3,13,0.0,40.6,18.7
0.041352,2009,3,14,0.0,44.9,18.2
0.040579,2009,3,15,0.0,53.8,25.3
0.0373857,2009,3,16,0.0,52.5,30.2
0.0385178,2009,3,17,0.0,58.9,35.2
0.034125,2009,3,18,0.0,59.8,35.1
0.0361102,2009,3,19,0.0,57.7,34.7
0.0336026,2009,3,20,0.0,61.0,36.2
0.0429298,2009,3,21,0.0,62.5,38.5
0.0466609,2009,3,22,0.0,58.4,37.5
-0.0263858,2009,3,23,0.34,41.6,25.7
0.0374225,2009,3,24,0.0,39.9,21.1
0.0337809,2009,3,25,0.0,43.3,21.2
-0.1016762,2009,3,26,0.16,45.7,28.3
0.0170346,2009,3,27,0.0,34.9,15.8
0.0257762,2009,3,28,0.0,43.0,17.7
0.0221319,2009,3,29,0.0,56.0,28.9
0.0265939,2009,3,30,0.0,48.3,19.7
0.0308524,2009,3,31,0.0,38.3,17.9
0.0313151,2009,4,1,0.0,49.2,22.0
0.0351667,2009,4,2,0.0,40.7,25.4
-0.0329783,2009,4,3,0.11,53.4,25.9
0.0231626,2009,4,4,0.42,33.5,19.9
0.0301761,2009,4,5,0.0,37.5,21.1
0.0364263,2009,4,6,0.0,45.0,22.7
0.0349705,2009,4,7,0.0,55.0,27.7
-0.0043709,2009,4,8,0.0,63.2,33.3
-0.0057255,2009,4,9,0.02,44.5,30.6
0.0220589,2009,4,10,0.0,50.6,31.9
-0.071128,2009,4,11,0.14,52.4,32.8
-0.1193001,2009,4,12,0.17,42.1,31.0
-0.003499,2009,4,13,0.0,53.1,31.6
0.0047735,2009,4,14,0.02,60.5,35.4
-0.2510695,2009,4,15,0.43,44.9,25.3
-0.0241782,2009,4,16,0.08,34.3,22.0
-0.0005959,2009,4,17,0.06,34.7,24.1
0.0147384,2009,4,18,0.0,46.9,30.0
0.0077133,2009,4,19,0.0,54.8,32.9
0.0240046,2009,4,20,0.0,61.7,35.9
0.0396838,2009,4,21,0.0,65.1,40.4
0.0661707,2009,4,22,0.0,70.1,44.0
0.0905353,2009,4,23,0.0,70.6,46.0
0.1141733,2009,4,24,0.0,68.5,45.5
-0.0116394,2009,4,25,0.27,57.1,33.4
-0.0353952,2009,4,26,0.34,39.3,28.9
0.0716862,2009,4,27,0.0,46.3,26.0
0.0658758,2009,4,28,0.0,57.3,25.8
0.093606,2009,4,29,0.0,58.1,31.9
0.1268579,2009,4,30,0.0,61.9,32.2
0.1661806,2009,5,1,0.0,66.2,35.5
0.0567652,2009,5,2,0.15,60.3,38.7
0.215662,2009,5,3,0.09,57.1,42.1
0.2497795,2009,5,4,0.01,61.7,38.7
0.2943204,2009,5,5,0.0,60.2,38.7
0.351361,2009,5,6,0.0,68.8,43.4
0.3968992,2009,5,7,0.0,71.2,42.7
0.441331,2009,5,8,0.0,68.8,37.9
0.4749301,2009,5,9,0.0,56.8,33.8
0.5378902,2009,5,10,0.0,62.7,33.8
0.6403514,2009,5,11,0.0,64.4,39.0
0.8024177,2009,5,12,0.0,74.7,43.7
0.9441672,2009,5,13,0.0,70.0,40.6
0.9456595,2009,5,14,0.0,55.0,32.6
1.0469411,2009,5,15,0.0,69.3,37.5
0.9480481,2009,5,16,0.0,65.0,40.1
1.2490097,2009,5,17,0.0,70.5,43.9
1.1498488,2009,5,18,0.0,77.8,50.3
1.2505845,2009,5,19,0.0,84.2,54.4
1.5512319,2009,5,20,0.0,75.4,53.3
1.7518038,2009,5,21,0.0,73.1,47.9
1.9523107,2009,5,22,0.0,71.9,44.7
1.7383425,2009,5,23,0.0,72.8,50.5
1.8125554,2009,5,24,0.06,67.9,45.6
1.7930245,2009,5,25,0.07,64.9,41.3
1.7052756,2009,5,26,0.04,64.0,40.5
1.7144911,2009,5,27,0.0,67.1,42.7
1.7215936,2009,5,28,0.0,71.3,47.2
1.8271796,2009,5,29,0.0,75.7,51.4
1.831649,2009,5,30,0.0,75.4,51.6
1.76887,2009,5,31,0.08,70.1,47.5
1.900481,2009,6,1,0.0,71.9,48.5
1.8050647,2009,6,2,0.08,69.2,46.4
1.8145764,2009,6,3,0.0,72.6,45.8
1.8231898,2009,6,4,0.0,72.2,47.4
1.7008676,2009,6,5,0.06,70.8,46.8
1.725654,2009,6,6,0.0,63.1,41.2
1.7304603,2009,6,7,0.01,60.3,37.5
1.7343442,2009,6,8,0.0,64.4,39.9
1.6375248,2009,6,9,0.02,64.7,45.0
1.6147995,2009,6,10,0.05,63.9,43.5
1.6026135,2009,6,11,0.17,61.6,42.4
1.5459491,2009,6,12,0.15,58.0,42.4
1.5379252,2009,6,13,0.11,60.9,43.4
1.6876667,2009,6,14,0.07,57.7,42.6
1.642725,2009,6,15,0.09,63.7,41.2
1.7008672,2009,6,16,0.0,66.2,45.3
1.5552056,2009,6,17,0.28,63.7,44.8
1.5292259,2009,6,18,0.12,62.0,42.3
1.4859027,2009,6,19,0.0,67.4,43.4
1.6001821,2009,6,20,0.0,76.4,48.3
1.5343195,2009,6,21,0.28,63.9,41.9
1.6803128,2009,6,22,0.0,69.2,42.4
1.6961382,2009,6,23,0.0,68.9,41.7
1.7077625,2009,6,24,0.0,75.8,47.7
1.7108067,2009,6,25,0.0,84.1,56.7
1.621931,2009,6,26,0.06,78.4,52.6
1.6275869,2009,6,27,0.06,73.7,51.7
1.6321086,2009,6,28,0.0,79.4,52.1
1.6357773,2009,6,29,0.0,82.7,55.6
1.7387922,2009,6,30,0.0,84.9,60.4
1.6412974,2009,7,1,0.08,82.7,56.4
1.3935143,2009,7,2,0.24,80.1,55.0
1.2213131,2009,7,3,0.51,65.3,50.9
1.4597851,2009,7,4,0.07,76.0,50.2
1.3816528,2009,7,5,0.0,76.6,51.9
1.2971929,2009,7,6,0.0,82.9,52.3
1.4086281,2009,7,7,0.0,83.6,56.5
1.4172832,2009,7,8,0.0,81.6,57.9
1.4239883,2009,7,9,0.0,80.7,53.3
1.4292848,2009,7,10,0.0,82.2,51.3
1.5335382,2009,7,11,0.0,84.2,56.7
1.5370027,2009,7,12,0.0,82.8,59.0
1.4398593,2009,7,13,0.0,86.3,60.0
1.4422399,2009,7,14,0.0,83.7,53.7
1.4442426,2009,7,15,0.0,79.4,51.9
1.3459412,2009,7,16,0.0,87.2,56.6
1.3473926,2009,7,17,0.0,90.3,61.8
1.3486408,2009,7,18,0.0,91.8,66.1
1.1587936,2009,7,19,0.01,90.8,65.2
1.2279064,2009,7,20,0.0,88.2,66.4
1.0442971,2009,7,21,0.15,82.2,62.9
1.1141402,2009,7,22,0.0,83.9,62.4
1.1133954,2009,7,23,0.06,86.1,64.8
1.0227312,2009,7,24,0.08,85.6,61.8
1.0180968,2009,7,25,0.03,82.1,59.1
1.0144166,2009,7,26,0.03,80.8,59.0
0.877737,2009,7,27,0.09,84.0,60.2
0.920661,2009,7,28,0.0,86.9,61.4
0.7469577,2009,7,29,0.0,85.8,59.1
0.820557,2009,7,30,0.0,84.4,58.4
0.8212964,2009,7,31,0.0,77.8,57.4
0.6389668,2009,8,1,0.0,83.2,57.7
0.5512039,2009,8,2,0.01,85.0,60.6
0.7074147,2009,8,3,0.0,86.5,63.3
0.7002251,2009,8,4,0.0,84.2,63.2
0.6963618,2009,8,5,0.0,84.9,62.7
0.688193,2009,8,6,0.0,85.4,64.2
0.6671215,2009,8,7,0.0,78.0,47.8
0.6640213,2009,8,8,0.0,68.5,43.7
0.6494604,2009,8,9,0.0,67.0,42.8
0.6338207,2009,8,10,0.0,72.8,45.6
0.6173669,2009,8,11,0.0,79.6,52.4
0.6002871,2009,8,12,0.0,84.4,58.0
0.582718,2009,8,13,0.0,85.7,58.9
0.3726245,2009,8,14,0.0,84.3,62.3
0.4834893,2009,8,15,0.0,81.1,53.4
0.4836023,2009,8,16,0.0,72.8,48.2
0.4713375,2009,8,17,0.0,74.9,47.5
0.4573827,2009,8,18,0.0,76.9,48.8
0.4421935,2009,8,19,0.0,78.7,51.9
0.4260816,2009,8,20,0.0,84.2,56.4
0.419266,2009,8,21,0.0,87.4,60.4
0.4219042,2009,8,22,0.0,91.4,64.1
0.3004972,2009,8,23,0.0,88.3,61.5
0.3530784,2009,8,24,0.11,70.6,50.4
0.3398917,2009,8,25,0.07,72.8,49.6
0.3422565,2009,8,26,0.0,77.4,53.5
0.3081554,2009,8,27,0.0,82.2,55.2
0.3028577,2009,8,28,0.0,84.2,59.7
0.3066637,2009,8,29,0.0,86.5,61.1
0.2997847,2009,8,30,0.0,86.7,62.1
0.3023734,2009,8,31,0.0,84.0,63.7
0.294542,2009,9,1,0.0,80.7,58.9
0.2963745,2009,9,2,0.0,82.0,61.8
0.2979353,2009,9,3,0.0,81.5,59.8
0.2992737,2009,9,4,0.0,80.2,60.6
0.2904285,2009,9,5,0.0,78.5,59.1
0.2914305,2009,9,6,0.0,75.3,59.1
0.2823042,2009,9,7,0.0,77.7,54.5
0.2830695,2009,9,8,0.0,77.9,51.1
0.2837427,2009,9,9,0.0,74.3,48.2
0.2943371,2009,9,10,0.01,79.9,52.6
0.2948637,2009,9,11,0.0,81.8,56.0
0.2853318,2009,9,12,0.0,81.8,58.7
0.2497986,2009,9,13,0.01,81.6,59.4
0.1681682,2009,9,14,0.05,76.5,62.5
0.2669619,2009,9,15,0.34,64.1,44.7
0.2641117,2009,9,16,0.0,64.8,44.0
0.2597326,2009,9,17,0.0,70.3,48.1
0.2642283,2009,9,18,0.0,75.2,52.6
0.2678774,2009,9,19,0.0,77.1,54.1
0.2608773,2009,9,20,0.0,78.1,55.9
0.0672654,2009,9,21,0.03,76.6,44.8
0.2219028,2009,9,22,0.0,60.8,39.6
0.2326402,2009,9,23,0.0,67.5,42.3
0.2308112,2009,9,24,0.0,71.6,46.1
0.2371698,2009,9,25,0.0,75.3,51.9
0.2422118,2009,9,26,0.0,79.2,51.9
0.2462743,2009,9,27,0.0,79.8,56.2
0.2395926,2009,9,28,0.0,78.9,52.2
0.2423356,2009,9,29,0.0,80.6,54.3
0.2373872,2009,9,30,0.03,72.6,43.6
0.254752,2009,10,1,0.0,47.9,27.0
0.2566677,2009,10,2,0.0,48.9,24.6
0.2482959,2009,10,3,0.0,57.3,31.1
0.2596896,2009,10,4,0.0,62.4,37.3
0.1899104,2009,10,5,0.14,46.9,23.1
0.2366021,2009,10,6,0.0,45.3,23.5
0.2599025,2009,10,7,0.0,45.8,26.0
0.2626313,2009,10,8,0.0,55.7,28.3
0.2549109,2009,10,9,0.0,55.5,31.6
0.2568328,2009,10,10,0.0,62.9,31.4
0.248466,2009,10,11,0.0,55.9,33.3
0.2498638,2009,10,12,0.0,62.6,38.9
0.2487609,2009,10,13,0.0,60.9,40.5
0.2368153,2009,10,14,0.03,53.1,40.5
0.2423977,2009,10,15,0.09,57.7,41.2
0.2368861,2009,10,16,0.0,62.8,39.2
0.2385338,2009,10,17,0.0,61.3,39.1
0.2299435,2009,10,18,0.0,69.3,40.5
0.2311573,2009,10,19,0.0,70.2,49.6
-0.3356063,2009,10,20,0.7,64.8,34.6
0.0721715,2009,10,21,0.12,48.1,30.5
0.1547128,2009,10,22,0.01,49.4,29.9
0.1759143,2009,10,23,0.0,53.6,33.6
0.1810308,2009,10,24,0.0,58.3,36.1
0.1921838,2009,10,25,0.0,60.2,30.6
0.1906438,2009,10,26,0.0,45.8,25.4
0.19542,2009,10,27,0.0,57.4,29.0
0.1898819,2009,10,28,0.06,35.3,20.6
0.2045479,2009,10,29,0.02,30.0,20.1
0.2183265,2009,10,30,0.01,36.8,18.6
0.2114265,2009,10,31,0.0,51.0,29.7
0.2139987,2009,11,1,0.0,58.1,31.7
0.2061542,2009,11,2,0.0,61.8,35.1
0.2079763,2009,11,3,0.0,57.9,37.3
0.1995285,2009,11,4,0.0,63.5,38.0
0.20086,2009,11,5,0.0,65.7,37.5
0.202009,2009,11,6,0.0,64.5,41.7
0.2030062,2009,11,7,0.0,61.3,38.2
0.1938759,2009,11,8,0.0,56.8,29.6
0.1946378,2009,11,9,0.0,45.4,26.8
0.1953081,2009,11,10,0.0,48.8,28.3
0.1959,2009,11,11,0.0,54.2,36.8
0.2064245,2009,11,12,0.0,60.4,42.2
0.2021633,2009,11,13,0.05,50.2,28.1
0.1962557,2009,11,14,0.0,35.8,20.6
0.1967475,2009,11,15,0.0,34.8,12.0
0.1971853,2009,11,16,0.0,33.0,11.8
0.1975763,2009,11,17,0.0,45.3,21.7
0.2079264,2009,11,18,0.0,54.7,27.6
0.2082407,2009,11,19,0.0,51.5,25.5
0.2085236,2009,11,20,0.0,43.7,22.6
0.1987788,2009,11,21,0.0,56.9,26.6
0.2090096,2009,11,22,0.0,41.0,19.0
0.2169862,2009,11,23,0.02,50.1,16.5
0.1589097,2009,11,24,0.0,33.1,15.3
0.1391346,2009,11,25,0.0,40.1,20.2
0.1393385,2009,11,26,0.0,44.7,24.1
0.1395238,2009,11,27,0.0,52.6,26.2
0.1396926,2009,11,28,0.0,50.1,28.7
0.1398467,2009,11,29,0.0,36.1,23.3
0.1299876,2009,11,30,0.0,41.0,20.8
0.1301168,2009,12,1,0.0,45.3,22.8
0.0902356,2009,12,2,0.0,46.5,20.3
0.0533449,2009,12,3,0.0,34.3,11.4
0.0344459,2009,12,4,0.0,26.0,5.3
0.0325393,2009,12,5,0.0,43.9,12.0
0.031626,2009,12,6,0.01,39.4,1.0
0.0327066,2009,12,7,0.02,20.0,-1.6
0.0317817,2009,12,8,0.12,23.7,8.3
0.0338519,2009,12,9,0.0,18.4,-0.1
0.0189177,2009,12,10,0.0,22.7,0.5
0.0199795,2009,12,11,0.0,29.3,8.2
0.0200377,2009,12,12,0.0,33.0,14.7
-0.0119722,2009,12,13,0.34,37.9,25.0
0.0065349,2009,12,14,0.02,34.9,22.4
0.0023512,2009,12,15,0.0,38.3,18.0
0.001889,2009,12,16,0.0,42.4,21.4
0.0032014,2009,12,17,0.0,48.3,27.1
0.0003295,2009,12,18,0.0,46.1,23.6
0.0013051,2009,12,19,0.0,40.6,21.8
0.0021535,2009,12,20,0.0,40.7,20.4
0.0038951,2009,12,21,0.0,44.7,23.4
-0.0167447,2009,12,22,0.03,42.8,24.7
-0.0036908,2009,12,23,0.32,31.6,15.4
-0.000965,2009,12,24,0.0,30.0,8.4
0.0025006,2009,12,25,0.0,28.6,8.0
0.0037546,2009,12,26,0.0,29.4,6.6
0.0048349,2009,12,27,0.0,27.1,6.1
0.0057711,2009,12,28,0.0,29.6,8.9
0.0065868,2009,12,29,0.0,31.4,10.8
0.0073008,2009,12,30,0.02,29.9,14.4
0.0079286,2009,12,31,0.01,30.8,10.9
0.0124828,2010,1,1,0.0,34.9,10.8
0.0199737,2010,1,2,0.0,44.1,24.6
0.0194102,2010,1,3,0.0,41.2,20.1
0.0227994,2010,1,4,0.0,40.7,19.7
0.0281474,2010,1,5,0.0,44.1,21.9
0.0284596,2010,1,6,0.0,48.8,26.9
-0.0216841,2010,1,7,0.0,49.1,25.6
0.0027059,2010,1,8,0.0,33.0,15.8
0.0055653,2010,1,9,0.0,40.1,15.3
0.0189379,2010,1,10,0.0,44.0,22.9
0.0199271,2010,1,11,0.0,41.0,22.8
0.0256097,2010,1,12,0.0,45.8,24.9
0.0249966,2010,1,13,0.03,48.7,28.5
-0.0198541,2010,1,14,0.12,41.6,26.5
0.0019284,2010,1,15,0.0,38.2,18.9
0.0127764,2010,1,16,0.0,44.1,22.2
0.0131411,2010,1,17,0.0,47.9,25.3
0.0115947,2010,1,18,0.1,43.1,22.6
0.0106399,2010,1,19,0.19,35.6,25.7
0.0161176,2010,1,20,0.17,37.0,22.5
0.0164343,2010,1,21,0.17,35.5,19.4
0.0200174,2010,1,22,0.31,32.2,22.7
0.0224487,2010,1,23,0.13,34.8,15.5
0.0236733,2010,1,24,0.0,32.9,10.5
0.0267283,2010,1,25,0.0,31.5,12.3
0.0396026,2010,1,26,0.08,39.4,19.7
-0.024806,2010,1,27,0.14,43.9,23.0
0.023278,2010,1,28,0.13,31.9,24.5
0.0204584,2010,1,29,0.0,36.1,16.3
0.0258389,2010,1,30,0.0,39.0,16.8
0.0306111,2010,1,31,0.11,37.4,16.2
0.0369118,2010,2,1,0.0,36.7,15.4
0.0598412,2010,2,2,0.0,37.6,16.6
0.0484738,2010,2,3,0.0,41.1,20.5
0.0728661,2010,2,4,0.0,40.2,19.6
0.0500619,2010,2,5,0.0,41.5,22.7
0.0411923,2010,2,6,0.03,40.7,28.5
0.0165262,2010,2,7,0.41,38.8,26.3
0.0374969,2010,2,8,0.19,34.8,21.3
0.04243,2010,2,9,0.0,32.1,14.1
0.0454146,2010,2,10,0.0,33.3,13.1
0.0468601,2010,2,11,0.0,37.5,15.1
0.0488892,2010,2,12,0.0,39.8,19.4
0.0495873,2010,2,13,0.0,45.3,26.6
0.0509823,2010,2,14,0.0,45.3,25.4
0.0522284,2010,2,15,0.0,44.9,24.7
0.0511677,2010,2,16,0.0,46.1,28.2
0.0521555,2010,2,17,0.0,43.2,24.9
0.0519641,2010,2,18,0.0,42.3,22.7
0.0548003,2010,2,19,0.08,39.5,23.0
0.0538743,2010,2,20,0.27,36.1,22.9
0.0547109,2010,2,21,0.1,29.9,19.7
0.05535,2010,2,22,0.22,26.6,14.6
0.0589085,2010,2,23,0.0,28.3,10.4
0.0593992,2010,2,24,0.0,41.2,15.2
0.0598203,2010,2,25,0.06,36.7,23.3
0.0592123,2010,2,26,0.0,40.8,20.7
0.0595543,2010,2,27,0.0,42.7,21.8
0.0558291,2010,2,28,0.17,38.9,23.4
0.0592498,2010,3,1,0.0,36.2,22.5
0.0567703,2010,3,2,0.0,44.5,23.8
0.060138,2010,3,3,0.0,47.3,29.2
0.0188162,2010,3,4,0.11,44.8,28.0
0.0515869,2010,3,5,0.11,37.1,24.0
0.0456172,2010,3,6,0.0,42.3,23.9
0.0205537,2010,3,7,0.14,41.8,27.0
0.0265678,2010,3,8,0.04,40.5,26.5
-0.0134097,2010,3,9,0.03,45.8,25.6
0.0233367,2010,3,10,0.06,36.4,20.8
0.0311509,2010,3,11,0.09,27.7,16.0
0.0466487,2010,3,12,0.0,38.1,13.9
0.050681,2010,3,13,0.0,50.0,24.1
0.0445099,2010,3,14,0.11,39.5,23.0
0.0639765,2010,3,15,0.0,39.0,22.9
0.0668998,2010,3,16,0.0,48.8,24.1
0.0759466,2010,3,17,0.0,56.0,30.7
0.0633461,2010,3,18,0.0,56.8,33.2
0.0447563,2010,3,19,0.03,50.1,22.6
0.0668423,2010,3,20,0.0,43.8,20.5
0.0707796,2010,3,21,0.0,48.4,23.0
0.0573762,2010,3,22,0.0,59.2,30.4
0.0535215,2010,3,23,0.0,54.5,24.9
0.0717278,2010,3,24,0.0,42.3,20.5
0.0650374,2010,3,25,0.0,47.5,22.6
0.0080289,2010,3,26,0.0,50.2,28.0
0.0522492,2010,3,27,0.03,42.3,22.0
0.063465,2010,3,28,0.0,42.8,19.3
0.0698944,2010,3,29,0.0,56.1,26.7
0.0550198,2010,3,30,0.0,64.3,39.7
-0.1651237,2010,3,31,0.2,58.1,30.2
0.0349711,2010,4,1,0.34,33.1,19.5
0.091952,2010,4,2,0.03,35.6,15.2
0.0441095,2010,4,3,0.0,40.1,14.3
0.0549711,2010,4,4,0.29,40.1,20.0
0.0572128,2010,4,5,0.05,39.4,19.7
0.0924471,2010,4,6,0.14,39.2,21.8
0.0618713,2010,4,7,0.0,37.2,21.1
0.0790867,2010,4,8,0.0,43.0,20.8
0.0776073,2010,4,9,0.0,57.7,26.3
0.0961286,2010,4,10,0.0,45.3,26.5
0.075964,2010,4,11,0.0,57.3,29.9
0.0388768,2010,4,12,0.0,58.0,41.9
0.0007618,2010,4,13,0.17,45.2,25.5
0.0514205,2010,4,14,0.0,45.3,24.3
0.0527649,2010,4,15,0.0,54.5,29.4
0.0200117,2010,4,16,0.0,60.0,35.6
0.007679,2010,4,17,0.0,62.9,38.6
0.0055535,2010,4,18,0.0,64.8,39.1
0.0114203,2010,4,19,0.0,67.2,40.1
0.0434298,2010,4,20,0.0,67.3,43.0
-0.2701339,2010,4,21,0.19,63.9,36.7
0.0428497,2010,4,22,0.12,43.8,24.3
0.0658304,2010,4,23,0.03,44.3,23.7
0.0772885,2010,4,24,0.0,52.2,28.9
0.084209,2010,4,25,0.0,60.4,31.8
0.1056656,2010,4,26,0.0,56.7,32.9
0.1291154,2010,4,27,0.0,61.5,32.7
0.1517104,2010,4,28,0.07,63.6,44.9
-0.2900357,2010,4,29,0.12,50.2,19.4
0.0675083,2010,4,30,0.04,37.1,22.6
0.0665982,2010,5,1,0.08,45.0,27.7
0.0774239,2010,5,2,0.02,47.9,27.6
0.1002281,2010,5,3,0.05,46.2,28.0
0.1176776,2010,5,4,0.0,63.3,30.0
0.1482583,2010,5,5,0.0,54.7,33.2
0.1832883,2010,5,6,0.0,65.3,25.8
0.1811091,2010,5,7,0.0,45.0,22.8
0.1960546,2010,5,8,0.0,51.1,26.0
0.2280187,2010,5,9,0.0,63.6,32.7
0.2407481,2010,5,10,0.0,58.5,35.1
0.0054699,2010,5,11,0.36,55.0,31.0
0.2037144,2010,5,12,0.15,42.7,30.8
0.200022,2010,5,13,0.14,48.6,29.6
0.177543,2010,5,14,0.08,49.3,30.0
0.1941943,2010,5,15,0.0,53.7,32.2
0.2097298,2010,5,16,0.0,60.9,35.5
0.2241505,2010,5,17,0.0,66.2,42.1
0.2206069,2010,5,18,0.09,65.7,40.8
0.2447051,2010,5,19,0.08,54.1,37.3
0.2748463,2010,5,20,0.0,63.3,37.8
0.3412345,2010,5,21,0.0,65.9,38.7
0.3841736,2010,5,22,0.0,66.6,33.8
0.3736602,2010,5,23,0.0,50.3,30.2
0.344976,2010,5,24,0.06,44.8,27.8
0.3532555,2010,5,25,0.06,49.3,28.2
0.3658454,2010,5,26,0.0,61.2,36.3
0.3980489,2010,5,27,0.0,59.3,45.3
0.4199065,2010,5,28,0.0,61.1,48.4
0.4214968,2010,5,29,0.0,55.0,33.7
0.4328595,2010,5,30,0.0,57.3,30.7
0.4940208,2010,5,31,0.0,63.7,36.7
0.5650299,2010,6,1,0.0,73.0,45.0
0.7133375,2010,6,2,0.02,65.5,47.6
1.2561601,2010,6,3,0.0,72.7,49.8
1.5569131,2010,6,4,0.0,75.7,51.8
1.6575744,2010,6,5,0.0,79.0,51.7
1.8581573,2010,6,6,0.0,80.7,52.8
2.6586732,2010,6,7,0.0,86.8,57.7
2.8591312,2010,6,8,0.0,85.0,50.3
2.7529999,2010,6,9,0.02,75.8,48.1
2.8583469,2010,6,10,0.0,81.1,53.3
2.9588504,2010,6,11,0.0,73.2,40.9
2.2254804,2010,6,12,0.07,51.0,39.3
1.9953683,2010,6,13,0.38,47.5,39.3
1.8171319,2010,6,14,0.01,55.5,39.3
1.7250943,2010,6,15,0.0,68.6,40.4
1.831302,2010,6,16,0.0,75.3,50.4
1.836232,2010,6,17,0.0,67.4,35.8
1.8402093,2010,6,18,0.0,69.5,36.1
1.7434616,2010,6,19,0.0,75.6,45.6
1.7461524,2010,6,20,0.0,75.4,47.6
1.6484015,2010,6,21,0.0,75.2,47.3
1.6502983,2010,6,22,0.0,73.6,49.1
1.5519108,2010,6,23,0.0,75.6,49.0
1.5532912,2010,6,24,0.0,79.3,54.1
1.5544805,2010,6,25,0.0,83.8,57.6
1.5555108,2010,6,26,0.0,82.1,53.1
1.5564079,2010,6,27,0.0,78.8,53.2
1.4571927,2010,6,28,0.0,82.1,55.5
1.4578821,2010,6,29,0.0,85.1,61.2
1.3584899,2010,6,30,0.0,87.7,64.6
1.3590278,2010,7,1,0.0,84.4,60.4
1.3595053,2010,7,2,0.0,82.6,57.4
1.3599304,2010,7,3,0.0,82.4,55.6
1.26031,2010,7,4,0.0,72.1,51.0
1.2606498,2010,7,5,0.0,73.5,48.3
1.1609548,2010,7,6,0.0,81.6,52.6
1.1612291,2010,7,7,0.0,78.7,51.8
1.0614764,2010,7,8,0.0,79.2,50.5
1.0616999,2010,7,9,0.0,80.5,55.0
0.9599861,2010,7,10,0.0,81.5,56.9
0.961586,2010,7,11,0.0,83.0,58.3
0.9598926,2010,7,12,0.0,84.3,61.1
0.9515017,2010,7,13,0.0,88.4,64.9
0.9098287,2010,7,14,0.0,86.4,62.8
0.8714415,2010,7,15,0.0,84.1,57.6
0.8316851,2010,7,16,0.0,87.7,61.5
0.8219053,2010,7,17,0.0,87.3,65.2
0.7921046,2010,7,18,0.0,87.6,65.7
0.7622855,2010,7,19,0.0,91.4,67.7
0.72245,2010,7,20,0.0,91.4,63.0
0.6825998,2010,7,21,0.0,90.7,61.4
0.6827367,2010,7,22,0.0,88.8,61.1
0.6628619,2010,7,23,0.0,87.5,59.9
0.6429768,2010,7,24,0.0,89.0,60.2
0.6330823,2010,7,25,0.0,87.2,62.7
0.6231795,2010,7,26,0.0,89.7,65.7
0.6577306,2010,7,27,0.04,82.6,56.5
0.3776985,2010,7,28,0.61,78.3,55.0
0.535253,2010,7,29,0.07,77.9,56.4
0.4915033,2010,7,30,0.11,80.0,58.3
0.5323755,2010,7,31,0.17,81.5,57.2
0.5241609,2010,8,1,0.0,84.3,61.1
0.5330565,2010,8,2,0.0,84.3,60.3
0.5299319,2010,8,3,0.0,85.9,61.5
0.5153521,2010,8,4,0.0,84.8,63.1
0.5096975,2010,8,5,0.0,85.8,63.9
0.4932314,2010,8,6,0.0,84.8,59.2
0.4938301,2010,8,7,0.0,84.3,57.4
0.4879463,2010,8,8,0.0,81.8,58.4
0.4900792,2010,8,9,0.06,77.7,55.6
0.4718825,2010,8,10,0.0,78.3,53.0
0.4534187,2010,8,11,0.0,80.0,55.8
0.4447363,2010,8,12,0.0,78.4,51.2
0.4358732,2010,8,13,0.0,79.8,52.5
0.4168596,2010,8,14,0.0,83.9,52.9
0.3977196,2010,8,15,0.0,82.6,53.2
0.3784727,2010,8,16,0.0,86.1,59.9
0.359135,2010,8,17,0.0,86.8,60.2
0.3597194,2010,8,18,0.0,86.7,60.8
0.2879796,2010,8,19,0.4,83.5,52.1
0.3655233,2010,8,20,0.14,75.1,51.9
0.3604018,2010,8,21,0.0,83.7,55.5
0.3658045,2010,8,22,0.0,84.5,60.0
0.3701364,2010,8,23,0.0,81.5,51.8
0.3636599,2010,8,24,0.0,74.2,49.9
0.3165615,2010,8,25,0.0,79.2,45.9
0.2889769,2010,8,26,0.0,86.4,55.4
0.2786915,2010,8,27,0.06,87.2,61.4
0.279458,2010,8,28,0.0,81.7,64.3
0.2914195,2010,8,29,0.0,74.9,50.4
0.2863856,2010,8,30,0.08,67.7,42.8
0.2927574,2010,8,31,0.0,64.8,41.1
0.2742311,2010,9,1,0.0,71.5,44.3
0.2754968,2010,9,2,0.0,75.7,48.5
0.2565904,2010,9,3,0.0,75.3,51.3
0.2475402,2010,9,4,0.0,83.9,55.0
0.2483691,2010,9,5,0.0,83.5,62.1
0.2490957,2010,9,6,0.0,80.2,42.4
0.2497351,2010,9,7,0.0,66.4,36.8
0.2402998,2010,9,8,0.0,78.1,49.6
0.1803105,2010,9,9,0.14,73.7,44.7
0.2304447,2010,9,10,0.0,61.5,37.3
0.2339805,2010,9,11,0.0,61.7,37.1
0.2068913,2010,9,12,0.0,72.6,42.7
0.1893137,2010,9,13,0.0,76.1,49.5
0.1813487,2010,9,14,0.0,77.1,52.9
0.1830726,2010,9,15,0.0,75.6,51.2
0.1745438,2010,9,16,0.0,73.8,51.1
0.1758076,2010,9,17,0.0,79.4,52.5
0.1668997,2010,9,18,0.0,79.7,54.2
0.1378483,2010,9,19,0.0,81.5,51.6
0.1386762,2010,9,20,0.0,80.1,51.4
0.139402,2010,9,21,0.0,71.7,47.4
0.1300407,2010,9,22,0.0,76.4,46.3
0.1306047,2010,9,23,0.0,69.3,49.5
0.1311045,2010,9,24,0.0,70.5,42.8
0.1215486,2010,9,25,0.0,76.0,50.3
0.1219445,2010,9,26,0.0,78.1,52.7
0.1222983,2010,9,27,0.0,82.2,54.4
0.1126152,2010,9,28,0.0,82.0,55.9
0.1128997,2010,9,29,0.0,84.4,56.0
0.1131558,2010,9,30,0.0,79.9,54.8
0.1133867,2010,10,1,0.0,81.3,54.9
0.1135955,2010,10,2,0.0,81.2,56.2
0.0969765,2010,10,3,0.03,79.1,54.5
0.1427503,2010,10,4,0.08,71.0,48.9
-0.0330496,2010,10,5,0.5,53.6,42.9
-0.3942547,2010,10,6,0.65,51.3,42.0
-0.1053374,2010,10,7,0.19,48.7,37.5
0.0399896,2010,10,8,0.05,49.9,35.9
0.0809088,2010,10,9,0.0,54.3,36.5
0.094945,2010,10,10,0.0,58.8,39.4
0.1118193,2010,10,11,0.0,62.2,41.8
0.0988826,2010,10,12,0.04,64.2,38.8
0.1381455,2010,10,13,0.0,59.7,34.7
0.1429943,2010,10,14,0.01,61.3,38.3
0.142199,2010,10,15,0.0,68.0,41.7
0.14745,2010,10,16,0.0,68.7,46.1
0.1516681,2010,10,17,0.0,68.5,47.1
0.1753318,2010,10,18,0.09,56.5,42.2
0.0690804,2010,10,19,0.16,51.8,40.7
0.1360633,2010,10,20,0.0,58.5,39.3
0.1426249,2010,10,21,0.0,59.3,39.4
0.1478142,2010,10,22,0.0,58.5,42.9
0.1619857,2010,10,23,0.02,54.4,39.0
0.1283901,2010,10,24,0.11,51.8,39.9
-0.0700526,2010,10,25,0.39,59.0,36.8
0.0807222,2010,10,26,0.08,46.4,27.2
0.119639,2010,10,27,0.0,42.9,22.0
0.1525849,2010,10,28,0.0,39.7,19.7
0.1622723,2010,10,29,0.0,52.8,28.3
0.1697062,2010,10,30,0.0,60.3,36.7
0.1381186,2010,10,31,0.07,50.7,32.4
0.164232,2010,11,1,0.0,54.0,33.0
0.1691395,2010,11,2,0.02,53.9,35.0
0.1630989,2010,11,3,0.0,59.7,37.5
0.1663366,2010,11,4,0.0,61.5,38.9
0.1590151,2010,11,5,0.0,64.3,39.3
0.1612536,2010,11,6,0.0,66.2,42.6
0.1631412,2010,11,7,0.0,61.3,40.0
0.0778179,2010,11,8,0.16,56.4,35.9
0.1327703,2010,11,9,0.42,44.4,22.2
0.1447848,2010,11,10,0.03,34.6,18.6
0.1405303,2010,11,11,0.14,35.9,20.1
0.1555139,2010,11,12,0.0,34.5,17.3
0.1602748,2010,11,13,0.0,43.3,18.6
0.1641069,2010,11,14,0.01,37.9,21.7
0.1572334,2010,11,15,0.03,47.0,29.2
0.1497359,2010,11,16,0.0,49.5,31.0
0.1514657,2010,11,17,0.0,55.5,23.7
0.1435427,2010,11,18,0.0,48.3,24.1
0.1365085,2010,11,19,0.0,58.3,37.1
0.0072365,2010,11,20,0.02,50.6,35.0
-0.0110782,2010,11,21,0.73,39.4,26.5
0.0754573,2010,11,22,0.06,29.5,20.0
0.0597961,2010,11,23,0.13,32.1,20.6
0.0573676,2010,11,24,0.08,36.1,6.6
0.0472743,2010,11,25,0.0,13.9,-4.1
0.0437676,2010,11,26,0.0,23.0,-4.6
0.0388899,2010,11,27,0.0,34.7,14.1
0.0429998,2010,11,28,0.07,39.5,19.6
0.0463454,2010,11,29,0.0,28.7,13.6
0.0491031,2010,11,30,0.0,24.8,4.5
0.0514006,2010,12,1,0.01,38.8,11.6
0.0633328,2010,12,2,0.0,48.0,26.1
0.0748773,2010,12,3,0.0,53.2,29.6
0.1260583,2010,12,4,0.0,48.4,31.1
0.1158169,2010,12,5,0.01,42.4,27.5
0.0731494,2010,12,6,0.07,45.3,27.3
0.096135,2010,12,7,0.01,46.6,27.3
0.1209287,2010,12,8,0.0,42.6,24.9
0.1147036,2010,12,9,0.0,49.1,30.9
0.0527923,2010,12,10,0.03,48.6,30.5
0.0973404,2010,12,11,0.0,47.7,28.9
0.1039873,2010,12,12,0.0,45.5,27.1
0.1079269,2010,12,13,0.0,54.6,34.1
0.1098853,2010,12,14,0.0,55.9,37.1
0.0373492,2010,12,15,0.09,55.0,34.7
0.0551555,2010,12,16,0.01,37.9,18.2
0.0523272,2010,12,17,0.0,30.9,14.1
0.0319396,2010,12,18,0.06,35.0,18.6
-0.1181476,2010,12,19,0.23,43.0,31.0
-0.4118739,2010,12,20,1.11,41.6,33.0
-0.0650385,2010,12,21,1.55,34.4,24.7
-0.0469753,2010,12,22,0.42,32.0,25.1
-0.0369218,2010,12,23,0.33,34.1,25.3
-0.0282253,2010,12,24,0.21,38.6,20.6
-0.015558,2010,12,25,0.0,33.8,18.8
-0.0099552,2010,12,26,0.06,37.6,19.3
-0.0055478,2010,12,27,0.04,37.1,18.6
0.0014855,2010,12,28,0.0,35.7,16.5
0.0030251,2010,12,29,0.05,38.2,19.1
0.0058828,2010,12,30,0.28,36.5,10.4
0.0099724,2010,12,31,0.0,16.6,-5.0
0.0122604,2011,1,1,0.0,7.9,-5.0
0.0131801,2011,1,2,0.0,21.5,2.4
0.0148051,2011,1,3,0.0,28.9,10.1
0.0151913,2011,1,4,0.0,26.3,11.1
0.017382,2011,1,5,0.0,29.5,7.7
0.0184107,2011,1,6,0.0,34.4,12.7
0.0193044,2011,1,7,0.0,40.3,17.3
0.0210845,2011,1,8,0.0,39.4,18.9
0.0206491,2011,1,9,0.0,39.5,16.6
0.021327,2011,1,10,0.04,22.4,-0.4
0.0218644,2011,1,11,0.0,22.3,-0.5
0.0223403,2011,1,12,0.0,30.6,12.7
0.023763,2011,1,13,0.0,40.8,21.4
0.0251395,2011,1,14,0.0,42.7,23.9
0.0594758,2011,1,15,0.0,42.5,24.0
0.0737769,2011,1,16,0.0,48.1,26.8
0.104045,2011,1,17,0.0,50.9,34.0
0.0842294,2011,1,18,0.0,49.9,26.0
0.0844776,2011,1,19,0.0,44.0,23.2
0.0286791,2011,1,20,0.02,35.1,11.0
0.0338613,2011,1,21,0.0,43.0,16.2
0.0350263,2011,1,22,0.0,46.4,24.1
0.0361762,2011,1,23,0.0,43.3,14.5
0.0383125,2011,1,24,0.0,41.8,16.3
0.0394367,2011,1,25,0.0,39.3,22.9
0.0395501,2011,1,26,0.0,41.2,20.5
0.0436539,2011,1,27,0.0,41.2,18.5
0.0477491,2011,1,28,0.0,47.1,24.0
0.0858365,2011,1,29,0.0,49.4,26.2
0.0859169,2011,1,30,0.0,47.3,27.8
0.0643069,2011,1,31,0.31,39.7,19.2
0.0280752,2011,2,1,0.19,26.4,11.5
0.0274121,2011,2,2,0.0,16.2,-5.5
0.0263121,2011,2,3,0.0,20.7,-3.1
0.0258771,2011,2,4,0.0,38.3,14.4
0.026181,2011,2,5,0.0,43.2,22.2
0.0592779,2011,2,6,0.0,43.5,25.5
0.0522089,2011,2,7,0.0,38.0,23.0
0.0179721,2011,2,8,0.02,48.9,17.5
0.0196732,2011,2,9,0.06,27.2,11.6
0.0212686,2011,2,10,0.0,28.8,8.6
0.021787,2011,2,11,0.0,34.1,11.3
0.1032407,2011,2,12,0.0,41.8,18.6
0.0635827,2011,2,13,0.0,50.2,26.0
0.0461693,2011,2,14,0.0,52.0,28.9
0.0401926,2011,2,15,0.0,51.1,30.2
0.0343214,2011,2,16,0.0,49.9,29.2
-0.0323367,2011,2,17,0.39,40.2,14.7
-0.0011678,2011,2,18,0.0,33.8,14.0
0.0315206,2011,2,19,0.04,39.8,28.3
0.0390992,2011,2,20,0.11,35.5,18.4
0.0095536,2011,2,21,0.0,32.5,13.8
0.0127173,2011,2,22,0.0,33.9,15.5
0.0144646,2011,2,23,0.0,37.6,15.8
0.0148961,2011,2,24,0.0,36.1,16.9
0.049688,2011,2,25,0.07,37.7,22.1
0.0182444,2011,2,26,0.58,35.9,19.4
0.023205,2011,2,27,0.43,27.9,9.4
0.0260465,2011,2,28,0.0,31.2,9.2
0.0297613,2011,3,1,0.0,39.7,19.0
0.0533735,2011,3,2,0.0,43.2,22.9
-0.0008931,2011,3,3,0.03,48.3,29.8
0.0230829,2011,3,4,0.0,45.8,23.1
0.0263418,2011,3,5,0.0,43.7,22.8
0.0194083,2011,3,6,0.0,50.2,29.6
-0.1566319,2011,3,7,0.19,46.3,30.5
-0.027609,2011,3,8,0.23,36.0,19.6
0.0176981,2011,3,9,0.0,39.6,19.6
0.0185946,2011,3,10,0.0,50.9,27.7
0.0274958,2011,3,11,0.0,56.9,32.6
0.03799,2011,3,12,0.0,50.4,29.5
0.0435014,2011,3,13,0.0,49.1,27.0
0.0496587,2011,3,14,0.0,51.6,29.2
0.0519183,2011,3,15,0.0,52.9,33.2
0.0850659,2011,3,16,0.0,57.4,34.0
-0.3030899,2011,3,17,0.33,55.3,27.9
-0.0134927,2011,3,18,0.0,41.6,23.4
0.0187072,2011,3,19,0.0,47.4,27.6
0.0324586,2011,3,20,0.0,39.0,25.0
0.0305578,2011,3,21,0.07,39.8,26.0
0.0744003,2011,3,22,0.27,34.3,20.8
0.0937363,2011,3,23,0.0,39.9,20.5
0.0286623,2011,3,24,0.06,44.2,22.2
-0.0143481,2011,3,25,0.16,41.7,25.5
0.050457,2011,3,26,0.0,39.1,24.1
0.0606125,2011,3,27,0.0,40.8,26.2
0.0577122,2011,3,28,0.0,46.6,26.8
0.0731244,2011,3,29,0.0,45.6,20.6
0.0873374,2011,3,30,0.0,46.4,23.1
0.0995142,2011,3,31,0.0,57.8,32.7
0.0987373,2011,4,1,0.0,66.1,37.0
0.1276604,2011,4,2,0.0,67.2,40.5
0.1776604,2011,4,3,0.55,65.5,34.0
-0.0152929,2011,4,4,0.01,37.4,20.7
0.0345778,2011,4,5,0.0,51.3,22.2
-0.4478279,2011,4,6,0.2,63.3,29.7
0.0042027,2011,4,7,0.01,52.1,29.6
0.0142027,2011,4,8,0.76,42.9,22.0
-0.1133135,2011,4,9,0.12,31.5,17.5
-0.0318052,2011,4,10,0.0,34.6,18.1
0.0250566,2011,4,11,0.0,44.1,21.0
0.061982,2011,4,12,0.0,51.5,29.0
0.0938965,2011,4,13,0.02,50.9,30.5
0.097319,2011,4,14,0.0,52.4,26.4
0.1136753,2011,4,15,0.0,46.6,24.1
0.1426809,2011,4,16,0.0,56.6,34.4
0.200431,2011,4,17,0.0,61.1,40.4
0.2864197,2011,4,18,0.0,63.9,42.7
0.1536421,2011,4,19,0.1,57.6,35.9
0.2810319,2011,4,20,0.0,53.3,31.7
0.2461054,2011,4,21,0.01,57.8,34.6
0.2892704,2011,4,22,0.0,52.9,28.3
0.2372808,2011,4,23,0.06,47.0,25.8
0.1601449,2011,4,24,0.18,42.9,29.7
0.1103269,2011,4,25,0.08,50.0,30.8
0.2476209,2011,4,26,0.02,51.6,29.0
0.2503111,2011,4,27,0.0,45.7,25.7
0.2796343,2011,4,28,0.0,51.2,25.7
0.282332,2011,4,29,0.0,59.9,32.0
0.2692628,2011,4,30,0.0,37.7,22.3
0.2734506,2011,5,1,0.0,40.3,23.0
0.2768072,2011,5,2,0.0,45.4,25.0
0.2889405,2011,5,3,0.0,56.3,30.4
0.2980994,2011,5,4,0.0,63.1,31.9
0.3304546,2011,5,5,0.0,57.9,30.0
0.3918034,2011,5,6,0.0,70.2,37.1
0.4399155,2011,5,7,0.0,70.6,44.3
0.5198654,2011,5,8,0.0,71.5,46.2
-0.046007,2011,5,9,0.49,54.5,31.9
0.2163601,2011,5,10,0.22,43.1,29.4
-0.0644267,2011,5,11,0.27,47.1,31.7
0.3097724,2011,5,12,0.02,56.9,35.7
0.3309599,2011,5,13,0.0,65.3,39.6
0.3347986,2011,5,14,0.03,68.1,44.3
0.413043,2011,5,15,0.02,64.0,45.0
0.452527,2011,5,16,0.0,57.9,32.2
0.4501207,2011,5,17,0.0,47.2,31.2
0.4245022,2011,5,18,0.08,50.0,31.9
0.3986704,2011,5,19,0.26,46.1,30.8
0.3375858,2011,5,20,0.1,45.8,32.9
0.308275,2011,5,21,0.01,57.5,36.9
0.3306471,2011,5,22,0.01,63.2,40.5
-0.1791856,2011,5,23,0.49,58.6,38.7
0.0042271,2011,5,24,0.19,55.0,35.5
0.2364958,2011,5,25,0.02,53.3,34.2
0.2758073,2011,5,26,0.0,65.4,34.7
0.3296643,2011,5,27,0.0,60.3,35.9
0.4099478,2011,5,28,0.0,63.0,35.5
0.0041943,2011,5,29,0.45,59.0,30.7
-0.1319104,2011,5,30,0.56,39.3,29.2
0.2603763,2011,5,31,0.04,51.2,31.1
0.3028917,2011,6,1,0.02,63.9,36.3
0.3004869,2011,6,2,0.0,64.7,39.0
0.2786159,2011,6,3,0.0,53.8,29.5
0.3017313,2011,6,4,0.0,57.8,29.9
0.3815318,2011,6,5,0.0,69.5,40.8
0.4190438,2011,6,6,0.0,72.7,49.0
0.3866757,2011,6,7,0.06,59.8,38.9
0.4637166,2011,6,8,0.0,66.6,38.9
0.4286466,2011,6,9,0.0,67.8,41.3
0.4926223,2011,6,10,0.0,67.8,41.2
0.9258721,2011,6,11,0.0,73.1,42.5
1.7285598,2011,6,12,0.0,72.9,45.5
2.1308052,2011,6,13,0.0,69.9,48.7
2.5326982,2011,6,14,0.0,72.3,47.6
3.2343066,2011,6,15,0.0,75.5,46.7
3.7356828,2011,6,16,0.0,80.5,50.4
3.9368677,2011,6,17,0.0,70.3,42.4
4.1378937,2011,6,18,0.0,67.2,41.4
4.1782355,2011,6,19,0.0,73.4,44.8
4.3834456,2011,6,20,0.26,60.7,39.8
4.5196308,2011,6,21,0.0,69.7,41.2
4.623462,2011,6,22,0.0,77.7,46.6
4.7266008,2011,6,23,0.0,84.8,55.9
4.8292019,2011,6,24,0.0,84.6,57.3
4.9313789,2011,6,25,0.0,81.2,54.0
5.033217,2011,6,26,0.0,80.2,52.3
5.134781,2011,6,27,0.0,78.8,50.3
5.136121,2011,6,28,0.0,83.2,55.0
5.137276,2011,6,29,0.0,82.0,61.1
5.1382772,2011,6,30,0.0,77.8,54.7
5.1391493,2011,7,1,0.0,77.8,51.8
5.1399123,2011,7,2,0.0,81.8,53.7
5.1405827,2011,7,3,0.0,89.1,58.7
5.1411738,2011,7,4,0.0,88.7,62.5
4.9529488,2011,7,5,0.33,81.1,54.4
5.0817871,2011,7,6,0.06,80.0,53.9
4.8800282,2011,7,7,0.11,77.0,56.3
4.7861158,2011,7,8,0.12,76.5,55.8
4.5931179,2011,7,9,0.02,78.2,54.5
4.4098498,2011,7,10,0.0,82.3,55.8
4.3156904,2011,7,11,0.0,81.2,53.8
4.3203482,2011,7,12,0.0,78.7,54.5
4.2241192,2011,7,13,0.0,77.9,56.5
4.227212,2011,7,14,0.0,77.3,56.3
4.0297775,2011,7,15,0.0,77.0,55.4
3.6319265,2011,7,16,0.0,76.8,54.5
3.3337424,2011,7,17,0.0,77.2,54.8
3.2352886,2011,7,18,0.0,83.7,59.4
3.1366142,2011,7,19,0.0,83.8,63.8
3.1377576,2011,7,20,0.0,84.1,59.3
2.9387492,2011,7,21,0.0,84.7,53.3
2.9396134,2011,7,22,0.0,85.1,56.2
2.9403699,2011,7,23,0.0,84.6,57.3
2.8410349,2011,7,24,0.0,84.9,57.2
2.7416216,2011,7,25,0.0,87.1,62.6
2.642141,2011,7,26,0.0,82.8,60.2
2.5863834,2011,7,27,0.33,81.9,53.9
2.5285135,2011,7,28,0.09,81.1,52.7
2.4309103,2011,7,29,0.0,82.4,55.2
2.3166799,2011,7,30,0.07,85.0,59.1
2.2400184,2011,7,31,0.14,79.3,59.7
2.1095702,2011,8,1,0.11,73.7,56.0
2.023558,2011,8,2,0.2,77.5,53.0
1.7536561,2011,8,3,0.07,81.4,54.8
1.7905024,2011,8,4,0.11,78.5,55.3
1.8031547,2011,8,5,0.0,81.8,55.0
1.6105601,2011,8,6,0.0,83.1,54.3
1.6163655,2011,8,7,0.0,83.1,56.5
1.5209975,2011,8,8,0.0,83.4,56.6
1.4247492,2011,8,9,0.0,85.1,55.6
1.4278274,2011,8,10,0.0,84.7,56.7
1.3303816,2011,8,11,0.0,84.6,58.0
1.332522,2011,8,12,0.0,84.5,56.8
1.3343311,2011,8,13,0.0,84.9,57.0
1.229034,2011,8,14,0.02,84.0,58.0
1.2354623,2011,8,15,0.0,84.1,54.7
1.1368455,2011,8,16,0.0,83.3,55.0
1.1380368,2011,8,17,0.0,81.9,52.6
1.0390685,2011,8,18,0.0,87.0,59.4
1.0399666,2011,8,19,0.0,87.7,59.7
0.9407519,2011,8,20,0.0,86.0,61.2
0.9214416,2011,8,21,0.0,83.8,59.7
0.8420496,2011,8,22,0.0,84.3,56.3
0.7625874,2011,8,23,0.0,85.1,56.2
0.7730647,2011,8,24,0.0,88.3,60.7
0.7534896,2011,8,25,0.0,88.7,64.1
0.7138688,2011,8,26,0.0,88.9,62.9
0.6642082,2011,8,27,0.0,87.3,62.3
0.6705639,2011,8,28,0.03,84.9,60.3
0.6837656,2011,8,29,0.0,83.0,59.3
0.613297,2011,8,30,0.07,82.5,56.9
0.5888528,2011,8,31,0.0,83.9,56.6
0.5798167,2011,9,1,0.0,81.9,53.0
0.5706575,2011,9,2,0.0,80.4,49.2
0.5713943,2011,9,3,0.0,77.8,49.6
0.5820424,2011,9,4,0.0,79.6,52.8
0.5826147,2011,9,5,0.0,81.0,54.6
0.5631217,2011,9,6,0.03,72.7,50.7
0.5835723,2011,9,7,0.0,76.0,50.2
0.563974,2011,9,8,0.0,76.8,53.3
0.554333,2011,9,9,0.0,76.1,52.6
0.5746547,2011,9,10,0.01,74.4,50.7
0.5810647,2011,9,11,0.03,71.4,49.7
0.5312483,2011,9,12,0.14,68.8,44.8
0.5767477,2011,9,13,0.0,68.7,45.3
0.5715336,2011,9,14,0.02,70.5,49.7
0.5336071,2011,9,15,0.0,66.9,48.0
0.7653623,2011,9,16,0.01,70.9,50.3
0.4300308,2011,9,17,0.7,61.4,44.5
0.5860832,2011,9,18,0.0,67.1,44.5
0.6004306,2011,9,19,0.0,70.3,47.5
0.6110674,2011,9,20,0.0,76.4,50.9
0.6391678,2011,9,21,0.0,75.0,51.1
0.6254751,2011,9,22,0.0,75.3,50.3
0.6104787,2011,9,23,0.0,77.8,51.8
0.6045115,2011,9,24,0.0,78.8,52.5
0.5878065,2011,9,25,0.0,78.2,52.0
0.5505306,2011,9,26,0.0,75.0,51.2
0.502806,2011,9,27,0.0,74.1,51.1
0.4647239,2011,9,28,0.0,77.8,52.4
0.4363535,2011,9,29,0.0,79.7,52.9
0.4277479,2011,9,30,0.0,79.6,54.3
0.4189486,2011,10,1,0.0,77.4,55.1
0.3899885,2011,10,2,0.0,70.9,53.7
0.4008936,2011,10,3,0.0,72.1,50.7
0.4165709,2011,10,4,0.51,68.5,45.4
0.4264056,2011,10,5,0.27,57.2,42.9
0.1431127,2011,10,6,0.57,49.5,29.9
0.4629516,2011,10,7,0.0,39.3,26.7
0.4868673,2011,10,8,0.01,40.5,28.2
0.4997794,2011,10,9,0.0,46.9,32.3
0.4959793,2011,10,10,0.0,52.1,31.5
0.4878516,2011,10,11,0.0,56.2,37.8
0.4568075,2011,10,12,0.0,62.6,38.6
0.4237262,2011,10,13,0.0,61.8,35.9
0.4091783,2011,10,14,0.0,69.3,43.7
0.3835478,2011,10,15,0.0,71.9,46.8
0.3671004,2011,10,16,0.0,72.6,48.3
0.370025,2011,10,17,0.0,68.6,41.3
0.3824588,2011,10,18,0.0,57.8,36.5
0.4145035,2011,10,19,0.0,59.3,36.0
0.4162358,2011,10,20,0.0,65.1,37.1
0.4077143,2011,10,21,0.0,63.3,40.7
0.4089846,2011,10,22,0.0,66.3,41.1
0.4100824,2011,10,23,0.0,63.6,39.6
0.3910362,2011,10,24,0.0,65.7,40.7
0.4118689,2011,10,25,0.0,63.8,40.3
0.4124185,2011,10,26,0.07,49.5,26.6
0.4754951,2011,10,27,0.0,40.0,20.4
0.4371057,2011,10,28,0.0,48.0,24.0
0.4484845,2011,10,29,0.0,53.7,30.0
0.4396724,2011,10,30,0.0,59.7,34.7
0.4307015,2011,10,31,0.0,57.8,36.4
0.4315977,2011,11,1,0.0,61.2,35.2
0.4608563,2011,11,2,0.06,47.4,19.1
0.4626284,2011,11,3,0.0,39.0,17.9
0.442977,2011,11,4,0.0,53.2,25.2
0.469327,2011,11,5,0.09,42.2,18.7
0.4431455,2011,11,6,0.0,32.9,15.0
0.4331062,2011,11,7,0.07,33.3,16.1
0.4340916,2011,11,8,0.03,29.8,14.5
