runoff_obs,basin_cfs_pred,year,month,day,precip,tmax,tmin
2.7,3.890482,2002,10,1,0.13,57.4,34.6
2.7,3.041588,2002,10,2,0.97,38.4,29.7
2.8,2.796749,2002,10,3,0.04,41.2,31.7
2.8,2.600715,2002,10,4,0,52.9,34
2.6,2.43956,2002,10,5,0,50.5,34.8
2.4,2.313932,2002,10,6,0,59.1,38.7
2.8,2.20687,2002,10,7,0,59.8,39.8
2.5,2.138643,2002,10,8,0,65,42.3
2.4,2.074149,2002,10,9,0,66.7,42.2
2.3,2.018152,2002,10,10,0,67.9,45.3
2.2,1.969334,2002,10,11,0,68.5,48
2.1,1.880715,2002,10,12,0,58.3,31.9
2.1,1.841334,2002,10,13,0,57.7,29
2.1,1.812958,2002,10,14,0,60.1,35.3
2.1,1.795018,2002,10,15,0,63.1,36.1
2,1.774201,2002,10,16,0,64.1,36.2
2,1.746542,2002,10,17,0,61.8,37.6
1.9,1.730267,2002,10,18,0,62.9,35.7
1.9,1.718727,2002,10,19,0,64.4,35.9
1.9,1.70904,2002,10,20,0,64.2,37.2
1.9,1.692878,2002,10,21,0,64.1,36.9
1.8,1.678333,2002,10,22,0,62.8,35.6
1.8,1.663181,2002,10,23,0,60.7,32
1.8,1.649467,2002,10,24,0,53,30.9
1.8,1.640825,2002,10,25,0,55.3,31.9
1.9,2.082153,2002,10,26,0.14,52.8,34.7
1.8,1.625104,2002,10,27,0,45.9,32.8
1.8,1.617123,2002,10,28,0,50.4,32.7
1.7,1.609214,2002,10,29,0,52.9,25.8
1.6,1.601368,2002,10,30,0,44.8,24
1.7,1.593589,2002,10,31,0,47.3,21.5
1.8,1.585876,2002,11,1,0,40.5,9.4
1.8,1.578224,2002,11,2,0,31,9.9
1.8,1.570637,2002,11,3,0,38.7,14.9
1.8,1.563111,2002,11,4,0,38.3,15.7
1.8,1.555647,2002,11,5,0,44.6,22.9
1.6,1.548243,2002,11,6,0,51.1,25.3
1.5,1.540956,2002,11,7,0,56.2,32
1.8,1.706283,2002,11,8,0.05,49.6,35.7
1.7,2.989479,2002,11,9,0.55,45.2,37.4
1.7,1.561624,2002,11,10,0.06,44.7,28.9
1.7,1.589024,2002,11,11,0.16,43.2,26.2
1.7,1.505852,2002,11,12,0,42.3,23.4
1.8,1.498802,2002,11,13,0,50.1,25.8
1.7,1.491811,2002,11,14,0,49.3,27.8
1.7,1.484878,2002,11,15,0,46.7,26.1
1.7,1.478002,2002,11,16,0,45.5,27
1.7,1.471193,2002,11,17,0,53.7,32.3
1.8,1.464415,2002,11,18,0,51.1,21
1.7,1.457704,2002,11,19,0,48,24.9
1.6,1.451048,2002,11,20,0,50,27.5
1.6,1.444444,2002,11,21,0,54.7,31.3
1.6,1.438062,2002,11,22,0,58.5,33.9
1.6,1.432347,2002,11,23,0,59.3,34
1.6,1.424969,2002,11,24,0,53,29.2
1.6,1.782527,2002,11,25,0.04,48,18.6
1.5,1.412476,2002,11,26,0,33.1,19.5
1.5,1.406161,2002,11,27,0,43.6,18.8
1.4,1.399898,2002,11,28,0,41.8,22.5
1.5,1.393684,2002,11,29,0,44.5,23.8
1.5,1.387518,2002,11,30,0,47.6,26
1.4,1.381401,2002,12,1,0,43.2,28.8
1.3,1.375332,2002,12,2,0,44,24.9
1.3,1.369309,2002,12,3,0,43.1,22.8
1.3,1.363336,2002,12,4,0,44.5,25.3
1.3,1.357406,2002,12,5,0,45.9,25.8
1.2,1.351524,2002,12,6,0,45.4,25.7
1.2,1.345684,2002,12,7,0,42.8,24.3
1.2,1.339891,2002,12,8,0,42.9,22.3
1.2,1.334143,2002,12,9,0,42.1,22.5
1.1,1.328438,2002,12,10,0,44.4,24.7
1.1,1.322775,2002,12,11,0,42.8,21
1.1,1.317155,2002,12,12,0,42.5,24.1
1.1,1.311581,2002,12,13,0,46.9,28.5
1,1.306045,2002,12,14,0,48,30.2
1,1.300575,2002,12,15,0,53.4,33.6
1.1,1.295103,2002,12,16,0,44.1,27.9
1.1,1.315968,2002,12,17,0.38,39.1,26.6
1.1,1.285067,2002,12,18,0.02,36.6,15.5
1.1,1.279029,2002,12,19,0,31.6,10
1.1,1.273736,2002,12,20,0,35.8,16.1
1.1,1.268482,2002,12,21,0,32.6,13.9
1.1,1.263268,2002,12,22,0,34.4,15.9
1.1,1.258092,2002,12,23,0.19,27,17.5
1.1,1.252956,2002,12,24,0,24.8,6.7
1.1,1.247856,2002,12,25,0,29.5,8.3
1.1,1.242794,2002,12,26,0,30.9,8.2
1.1,1.237769,2002,12,27,0,39.5,15.5
1.1,1.232782,2002,12,28,0,50.1,28.9
0.93,1.227831,2002,12,29,0,49.8,27.7
0.92,1.222915,2002,12,30,0,36.4,15.8
0.94,1.218036,2002,12,31,0,40.2,20.7
0.92,1.213192,2003,1,1,0,38.4,17
0.92,1.208384,2003,1,2,0,40.3,19.2
0.96,1.203611,2003,1,3,0,50.4,28
0.93,1.199571,2003,1,4,0,55.7,32.5
0.92,1.194176,2003,1,5,0,52.2,30.4
0.9,1.189504,2003,1,6,0,50.1,24.2
0.93,1.184867,2003,1,7,0,44.6,25.2
0.99,1.180263,2003,1,8,0,49.4,27.1
0.96,1.175694,2003,1,9,0,51.2,29.3
0.96,1.324093,2003,1,10,0.2,47.9,30.4
0.96,1.202103,2003,1,11,0.03,44.3,29.6
0.96,1.162368,2003,1,12,0,43.3,24.9
0.96,1.157912,2003,1,13,0,45.9,30.7
0.96,1.153494,2003,1,14,0,52.8,30.8
0.96,1.149103,2003,1,15,0,51.7,29.6
1,1.144745,2003,1,16,0,45.4,28
1,1.14042,2003,1,17,0,47.4,26.4
1,1.136126,2003,1,18,0,44.9,26.2
1,1.131864,2003,1,19,0,48.7,28.2
1,1.127633,2003,1,20,0,53.4,29.7
1,1.123426,2003,1,21,0,54.4,29.9
0.99,1.119252,2003,1,22,0,48.7,26.9
0.99,1.115106,2003,1,23,0,50.9,30.7
0.99,1.110991,2003,1,24,0,55.3,30.9
0.99,1.106907,2003,1,25,0,51.1,29.9
1,1.102849,2003,1,26,0,47.6,26
1,1.098821,2003,1,27,0,53.3,32.6
1,1.368163,2003,1,28,0.11,56.4,33.2
1,1.091216,2003,1,29,0,44.7,25
1,1.08725,2003,1,30,0,53.1,30.2
1,1.083329,2003,1,31,0,59.3,30.7
1,1.083533,2003,2,1,0,60.9,40.9
1.1,1.523145,2003,2,2,0.49,56,23.3
1,1.078267,2003,2,3,0,31,13.7
1,1.073266,2003,2,4,0,34.5,14.2
0.9,1.068508,2003,2,5,0.13,31.8,12.2
0.9,1.063955,2003,2,6,0.18,27.3,12.8
0.95,1.059573,2003,2,7,0,21.9,1
0.95,1.055335,2003,2,8,0,24.6,1.5
0.95,1.05122,2003,2,9,0,30.3,3.6
0.95,1.04721,2003,2,10,0,36.8,14.4
0.95,1.043291,2003,2,11,0,46.8,22.9
0.95,1.039449,2003,2,12,0,46.6,25
0.95,1.105939,2003,2,13,0.13,43,30.7
0.95,1.032081,2003,2,14,0.12,42.7,30
0.95,1.028416,2003,2,15,0,47.8,26.7
0.96,1.0248,2003,2,16,0,46.3,31.2
0.95,1.021228,2003,2,17,0,43,24.3
0.95,1.017699,2003,2,18,0,39.2,21.7
0.95,1.014205,2003,2,19,0,42.7,21.2
0.95,1.015418,2003,2,20,0.05,39.7,24.6
0.95,1.007333,2003,2,21,0,43.7,21.8
0.95,1.003934,2003,2,22,0,49.8,23.1
0.95,1.000563,2003,2,23,0,42,18.5
0.95,0.997219,2003,2,24,0,45.8,19.5
0.95,0.994485,2003,2,25,0.48,36.3,20.1
0.95,0.990612,2003,2,26,0,31.1,20.3
0.95,0.987341,2003,2,27,0,34.3,15.6
0.95,0.984189,2003,2,28,0.09,35.5,18.4
0.95,0.98117,2003,3,1,0.05,36.4,18.7
0.95,0.977666,2003,3,2,0.11,31,10.8
0.95,0.974483,2003,3,3,0,39.6,19.8
0.95,0.989192,2003,3,4,0.09,45.6,24.2
0.95,0.968369,2003,3,5,0,33.8,13.6
0.95,0.965245,2003,3,6,0,44.2,24
0.95,0.962142,2003,3,7,0,47.6,26.8
0.95,0.960052,2003,3,8,0,51.2,28.1
1,0.963652,2003,3,9,0,57,32
1.1,0.961664,2003,3,10,0,58.2,31.7
1.2,0.957301,2003,3,11,0,57.8,32.8
1.2,0.974129,2003,3,12,0,60.2,32.8
1.2,1.029651,2003,3,13,0,59.8,37.9
1.3,1.188077,2003,3,14,0,64.3,41.1
1.3,1.315812,2003,3,15,0,58.8,39
1.3,2.021067,2003,3,16,0.36,52.3,29.4
1.3,1.209274,2003,3,17,0,44,29
1.2,1.15986,2003,3,18,0,43.2,28.7
1.2,1.118461,2003,3,19,0,42.4,26.2
1.2,1.083541,2003,3,20,0,45.7,24.1
1.2,1.053965,2003,3,21,0,46.2,26.3
1.2,1.029032,2003,3,22,0,51.7,28.5
1.2,1.105415,2003,3,23,0,62.3,36.6
1.2,1.057269,2003,3,24,0.02,54.3,31
1.2,1.023271,2003,3,25,0,45.6,26.7
1.2,1.085635,2003,3,26,0,58.4,31.6
1.2,1.079722,2003,3,27,0,57.3,25.8
1.1,1.029619,2003,3,28,0,42,19.8
1.2,1.006843,2003,3,29,0,38.1,18
1.1,0.987564,2003,3,30,0,48.7,19
1.1,1.059955,2003,3,31,0,58.8,33
1.2,1.469431,2003,4,1,0,66.4,38.7
1.2,1.563895,2003,4,2,0,60.3,39.4
1.2,1.363915,2003,4,3,0.31,42.8,18.4
1.4,1.275334,2003,4,4,0,37,18.6
1.2,1.271699,2003,4,5,0.13,42.4,23.3
1.1,1.174427,2003,4,6,0,43.8,21.3
1.1,1.134637,2003,4,7,0,39.2,22.3
1.2,1.100515,2003,4,8,0,43.3,21.4
1.2,1.072078,2003,4,9,0,57.1,25.8
1.2,1.477332,2003,4,10,0,68.2,36.1
1.2,1.868297,2003,4,11,0,66.8,40.8
1.3,1.973466,2003,4,12,0,66.6,41.9
1.3,2.025497,2003,4,13,0,62.8,45.2
1.3,1.907532,2003,4,14,0,58.3,40.5
1.4,2.315142,2003,4,15,0.76,51.1,26.7
1.3,1.617949,2003,4,16,0.01,42.6,24
1.3,1.534118,2003,4,17,0,51.8,31.4
1.3,1.456286,2003,4,18,0,47.6,27.7
1.4,1.415081,2003,4,19,0.38,41.9,25
1.3,1.341645,2003,4,20,0,48.6,24.4
1.4,1.307577,2003,4,21,0,55.6,36.3
1.3,1.264159,2003,4,22,0,52.4,35.6
1.4,1.334757,2003,4,23,0.24,44.9,29
1.3,1.190965,2003,4,24,0.03,50.3,30.2
1.4,1.265758,2003,4,25,0,61.3,35.7
1.4,1.486006,2003,4,26,0,59.6,41.8
1.5,1.328972,2003,4,27,0,56,29.3
1.4,1.263652,2003,4,28,0,52.3,33.5
1.5,1.386227,2003,4,29,0,56.7,39.2
1.7,1.980383,2003,4,30,0.65,52.6,28.8
1.6,1.302546,2003,5,1,0.02,46.3,26.1
1.6,1.24869,2003,5,2,0,49,31.1
1.6,1.202584,2003,5,3,0.03,61.1,36.6
1.6,10.637592,2003,5,4,0.39,56,31.5
1.5,5.413266,2003,5,5,0.02,49.6,29.5
1.5,4.879799,2003,5,6,0,49.4,28.5
1.6,7.388843,2003,5,7,0.06,54.5,34.2
1.6,5.539071,2003,5,8,0.12,42.8,31.2
1.6,5.673135,2003,5,9,0.34,42.6,23.3
1.6,5.456515,2003,5,10,0.05,43.9,26.6
1.6,4.759751,2003,5,11,0,50.7,29.3
1.6,6.221736,2003,5,12,0,62,38.8
1.7,7.426277,2003,5,13,0,67.8,40.9
1.9,7.989594,2003,5,14,0,67.9,44.2
2.2,8.808199,2003,5,15,0,68.2,47.6
2.8,9.501545,2003,5,16,0,72.4,46
3.4,10.410794,2003,5,17,0,74.7,47.8
3.3,10.745213,2003,5,18,0,69.3,39.3
3.5,9.899216,2003,5,19,0,60,28.8
3.6,9.564985,2003,5,20,0,54.5,30.1
4,11.112003,2003,5,21,0,67.8,40.6
5,12.70609,2003,5,22,0,76.3,47.9
6,14.094095,2003,5,23,0,80.1,51.3
7.1,15.384868,2003,5,24,0,81.8,55.3
8.4,15.752813,2003,5,25,0,79,51.7
10,16.664216,2003,5,26,0,78.9,56.4
9.1,17.037815,2003,5,27,0,81.6,55.3
12,17.248447,2003,5,28,0,82.1,55.9
15,18.491162,2003,5,29,0,90,64.2
20,18.201541,2003,5,30,0,88.6,62.8
24,17.545305,2003,5,31,0,86.5,54.5
24,16.555078,2003,6,1,0,82.9,61
23,16.125084,2003,6,2,0,78.2,51.9
23,15.996294,2003,6,3,0,83.9,48.3
23,15.463575,2003,6,4,0,80.1,50
22,14.954838,2003,6,5,0,75.5,45.2
21,14.680732,2003,6,6,0,73.5,47.3
21,14.68579,2003,6,7,0,82,51.3
21,14.190353,2003,6,8,0,77.4,51.8
20,15.542422,2003,6,9,0.02,78.1,57.4
20,16.667872,2003,6,10,0.02,79.1,57.9
21,16.099369,2003,6,11,0,80.7,52.9
20,18.397715,2003,6,12,0.01,75.7,50.5
19,17.293519,2003,6,13,0,78.3,48.7
18,16.892783,2003,6,14,0,79,53.2
18,16.652882,2003,6,15,0,85,55.3
17,16.287468,2003,6,16,0,86.3,55.6
17,15.805369,2003,6,17,0,80.4,56.6
16,15.424108,2003,6,18,0,84.1,58.4
16,14.958646,2003,6,19,0,87.1,62.5
15,14.34671,2003,6,20,0,85,57.9
15,13.733911,2003,6,21,0,69.8,48.8
14,13.309989,2003,6,22,0,69.6,45.2
14,15.131876,2003,6,23,0.13,74.4,43.2
14,15.358332,2003,6,24,0.46,58.8,38.4
13,14.144368,2003,6,25,0.11,57.7,36.9
13,13.81348,2003,6,26,0,66.8,43.5
12,13.870527,2003,6,27,0,74.5,49.1
12,13.843676,2003,6,28,0,82.1,55.1
11,13.223935,2003,6,29,0,85,56.7
11,12.505122,2003,6,30,0,90.3,62.5
11,11.686729,2003,7,1,0,88.9,62.3
10,11.003341,2003,7,2,0,86.6,54.5
10,10.420506,2003,7,3,0,88.6,55.8
9.8,9.820768,2003,7,4,0,87.1,57.4
9.3,9.27434,2003,7,5,0,87.8,59.4
9.4,8.749136,2003,7,6,0,90.7,59.8
9.1,8.233957,2003,7,7,0,90,60.6
8.7,7.757925,2003,7,8,0,92.4,64.5
8.4,7.274299,2003,7,9,0,89.2,57.5
8.4,6.868168,2003,7,10,0,89.9,57.6
7.9,6.479946,2003,7,11,0,93.5,68.1
7.3,6.06571,2003,7,12,0,94.4,64
7.1,5.710297,2003,7,13,0,94.8,64.6
6.8,5.374138,2003,7,14,0,95.3,64.3
6.4,5.058694,2003,7,15,0,93.9,65.3
6.1,4.768651,2003,7,16,0,92.5,67.8
6.3,4.49811,2003,7,17,0,92.9,64.6
6.1,4.248928,2003,7,18,0,90.8,66.3
5.8,4.091753,2003,7,19,0.02,93,65.5
5.6,3.864506,2003,7,20,0,85.8,63.8
5.8,7.462587,2003,7,21,0.3,88.7,59.7
6.2,3.817279,2003,7,22,0,89.6,61.1
6.1,3.617239,2003,7,23,0,92.1,65.9
6,3.425814,2003,7,24,0,91.9,66.4
6,3.251299,2003,7,25,0,89.7,65.7
5.9,3.09321,2003,7,26,0,84.8,58.7
5.7,3.033225,2003,7,27,0.03,83.7,59.4
5.3,2.86351,2003,7,28,0,85.6,63.5
5.3,2.725117,2003,7,29,0,88.3,63.6
5.3,2.597964,2003,7,30,0,89.3,63.6
5.5,2.478787,2003,7,31,0,90.8,64.5
5.4,41.120068,2003,8,1,0.97,88.2,57.2
5.2,5.595807,2003,8,2,0,85.6,60.6
5.2,5.160473,2003,8,3,0,83.9,55
5.1,4.825533,2003,8,4,0,78.9,54.6
5,4.564837,2003,8,5,0,80.2,52
4.9,4.321131,2003,8,6,0,83.3,61.2
4.8,4.055956,2003,8,7,0,81.6,62.1
4.7,3.83077,2003,8,8,0,85.9,62.8
4.6,3.606305,2003,8,9,0,86.9,64.4
4.5,3.403381,2003,8,10,0,88,66.1
4.4,3.215922,2003,8,11,0,91,65.6
4.3,3.042064,2003,8,12,0,89.1,62.5
4.5,2.893327,2003,8,13,0,88.8,61.9
4.4,2.751,2003,8,14,0,90.1,62.3
4.3,2.619165,2003,8,15,0,91,66.8
4.8,2.492796,2003,8,16,0.03,88.9,55.7
4.6,5.375256,2003,8,17,0.17,79.1,54.4
4.4,2.434394,2003,8,18,0,86.7,53.2
4.4,2.331901,2003,8,19,0,87.1,54.5
4.5,2.23958,2003,8,20,0,91.5,62
4.6,2.143656,2003,8,21,0,80.2,60.5
5.2,2.701403,2003,8,22,0.08,83.5,58.3
4.9,7.164747,2003,8,23,0.27,80.4,54.5
4.9,2.143541,2003,8,24,0,82,56.9
4.8,2.068487,2003,8,25,0,81.3,53.4
4.9,2.003122,2003,8,26,0,82.4,59.5
4.9,1.93722,2003,8,27,0,81.2,53.3
4.8,1.881094,2003,8,28,0,77.8,59
4.7,1.832506,2003,8,29,0,84.6,60.2
4.8,2.347867,2003,8,30,0.07,77.2,47.1
4.7,1.751638,2003,8,31,0,81.4,45.9
4.8,2.653498,2003,9,1,0.05,80.2,52.6
5.4,6.622447,2003,9,2,0.25,75.6,50.6
5.3,3.246914,2003,9,3,0.04,77.6,53.3
5.3,1.894015,2003,9,4,0,80.3,57.9
5.4,1.823309,2003,9,5,0,76.3,55.3
5.2,9.907501,2003,9,6,0.31,78.1,49.2
4.9,2.352283,2003,9,7,0,73.6,52.2
4.9,2.266644,2003,9,8,0,79,59.2
5,2.148431,2003,9,9,0,74.7,49.6
5,2.06995,2003,9,10,0,67,42.6
4.9,2.016172,2003,9,11,0,61.6,38.5
4.8,1.966797,2003,9,12,0,69,45.8
4.8,1.915024,2003,9,13,0,77.5,39.7
4.6,1.854006,2003,9,14,0,61.5,36.6
4.3,1.823048,2003,9,15,0,71.3,37.9
4.2,1.781522,2003,9,16,0,78.5,53.8
4.2,1.721572,2003,9,17,0,77.7,43.5
4.2,1.679301,2003,9,18,0,60.8,31.8
4.3,1.659503,2003,9,19,0,62.7,36.1
4.3,1.631983,2003,9,20,0,71.3,43.3
4.1,1.594007,2003,9,21,0,73,44.7
3.9,1.561493,2003,9,22,0,75,47.1
3.7,1.527274,2003,9,23,0,78.6,51.9
3.6,1.488401,2003,9,24,0,81.2,51.4
3.5,1.449229,2003,9,25,0,80.8,50.7
3.5,1.413927,2003,9,26,0,80,50.9
3.3,1.379968,2003,9,27,0,80.6,52.8
3.2,1.346774,2003,9,28,0,80.9,53.4
3.1,1.315717,2003,9,29,0,83,54.2
3.1,1.286814,2003,9,30,0,81.5,55.6
3.1,1.260282,2003,10,1,0,80.7,56.9
3.1,1.231185,2003,10,2,0,78.9,47.8
3.1,1.534603,2003,10,3,0.04,69.7,44.7
3,1.199955,2003,10,4,0,67.2,43.7
2.8,1.181064,2003,10,5,0,67.1,46.7
2.8,1.163416,2003,10,6,0,72.1,49.3
2.7,1.145372,2003,10,7,0,71.4,49.6
2.6,1.130243,2003,10,8,0,71.6,49.1
2.6,1.116632,2003,10,9,0,78.7,51
2.6,1.102389,2003,10,10,0,77.2,47.5
2.6,1.091734,2003,10,11,0,60.7,28.2
2.6,1.082796,2003,10,12,0,62.9,34.4
2.5,1.075888,2003,10,13,0,73.1,34.1
2.5,1.069044,2003,10,14,0,57,33.1
2.5,1.063671,2003,10,15,0,71.7,35.4
2.4,1.058623,2003,10,16,0,70.8,42.2
2.3,1.054277,2003,10,17,0,70.5,42.3
2.4,1.050423,2003,10,18,0,75.9,45
2.3,1.046973,2003,10,19,0,78.4,48.9
2.3,1.043851,2003,10,20,0,73.6,47.3
2.4,1.041001,2003,10,21,0,75.2,46.5
2.1,1.038373,2003,10,22,0,80.4,48
2.1,1.035927,2003,10,23,0,75.3,47.9
2.1,1.033633,2003,10,24,0,71.6,35.5
2.1,1.031464,2003,10,25,0,60.7,31.9
2.1,1.029398,2003,10,26,0,52.9,32.4
2.1,1.027419,2003,10,27,0,62.1,36.7
2.1,1.025512,2003,10,28,0,66.5,42.5
2.1,1.023665,2003,10,29,0,68.4,46.3
2,1.021869,2003,10,30,0,70.7,29.9
2.1,1.022331,2003,10,31,0.24,38.9,22.7
2.2,1.018405,2003,11,1,0.19,28,22.2
2.1,1.016719,2003,11,2,0.01,31.9,18.5
2.2,1.01587,2003,11,3,0.1,36.1,22.7
2.1,1.013426,2003,11,4,0.07,35.4,18.3
2.2,1.01181,2003,11,5,0,36.7,19.2
2.2,1.010211,2003,11,6,0,36.1,18.8
2.1,1.008628,2003,11,7,0,36.2,19.3
2,1.00706,2003,11,8,0,43.3,20.8
2,1.005517,2003,11,9,0,46.7,32
2,1.003985,2003,11,10,0.03,46.2,30.8
1.9,1.009769,2003,11,11,0.13,40.8,24.8
1.9,1.000977,2003,11,12,0,48.1,25.6
2,1.056641,2003,11,13,0.52,44.7,28.1
1.9,1.002953,2003,11,14,0.1,38.2,28.8
1.9,0.996688,2003,11,15,0,44.8,24.2
1.9,1.010404,2003,11,16,0.04,44,28.4
1.9,0.993752,2003,11,17,0,42.1,29.5
1.9,0.992266,2003,11,18,0,46.2,25.8
1.9,0.990789,2003,11,19,0,50.1,28
1.9,0.989741,2003,11,20,0,58.8,34.5
1.9,0.989284,2003,11,21,0,57.6,34
2.1,0.987065,2003,11,22,0.45,41,12.3
1.8,0.984984,2003,11,23,0,25.4,1.7
1.8,0.983546,2003,11,24,0,35.5,9.2
1.8,0.982115,2003,11,25,0,43.2,18.3
1.8,0.980692,2003,11,26,0,37.3,19.9
1.9,0.979277,2003,11,27,0.02,36.3,12.4
1.9,0.977869,2003,11,28,0,34.4,14.4
2,0.976469,2003,11,29,0,51.4,28.4
1.9,0.975083,2003,11,30,0,54.2,33.8
1.8,0.97369,2003,12,1,0,49.1,31.3
1.8,0.972311,2003,12,2,0,50.8,30.6
1.8,0.970939,2003,12,3,0,46.6,28
1.8,0.969574,2003,12,4,0,50.2,27.2
1.8,0.992772,2003,12,5,0.04,46.9,28.7
1.8,0.966948,2003,12,6,0,49.3,31.7
1.7,0.965598,2003,12,7,0,51.1,36
1.7,0.981258,2003,12,8,0.07,46,23.5
1.7,0.96298,2003,12,9,0,33.8,12.7
1.7,0.961647,2003,12,10,0,41.6,22.3
1.7,0.960325,2003,12,11,0,38.1,20
1.7,0.959031,2003,12,12,0,36.4,17.5
1.7,0.978632,2003,12,13,0.02,44.1,18.7
1.6,0.956446,2003,12,14,0.01,39.1,30.3
1.6,0.95513,2003,12,15,0.09,35.4,15
1.6,0.953829,2003,12,16,0,31.8,11.2
1.6,0.952535,2003,12,17,0,40.9,13.5
1.6,0.95125,2003,12,18,0,48,23.8
1.6,0.949975,2003,12,19,0.16,45,26.9
1.8,1.009047,2003,12,20,0,54.1,30.4
1.6,0.947593,2003,12,21,0.13,47,27
1.6,0.946328,2003,12,22,0,38.7,19.7
1.6,0.945069,2003,12,23,0,37.3,22.7
1.6,0.943817,2003,12,24,0,44.5,23.7
1.8,0.943159,2003,12,25,0.21,39.7,26.7
1.7,0.941333,2003,12,26,1.15,30.2,24.1
1.6,0.940099,2003,12,27,0.11,25.1,3.9
1.6,0.938872,2003,12,28,0,26,5.6
1.6,0.937651,2003,12,29,0.01,34.2,14.4
1.7,0.936436,2003,12,30,0,36.1,21.4
1.7,0.935227,2003,12,31,0,38.2,20.8
1.6,0.934023,2004,1,1,0,35.7,24.2
1.6,0.932826,2004,1,2,0,35.2,23.5
1.5,0.931633,2004,1,3,0.02,32.5,18.5
1.5,0.930448,2004,1,4,0,25.6,-0.3
1.5,0.929266,2004,1,5,0,23.6,2.1
1.4,0.928092,2004,1,6,0,22.4,5.3
1.4,0.926922,2004,1,7,0,31.1,13.8
1.4,0.925756,2004,1,8,0,40.1,21.4
1.4,0.924597,2004,1,9,0,44,22.5
1.5,0.923444,2004,1,10,0,44.6,24.4
1.5,0.922295,2004,1,11,0,50.4,23.6
1.6,0.921153,2004,1,12,0,46.6,22.7
1.5,0.920014,2004,1,13,0,43.8,23.5
1.5,0.918881,2004,1,14,0,43.7,22.6
1.5,0.917753,2004,1,15,0,42.6,20.5
1.5,0.91663,2004,1,16,0,38.4,19.7
1.5,0.915511,2004,1,17,0,32.3,15.4
1.5,0.914399,2004,1,18,0,34,15.1
1.5,0.913289,2004,1,19,0,34.2,17.6
1.5,0.912186,2004,1,20,0,32.9,22.1
1.5,0.91109,2004,1,21,0,26,12.7
1.5,0.909994,2004,1,22,0,29.4,11.8
1.6,0.908904,2004,1,23,0,33.6,10.4
1.6,0.907819,2004,1,24,0,42.1,21.2
1.6,0.921918,2004,1,25,0.23,41.5,19.5
1.6,0.9057,2004,1,26,0,27.5,5.7
1.6,0.904626,2004,1,27,0,33.9,16.6
1.7,0.903556,2004,1,28,0,41.2,15.2
1.7,0.902491,2004,1,29,0,41.8,21.3
1.7,0.901434,2004,1,30,0,43.5,26.3
1.6,0.951986,2004,1,31,0.58,47.6,19.4
1.5,0.899501,2004,2,1,0,27.6,3.8
1.2,0.898448,2004,2,2,0,34.9,9.7
1.2,0.897393,2004,2,3,0.06,32.5,21.5
1.2,0.896346,2004,2,4,0.09,28.8,21.4
1.2,0.895303,2004,2,5,0,35,20.8
1.2,0.894268,2004,2,6,0,29.8,8.1
1.2,0.893237,2004,2,7,0,39.9,14.2
1.2,0.892209,2004,2,8,0,35.2,15.2
1.2,0.891188,2004,2,9,0.03,28.1,12.3
1.3,0.890166,2004,2,10,0.03,23.5,11.7
1.3,0.889151,2004,2,11,0,31.5,8.1
1.3,0.888142,2004,2,12,0,29,3.4
1.3,0.887137,2004,2,13,0,31.9,7.5
1.3,0.886137,2004,2,14,0,36.1,13.7
1.3,0.88514,2004,2,15,0,39.9,16.3
1.3,0.884148,2004,2,16,0,43.4,21
1.4,0.883161,2004,2,17,0,45.9,23.9
1.2,0.88972,2004,2,18,0,55.8,34.8
1.1,0.881593,2004,2,19,0.02,47.5,28.6
1,0.880273,2004,2,20,0,40.6,19
1.1,0.879298,2004,2,21,0.01,33.4,21.7
1.1,0.878328,2004,2,22,0.13,33.3,24.2
1.2,0.878401,2004,2,23,0.18,34,26.3
1.2,0.877174,2004,2,24,0.28,36.1,26.4
1.2,0.875447,2004,2,25,0,42.8,23.7
1.2,0.90601,2004,2,26,0.04,40.2,29.7
1.3,0.877149,2004,2,27,0.19,36.7,24.8
1.2,0.872675,2004,2,28,0.84,31.2,24
1.2,0.871727,2004,2,29,0,33.6,19.5
1.1,0.870784,2004,3,1,0,38,12.3
1.1,0.869844,2004,3,2,0.08,33,17.9
1.1,0.868909,2004,3,3,0.02,34,21.2
1,0.867979,2004,3,4,0,42.9,19.5
1.1,0.867448,2004,3,5,0.03,34.7,21.3
1.1,0.866129,2004,3,6,0,42.4,25.7
1.1,0.865228,2004,3,7,0,51.3,24.3
1.1,0.864293,2004,3,8,0,48.6,24
1.1,0.865684,2004,3,9,0,55,30.6
1.2,0.871449,2004,3,10,0,60.8,31.9
1.1,0.862,2004,3,11,0,49.5,26.5
1.2,0.862015,2004,3,12,0,51.8,28.5
1.2,0.86479,2004,3,13,0,57.1,30.3
1.3,0.862287,2004,3,14,0,56.2,29.3
1.3,0.871147,2004,3,15,0,63.4,30.9
1.3,0.870702,2004,3,16,0,59.5,32.5
1.3,0.866594,2004,3,17,0,58.1,31.8
1.3,0.972528,2004,3,18,0,65.9,37.4
1.4,1.184067,2004,3,19,0,69.5,41.7
1.4,1.371691,2004,3,20,0,67.6,41.8
1.5,1.598989,2004,3,21,0,69.2,41.9
1.5,1.917756,2004,3,22,0,72.7,45.2
1.5,2.180544,2004,3,23,0,69.5,47
1.5,2.366828,2004,3,24,0,69,41.3
1.5,2.497513,2004,3,25,0,66.1,38.3
1.5,3.135113,2004,3,26,0.02,63.4,37.5
1.3,2.577245,2004,3,27,0.08,50.8,26.4
1.3,2.360908,2004,3,28,0,48.8,28
1.2,2.277194,2004,3,29,0,50.3,26.4
1.2,2.221355,2004,3,30,0,60.5,32.5
1.3,2.314061,2004,3,31,0,68.1,41.5
1.5,2.438357,2004,4,1,0,65.5,45.9
1.9,4.52881,2004,4,2,0.5,48.7,32.6
2.5,3.629414,2004,4,3,0.52,48.6,32.9
2.1,3.841349,2004,4,4,0.08,53.1,32.9
2,3.231009,2004,4,5,0,58.2,36.7
2.1,3.259367,2004,4,6,0,59.7,34.2
2.2,5.392356,2004,4,7,0.11,62.9,37.2
2.2,5.449639,2004,4,8,0.08,53.8,37.3
2.1,4.294218,2004,4,9,0,53.4,33.2
2,3.989796,2004,4,10,0,57.3,29.9
1.9,3.697938,2004,4,11,0,45.6,28.6
1.8,3.457943,2004,4,12,0,54.6,32.6
1.8,3.431921,2004,4,13,0,63,38
1.9,3.416194,2004,4,14,0,62.8,35.5
1.9,3.301419,2004,4,15,0,58.5,39.2
1.8,3.261721,2004,4,16,0,55.9,39.4
1.8,3.062213,2004,4,17,0,56.8,40.7
1.9,3.041661,2004,4,18,0.07,52.5,31.5
1.8,2.755525,2004,4,19,0,48.2,32.6
1.7,2.623233,2004,4,20,0,46.5,31.6
1.7,2.571133,2004,4,21,0,55.4,34.5
1.7,2.401971,2004,4,22,0.04,51.3,28.9
1.7,2.434276,2004,4,23,0.06,47.9,30.5
1.6,2.200055,2004,4,24,0,53.5,30.4
1.6,2.460582,2004,4,25,0,62.2,33.1
1.8,2.422117,2004,4,26,0,62,33.1
2.1,2.661174,2004,4,27,0,67,40.3
2.6,2.948695,2004,4,28,0,72.8,46.6
2.9,2.672639,2004,4,29,0,66.8,24
2.9,2.458753,2004,4,30,0.05,44.3,28.2
3,2.83515,2004,5,1,0,58.7,29
3.5,3.179894,2004,5,2,0,67.2,40.5
4.2,3.506657,2004,5,3,0,71.4,45.6
5.1,4.196232,2004,5,4,0,80.1,51.4
6.8,4.692419,2004,5,5,0,78.8,58
7,4.63599,2004,5,6,0,74.5,50.6
7.3,4.766396,2004,5,7,0,72.8,44.4
7.7,5.015559,2004,5,8,0,71.9,46
8,5.318227,2004,5,9,0,75.7,45.9
8.2,5.403655,2004,5,10,0,72.8,47.7
8.2,5.425465,2004,5,11,0,71.1,34.6
8.2,6.198061,2004,5,12,0.07,51.3,31.6
8,5.516567,2004,5,13,0.02,51.3,30.6
7.8,5.945051,2004,5,14,0,60.4,31.7
7.6,6.236442,2004,5,15,0,69.3,38.5
7.5,6.612961,2004,5,16,0,70,42.4
7.5,6.736457,2004,5,17,0,69.5,44.2
7.7,6.840367,2004,5,18,0,69.8,44.3
8,6.719287,2004,5,19,0,66.4,42.1
8.1,7.04443,2004,5,20,0,67,40
8.2,7.156824,2004,5,21,0,68.1,41.4
8.5,7.090334,2004,5,22,0,64,40.4
8.4,7.12636,2004,5,23,0,64.2,38.9
8.7,7.373529,2004,5,24,0,64.9,35.9
8.8,7.601398,2004,5,25,0.03,56.7,35.3
8.6,7.800897,2004,5,26,0.05,54.5,35.4
8.7,8.190076,2004,5,27,0,68.1,40.8
8.6,8.042988,2004,5,28,0,72.7,47.4
8.8,10.092504,2004,5,29,0.1,67.1,40.1
8.6,8.758891,2004,5,30,0,57.9,33.7
8.4,8.7169,2004,5,31,0,68,31.8
8.8,8.398985,2004,6,1,0,74.7,45.6
9.1,8.320325,2004,6,2,0,77.4,49.1
9.5,8.238488,2004,6,3,0,81.8,53.6
11,8.126673,2004,6,4,0,86,55.7
9.9,7.983658,2004,6,5,0,84.9,58.3
9.7,7.846193,2004,6,6,0,87.5,59.1
9.6,7.693692,2004,6,7,0,85.5,57.3
8.5,7.555836,2004,6,8,0,82.4,56.7
7.9,7.41092,2004,6,9,0,78.9,55.9
8.9,7.790196,2004,6,10,0.02,64.9,41.9
8.6,7.357745,2004,6,11,0.01,60.6,39.9
8.4,7.274161,2004,6,12,0,69.5,44
8,7.111733,2004,6,13,0,76.9,50.1
7.5,6.924134,2004,6,14,0,84,53.9
7.3,6.69298,2004,6,15,0,83,53.4
7,7.055375,2004,6,16,0.01,75.8,51.2
7.1,12.559677,2004,6,17,0.33,73,50.6
6.7,12.247485,2004,6,18,0.68,66.1,43.9
6.5,9.104386,2004,6,19,0,72.2,47.2
6.2,8.815741,2004,6,20,0,78.6,51.7
6.1,8.271267,2004,6,21,0,80,50.2
6.1,7.785091,2004,6,22,0,70,47.7
5.8,7.438289,2004,6,23,0,76.6,48.7
6.1,7.57358,2004,6,24,0,78.7,56.4
6.7,6.855739,2004,6,25,0,81.9,55.7
6.8,6.491466,2004,6,26,0.01,81.5,54.8
7.4,6.812399,2004,6,27,0.02,79.4,53.8
7.7,6.132363,2004,6,28,0.01,78.8,53.7
8.1,6.232039,2004,6,29,0.03,76.9,51.3
8.2,5.709707,2004,6,30,0,75.2,51.7
8,5.413749,2004,7,1,0,79.1,55.1
8,5.140198,2004,7,2,0,78,55.6
8,4.905677,2004,7,3,0,78.3,51.8
7.8,4.685992,2004,7,4,0,79.1,51.7
7.7,4.47055,2004,7,5,0,80.2,54
7.7,4.704111,2004,7,6,0.04,77.8,56.6
7.6,4.172447,2004,7,7,0,85,59.1
7.5,3.952245,2004,7,8,0,86.2,59.5
7.4,3.759484,2004,7,9,0,84.5,59.4
7.2,3.584684,2004,7,10,0,83,62.3
7.3,3.414253,2004,7,11,0,83.5,61.9
7.1,3.26019,2004,7,12,0,85.6,61.4
7,3.111614,2004,7,13,0,88.9,63.9
7.1,2.960941,2004,7,14,0,88,66.4
7.4,3.70279,2004,7,15,0.11,84.6,58.7
7.2,6.065432,2004,7,16,0.41,80.3,57.6
6.9,3.27344,2004,7,17,0.03,77.6,58.2
6.6,3.448275,2004,7,18,0.08,77.9,58.1
6.7,2.780249,2004,7,19,0,82.6,57.3
6.7,5.253061,2004,7,20,0.16,81.5,55.2
6.7,3.493647,2004,7,21,0.05,84,54.2
7.3,2.766947,2004,7,22,0,84.1,57.5
6.6,3.076692,2004,7,23,0.05,80.9,58.3
6.2,3.881796,2004,7,24,0.1,82.1,56.5
6.1,2.800482,2004,7,25,0.02,84.6,59.8
5.9,2.548936,2004,7,26,0,82.9,59.6
5.8,2.500527,2004,7,27,0.02,84.8,57.4
5.6,2.535745,2004,7,28,0.03,80.6,56.3
5.8,2.311062,2004,7,29,0,83.7,59.5
6.2,2.225874,2004,7,30,0,86.9,63.2
5.6,2.144001,2004,7,31,0,85.3,64.9
5,2.069775,2004,8,1,0,85.7,62
5.2,3.347929,2004,8,2,0.09,76.9,55.5
4.9,4.250872,2004,8,3,0.18,77.8,52.5
4.9,2.050384,2004,8,4,0,81.9,56.7
5.1,1.991293,2004,8,5,0,83.2,59.9
4.9,1.939089,2004,8,6,0,82.3,59.2
4.9,1.890638,2004,8,7,0,81.7,57.5
4.9,1.846758,2004,8,8,0,85.6,56.4
4.7,1.793875,2004,8,9,0,87.1,58.1
4.7,1.741003,2004,8,10,0,88.5,60.9
4.6,1.692325,2004,8,11,0,89.3,61.1
4.6,1.64932,2004,8,12,0,88.6,63.8
4.5,1.608607,2004,8,13,0,88.1,62.4
4,1.571595,2004,8,14,0,86.8,60.7
4,1.762886,2004,8,15,0.08,81.7,56.3
3.7,1.526414,2004,8,16,0.02,75.4,55.4
3.8,2.386698,2004,8,17,0.15,73.9,50.3
4.1,1.867183,2004,8,18,0.09,69.3,49.7
4.2,1.490757,2004,8,19,0,71.1,50.9
4.1,2.906058,2004,8,20,0.14,73.2,50.8
4.1,3.218052,2004,8,21,0.16,74.4,51.3
3.9,1.589075,2004,8,22,0.01,75.8,52.5
4,1.467072,2004,8,23,0,76.8,53.6
3.8,2.66172,2004,8,24,0.1,67.8,49.4
3.7,1.446156,2004,8,25,0,70.7,49.5
3.7,1.482771,2004,8,26,0,77.4,50.9
3.6,1.400511,2004,8,27,0,69.7,44.4
3.5,1.383892,2004,8,28,0,65.3,42.8
3.3,1.366051,2004,8,29,0,74.2,43.8
3.3,1.3478,2004,8,30,0,79.9,52.7
3.2,1.323503,2004,8,31,0,80.4,56.6
3.1,1.302202,2004,9,1,0,84.7,59.5
3.1,1.27546,2004,9,2,0,87.1,60
3.7,2.685496,2004,9,3,0.18,82,46.7
3.3,15.693102,2004,9,4,0.42,47.5,34.1
3.3,2.185999,2004,9,5,0.08,55.5,35.1
3.1,2.137846,2004,9,6,0,69.8,45.4
3,2.05464,2004,9,7,0,75.4,50.9
3,1.964296,2004,9,8,0,80.3,52.7
3,1.875804,2004,9,9,0,82.1,55.4
3,1.795336,2004,9,10,0,81.8,54
3,1.730237,2004,9,11,0,79.6,51.8
3,1.792208,2004,9,12,0.01,82.4,55
2.9,1.619067,2004,9,13,0,77.9,51.1
2.8,1.57635,2004,9,14,0,77.3,45.5
2.8,1.535045,2004,9,15,0,62.8,39.9
2.7,1.514482,2004,9,16,0,69.5,41.3
2.7,1.485883,2004,9,17,0,77.7,51.7
2.7,1.444507,2004,9,18,0,77.6,55.4
2.8,1.410652,2004,9,19,0,72.4,48.9
2.9,1.379066,2004,9,20,0.01,60.7,38.5
2.8,1.368339,2004,9,21,0,50.2,32
2.8,1.352726,2004,9,22,0.01,50.3,31.8
2.6,1.338107,2004,9,23,0,58.9,33.1
2.5,1.322789,2004,9,24,0,67.4,42.7
2.4,1.306375,2004,9,25,0,71.8,46.6
2.4,1.285572,2004,9,26,0,73.4,47.9
2.3,1.266288,2004,9,27,0,78.1,51.5
2.4,1.24807,2004,9,28,0,76.2,50.9
2.4,2.895398,2004,9,29,0.27,67.7,41.4
2.4,1.285974,2004,9,30,0,58,38.6
2.4,1.273474,2004,10,1,0,57.1,39
2.3,1.292611,2004,10,2,0,61.8,42.1
2.3,1.280705,2004,10,3,0,64.5,44
2.2,1.26628,2004,10,4,0,66,44.7
2.2,1.253163,2004,10,5,0,67.7,45
2.2,1.232346,2004,10,6,0,65.3,43.6
2.3,1.219637,2004,10,7,0,67.1,43.7
2.2,1.206709,2004,10,8,0,72,45.2
2.2,1.192752,2004,10,9,0,73.3,51.9
2.2,1.179756,2004,10,10,0,70,46.5
2.2,1.170381,2004,10,11,0,54.4,39.5
2.2,1.164462,2004,10,12,0,54.9,38.7
2.2,1.157241,2004,10,13,0,64.2,40.2
2.2,1.148489,2004,10,14,0,59.5,36.2
2.1,1.141771,2004,10,15,0,66.2,40.3
2.1,1.133653,2004,10,16,0,71.9,44.4
2.1,1.125025,2004,10,17,0,70.1,43
2.2,1.118555,2004,10,18,0.02,54.9,40.4
2.3,1.366389,2004,10,19,0.23,47.8,36.7
3.5,1.756852,2004,10,20,1.05,49.4,37.5
2.4,1.167755,2004,10,21,1.66,43.1,34.4
2.3,1.121355,2004,10,22,0.24,40,32.8
2.2,1.10179,2004,10,23,0,46.5,32
2.2,1.099018,2004,10,24,0.03,49.5,34.1
2.4,1.100822,2004,10,25,0.94,39.3,30.4
2.3,1.110977,2004,10,26,0.23,39.2,30.7
2.6,1.214809,2004,10,27,0.38,44.1,34.5
2.3,1.178712,2004,10,28,0.22,40.5,29.8
2.2,1.140215,2004,10,29,0,40.9,24.9
2.2,1.12943,2004,10,30,0,44.6,24.7
2.1,1.120478,2004,10,31,0,46.7,27.2
2.2,1.113017,2004,11,1,0,41.5,19.7
2.4,1.106774,2004,11,2,0,34.8,17.1
2.1,1.101523,2004,11,3,0,49.6,24.4
2.1,1.097079,2004,11,4,0,52.8,29.3
2,1.093298,2004,11,5,0,47.5,29.6
2,1.090057,2004,11,6,0,53.2,31.9
2.1,1.087257,2004,11,7,0,57.7,33.6
3.5,3.187326,2004,11,8,1.04,50.7,37.4
2.6,2.326488,2004,11,9,0.16,42.3,29.9
2.4,2.041691,2004,11,10,0,47.8,29.7
2.4,1.902376,2004,11,11,0,47.6,31.6
2.3,2.210672,2004,11,12,0.27,42.1,31.1
2.2,1.897319,2004,11,13,0.03,38.7,29.6
2.2,1.879885,2004,11,14,0.02,38,29.6
2.2,1.731279,2004,11,15,0,40.2,27.7
2.2,1.63569,2004,11,16,0,46.3,27.1
2.1,1.552736,2004,11,17,0,47.7,29.6
2.1,1.479746,2004,11,18,0,50.3,29.6
2.2,1.416077,2004,11,19,0,47.5,28.8
2.3,1.361726,2004,11,20,0,34.7,20.8
2.3,1.315682,2004,11,21,0.17,25.5,19.2
2.2,1.276348,2004,11,22,0,28.7,19.6
2,1.243082,2004,11,23,0,42.5,20.2
2.2,1.215131,2004,11,24,0,36.9,22.4
2,1.191475,2004,11,25,0,42.6,22.6
2,1.171648,2004,11,26,0,52.5,27.8
2.1,1.176695,2004,11,27,0.02,40.8,26.5
2,1.150201,2004,11,28,0.45,33.2,16.7
2,1.137481,2004,11,29,0,22.8,10.5
2,1.127015,2004,11,30,0,24.1,5.1
1.9,1.11837,2004,12,1,0,33.4,7.6
1.9,1.111205,2004,12,2,0,25.6,10.7
1.8,1.105247,2004,12,3,0,26.4,6.1
1.8,1.10027,2004,12,4,0,36.2,12.5
1.8,1.096088,2004,12,5,0,36.1,15.3
1.7,1.092559,2004,12,6,0,36.1,13.6
1.7,1.089571,2004,12,7,0,35.3,18.3
1.6,1.087029,2004,12,8,0,36.6,25.4
1.6,1.084849,2004,12,9,0,45.1,28.4
1.6,1.082956,2004,12,10,0,52.6,32.4
1.5,1.081305,2004,12,11,0,54.5,34
1.6,1.08572,2004,12,12,0,61.3,37.6
1.5,1.083312,2004,12,13,0,59,32
1.6,1.080105,2004,12,14,0,51.8,30.5
1.6,1.078796,2004,12,15,0,52.4,27.1
1.6,1.077597,2004,12,16,0,38.8,23
1.6,1.076487,2004,12,17,0,37.9,19.7
1.6,1.075446,2004,12,18,0,46.5,22.1
1.6,1.074461,2004,12,19,0,46.1,25.5
1.6,1.073522,2004,12,20,0,49.3,26.5
1.6,1.072625,2004,12,21,0,47.1,19.4
1.5,1.071761,2004,12,22,0,36.4,12.2
1.5,1.070926,2004,12,23,0.02,30.5,10
1.5,1.070117,2004,12,24,0,25,7.8
1.5,1.069323,2004,12,25,0,37.5,11.9
1.5,1.068548,2004,12,26,0,48.3,22.4
1.5,1.067749,2004,12,27,0,45.5,29.7
1.5,1.066978,2004,12,28,0.01,37.3,26.3
1.6,1.068004,2004,12,29,0.59,36.5,27.2
1.5,1.067091,2004,12,30,0.33,34.9,27.5
1.5,1.070005,2004,12,31,0.02,34.6,29.3
1.4,1.065266,2005,1,1,0.24,35.2,20.8
1.4,1.064306,2005,1,2,0,31.7,16.8
1.4,1.063453,2005,1,3,0.12,30.8,20.9
1.4,1.062624,2005,1,4,0.65,32.6,24.4
1.4,1.061815,2005,1,5,0.12,29.3,17
1.4,1.061022,2005,1,6,0,32.9,11.5
1.6,1.06024,2005,1,7,0,27.6,7.1
1.6,1.059473,2005,1,8,0.11,33.5,10.8
1.6,1.133381,2005,1,9,0.26,38.4,31.5
1.8,1.569022,2005,1,10,0.32,42.4,35
1.7,1.785494,2005,1,11,0.27,43,33.3
1.7,1.553314,2005,1,12,0.15,38.3,22.4
1.6,1.444437,2005,1,13,0,34.5,14.1
1.6,1.377859,2005,1,14,0,38.8,16.1
1.6,1.318353,2005,1,15,0,44.1,21.4
1.6,1.270646,2005,1,16,0,46.2,27.8
1.5,1.231878,2005,1,17,0,50.6,30.1
1.6,1.200238,2005,1,18,0,44.6,25.9
1.7,1.174312,2005,1,19,0,53.2,30.2
1.7,1.153063,2005,1,20,0,55.6,34.6
1.8,1.13564,2005,1,21,0,57.5,34.1
1.8,1.121322,2005,1,22,0,52.3,30.7
1.9,1.109526,2005,1,23,0,51.3,30.4
1.8,1.099806,2005,1,24,0,51.4,28.7
1.9,1.091779,2005,1,25,0,50.7,28.1
1.9,1.085139,2005,1,26,0,42.2,27.3
1.9,1.085021,2005,1,27,0.23,37.4,27.4
1.9,1.086198,2005,1,28,0.04,39.5,27.6
1.9,1.221181,2005,1,29,0.05,41.4,27.9
1.9,1.134669,2005,1,30,0.38,34.2,25.9
1.9,1.120458,2005,1,31,0,36.8,20.5
1.9,1.108739,2005,2,1,0,37.3,21.3
2.6,1.099096,2005,2,2,0,33.1,17.1
2.3,1.091126,2005,2,3,0,40.8,20.8
2,1.084513,2005,2,4,0,43.1,22.8
1.9,1.079011,2005,2,5,0,46.3,24.7
1.9,1.074422,2005,2,6,0,44.4,21.7
1.9,1.07154,2005,2,7,0.22,38.3,21.3
1.9,1.067432,2005,2,8,0.12,35.1,17.2
1.9,1.064668,2005,2,9,0,34.9,12.8
1.9,1.062356,2005,2,10,0,38.9,15.7
1.9,1.060371,2005,2,11,0,40.2,19
1.9,1.058917,2005,2,12,0.19,33.6,25.1
1.8,1.05717,2005,2,13,0,41.8,25.4
1.9,1.055856,2005,2,14,0,47.5,28.6
1.8,1.054692,2005,2,15,0,46.6,28
1.7,1.053653,2005,2,16,0.08,30.9,21.8
1.5,1.052718,2005,2,17,0,33.9,20.5
1.5,1.051862,2005,2,18,0.04,36.3,21
1.5,1.051535,2005,2,19,0.22,36.2,26
1.6,1.152082,2005,2,20,0.1,42.2,29.1
1.6,1.082688,2005,2,21,0.02,42.6,26.5
1.6,1.076927,2005,2,22,0.38,34.4,28.1
1.6,1.138962,2005,2,23,0.51,38.8,29.2
1.6,1.104629,2005,2,24,0.08,37.3,25.1
1.6,1.089943,2005,2,25,0,43.1,22.1
1.6,1.081961,2005,2,26,0,43.7,24.7
1.7,1.075315,2005,2,27,0,44.4,25.1
1.7,1.069791,2005,2,28,0,46.6,25.6
1.8,1.162642,2005,3,1,0.06,43.8,23.3
1.8,1.098897,2005,3,2,0,45,24.3
1.8,1.414379,2005,3,3,0.26,46.5,27.7
1.8,1.220779,2005,3,4,0,41.7,26.9
1.8,1.188668,2005,3,5,0,43.8,27.5
1.9,1.162472,2005,3,6,0,45.9,26.4
1.9,1.141008,2005,3,7,0,48.9,26.8
2,1.132144,2005,3,8,0,56,28.4
2.1,1.1721,2005,3,9,0,59.1,32.3
2.2,1.244119,2005,3,10,0,61.9,33.3
2.2,1.259795,2005,3,11,0,57.5,33.1
2.4,1.274259,2005,3,12,0,57.1,33.2
2.5,1.408339,2005,3,13,0,64.3,28.7
2.3,1.275261,2005,3,14,0,40.8,22.6
2.5,1.23929,2005,3,15,0,35.9,18.3
2.3,1.208222,2005,3,16,0,42.3,20.7
2.2,1.182062,2005,3,17,0,48.9,27.2
2.2,1.160082,2005,3,18,0,47.1,26.5
2.2,1.145683,2005,3,19,0,49.5,25.8
2.2,1.55174,2005,3,20,0.09,47.2,27.8
2.2,1.27728,2005,3,21,0.02,43.1,28.1
2.2,1.238925,2005,3,22,0,44.9,27.3
2.3,2.217716,2005,3,23,0.23,47.8,29.5
2.2,1.65699,2005,3,24,0.43,37.1,27.8
2.1,1.665548,2005,3,25,0.32,40.3,24.5
2.1,1.539244,2005,3,26,0.08,36.1,21.5
2.1,1.459716,2005,3,27,0,41.1,21.9
2.2,1.417623,2005,3,28,0.08,57.7,29.9
2.1,1.349197,2005,3,29,0.23,47.4,25.2
2.1,1.301411,2005,3,30,0.07,41,21.5
2.1,1.261243,2005,3,31,0,38.1,19.3
2.2,1.227587,2005,4,1,0,41.3,17.4
2.1,1.221552,2005,4,2,0,59.7,23.2
2.2,1.352624,2005,4,3,0,61.6,34.1
2.2,1.320896,2005,4,4,0,55.6,34.4
2.1,1.248607,2005,4,5,0.03,42.7,25.1
2.1,1.217056,2005,4,6,0,48.7,23.7
2.3,1.214259,2005,4,7,0,59.3,30
2.4,1.376432,2005,4,8,0,62.7,32.2
2.4,1.859655,2005,4,9,0.19,48.7,26
2.3,1.68718,2005,4,10,0.02,41.2,27.2
2.3,1.505175,2005,4,11,0,44.8,25.2
2.4,1.448206,2005,4,12,0,54.6,26.8
2.5,1.42333,2005,4,13,0,61.7,37.5
2.6,1.359137,2005,4,14,0,61.1,26
2.5,1.302271,2005,4,15,0,46.7,22.5
2.6,1.271695,2005,4,16,0,53.5,25.6
2.8,1.267217,2005,4,17,0,63.9,33.8
3,1.283241,2005,4,18,0,65.3,42
3.2,1.580355,2005,4,19,0.95,48.9,26.6
2.9,1.296566,2005,4,20,0.45,35.8,24.6
3,1.256943,2005,4,21,0,43.7,25.7
3,1.233831,2005,4,22,0,53.2,29.3
3,1.212937,2005,4,23,0,54.3,35.4
4,3.407962,2005,4,24,0.72,57.3,36.4
4.3,2.683037,2005,4,25,0.41,40.7,33.5
4.7,3.110931,2005,4,26,0.22,47,33.9
5.3,2.478128,2005,4,27,0,56.1,35.6
5.8,3.452811,2005,4,28,0.03,55.8,35.9
6.3,2.629234,2005,4,29,0.03,51.2,32.2
6.8,2.431895,2005,4,30,0.02,51.4,29.6
6.5,3.708306,2005,5,1,0.18,52.2,34.7
6.6,4.876221,2005,5,2,0.15,44.3,34.5
6.5,4.850313,2005,5,3,0.13,52,34.1
6.6,4.80188,2005,5,4,0.01,59.1,36.9
7.4,5.311411,2005,5,5,0,64,42.8
7.6,7.106917,2005,5,6,0.07,60.5,35.5
7.5,5.772854,2005,5,7,0.04,51.5,32
7.6,5.971099,2005,5,8,0.01,54.7,33.7
8,7.061768,2005,5,9,0,60.3,39.1
8.1,12.082056,2005,5,10,0.17,56,32.3
8,8.776089,2005,5,11,0.29,37.8,30.6
8.1,8.05622,2005,5,12,0.07,48.5,30.5
8,8.493996,2005,5,13,0.04,55.4,31
8,9.237553,2005,5,14,0,59,36.5
8,10.418196,2005,5,15,0.04,63.1,40.5
9.2,12.02595,2005,5,16,0,69,41.9
10,43.433579,2005,5,17,0.47,65.8,30.7
10,27.443774,2005,5,18,0.06,56.5,33.7
14,27.463818,2005,5,19,0,69.8,43.9
21,33.714746,2005,5,20,0,74.2,47.4
34,36.658306,2005,5,21,0,76.6,48.1
35,38.141841,2005,5,22,0,71.2,46.1
52,44.681297,2005,5,23,0,79.3,50
91,47.935781,2005,5,24,0,77.8,51.3
76,49.87003,2005,5,25,0,72.7,46.3
53,51.415129,2005,5,26,0,67.8,44
97,53.959885,2005,5,27,0.01,70.5,44.7
84,60.696945,2005,5,28,0.04,71.5,47.1
114,61.927895,2005,5,29,0.01,76.3,47.7
106,59.987006,2005,5,30,0,69.2,41.4
78,62.017809,2005,5,31,0,63.5,40.6
91,63.049399,2005,6,1,0,69.7,44.1
104,66.113436,2005,6,2,0,70.8,43.1
93,65.110831,2005,6,3,0.34,58.6,36.5
105,64.459419,2005,6,4,0.07,60.3,35.1
95,66.163454,2005,6,5,0,66.3,45.1
79,64.604222,2005,6,6,0.01,69.4,45.1
78,61.962068,2005,6,7,0,61.6,38.1
63,60.041006,2005,6,8,0,58.3,34.8
56,57.817134,2005,6,9,0.01,52.2,36.8
50,57.750784,2005,6,10,0.02,55.3,36.8
43,59.665213,2005,6,11,0.14,59.8,40.3
37,58.552476,2005,6,12,0.16,55.9,38.1
38,55.903347,2005,6,13,0,66.9,39.5
40,53.628482,2005,6,14,0,67.9,42.4
51,53.529892,2005,6,15,0,78.2,50
61,52.031584,2005,6,16,0,79,52.9
66,50.96654,2005,6,17,0,74.9,58.8
67,48.692425,2005,6,18,0,72.2,44.2
68,47.488439,2005,6,19,0,70.1,45.1
66,47.415126,2005,6,20,0,76.5,50.5
68,47.459886,2005,6,21,0,82,57
70,47.054848,2005,6,22,0,83.6,60.1
65,49.619889,2005,6,23,0.02,77.7,55
69,48.292127,2005,6,24,0,80.6,53.7
45,45.473399,2005,6,25,0,77.4,51.2
35,44.230096,2005,6,26,0,74.8,51.3
34,46.352349,2005,6,27,0,75.3,49.2
32,44.767021,2005,6,28,0,76.7,53.5
32,42.488669,2005,6,29,0,75.6,48.5
35,41.036146,2005,6,30,0,74.9,46.2
37,39.796528,2005,7,1,0,81,50.6
43,40.315682,2005,7,2,0,86.3,60.6
43,38.336886,2005,7,3,0,86.4,55.2
37,36.704693,2005,7,4,0,81.5,54.5
37,36.350595,2005,7,5,0,85.8,56.6
37,35.308528,2005,7,6,0,84.4,61.1
36,34.095299,2005,7,7,0,86.8,61.2
35,33.166533,2005,7,8,0,87.7,57.9
35,31.977343,2005,7,9,0,86.6,57.7
33,31.051576,2005,7,10,0,82.8,62
32,29.862561,2005,7,11,0,84.7,60.4
34,28.843439,2005,7,12,0,85.6,60.2
35,28.068688,2005,7,13,0,93.3,64.8
34,27.463359,2005,7,14,0,92.5,66.8
35,26.537034,2005,7,15,0,92.9,64.6
30,25.712371,2005,7,16,0,92.1,68.1
30,24.291472,2005,7,17,0,92.9,68.6
30,23.367112,2005,7,18,0,91.4,60.2
29,22.565849,2005,7,19,0,90.2,62.6
28,22.024553,2005,7,20,0,95.3,66.6
28,21.1557,2005,7,21,0,95.8,68.9
28,19.889412,2005,7,22,0.04,91.1,63.1
29,21.565606,2005,7,23,0.08,88.9,60.5
30,21.365666,2005,7,24,0.01,84.4,59
29,26.612964,2005,7,25,0.24,83.3,57.9
28,25.652576,2005,7,26,0.02,84.2,54.5
27,22.641253,2005,7,27,0,80.3,51.9
27,21.397835,2005,7,28,0,86.7,55.4
26,20.179073,2005,7,29,0,88.7,61.7
26,19.40935,2005,7,30,0,85.6,59
25,18.080408,2005,7,31,0.01,80.8,56.9
25,20.195998,2005,8,1,0.1,82.4,58.5
24,22.677565,2005,8,2,0.16,78.9,56.1
22,18.516971,2005,8,3,0.03,78.6,54
22,17.589231,2005,8,4,0,80.1,57
22,16.635481,2005,8,5,0,82.7,59.7
21,15.748818,2005,8,6,0,84.2,60.5
21,14.924922,2005,8,7,0,85.3,60.2
21,14.1182,2005,8,8,0,86.6,62.2
21,16.942765,2005,8,9,0.08,83,57.9
20,13.756084,2005,8,10,0,79.9,57.8
20,19.883618,2005,8,11,0.15,82,56.8
20,14.09707,2005,8,12,0,81.9,56.3
20,13.33209,2005,8,13,0,81.2,57.6
19,21.452655,2005,8,14,0.34,78.5,51.4
19,16.365544,2005,8,15,0.05,77.2,53.4
17,17.316205,2005,8,16,0.14,71.9,52.4
16,15.349271,2005,8,17,0.07,70.4,48.9
16,13.455493,2005,8,18,0,77,53.2
16,12.760891,2005,8,19,0,77.1,52.9
15,12.172206,2005,8,20,0,79.4,52.6
15,11.576341,2005,8,21,0,81.1,57.4
14,10.990965,2005,8,22,0.03,79.9,57.9
14,10.497049,2005,8,23,0,81,56.9
13,9.952935,2005,8,24,0,81.3,57.5
13,9.427712,2005,8,25,0,79,61.1
12,9.000525,2005,8,26,0,80.2,58.1
12,8.537772,2005,8,27,0,82.3,57.7
12,8.123196,2005,8,28,0,85.3,58.2
11,7.690945,2005,8,29,0,86.3,60
11,7.296075,2005,8,30,0,87.3,58.2
11,6.919943,2005,8,31,0,71.1,44.7
9.8,6.675962,2005,9,1,0,72.9,45.3
9.5,6.372132,2005,9,2,0,81,50.9
9.1,6.052016,2005,9,3,0,80.5,57
8.6,5.76993,2005,9,4,0,80.3,54.5
8.1,5.507557,2005,9,5,0,78.6,52.4
7.8,5.271171,2005,9,6,0,79.4,53.1
7.4,5.045225,2005,9,7,0,80.1,56.2
7,4.833905,2005,9,8,0,80.1,56
6.8,4.640136,2005,9,9,0,79.2,55.1
6.6,4.462622,2005,9,10,0,73.5,49.8
6.3,4.309881,2005,9,11,0,66.9,37.5
6.3,4.182277,2005,9,12,0,59.9,37
6.1,4.055521,2005,9,13,0,63.8,37.2
5.6,3.937578,2005,9,14,0,66.7,39.7
5.3,3.823174,2005,9,15,0,65.9,41.7
4.9,3.71896,2005,9,16,0,72.6,45
4.7,3.602805,2005,9,17,0,70.5,48.4
4.6,3.500053,2005,9,18,0,69.4,42.2
4.5,3.409099,2005,9,19,0,65.6,41
4.3,3.328403,2005,9,20,0,73.8,43.9
5.6,7.993765,2005,9,21,0.49,73.9,49.7
4.5,5.558414,2005,9,22,0.07,66.2,47.5
4.6,6.059386,2005,9,23,0,69.5,46.1
4.6,3.939636,2005,9,24,0,71.7,48.3
4.7,3.769878,2005,9,25,0,64.1,36.2
4.6,3.656075,2005,9,26,0,60.2,33.3
5.1,6.721339,2005,9,27,0.08,68.6,40.3
4.6,6.296352,2005,9,28,0.3,64,42.6
4.4,4.42435,2005,9,29,0,63.2,42.3
4.3,4.351791,2005,9,30,0,69.5,44.2
3.7,4.300743,2005,10,1,0,74.7,46.2
3.6,4.15964,2005,10,2,0,73.5,49.5
3.6,3.927169,2005,10,3,0,69.5,42.7
3.7,4.021921,2005,10,4,0.03,54.7,35.4
3.6,3.689066,2005,10,5,0,48.2,27.5
3.5,3.596953,2005,10,6,0,48.9,25.9
3.4,3.505907,2005,10,7,0,57.6,29
3.5,3.426938,2005,10,8,0,71.8,39.4
3.6,3.306641,2005,10,9,0,56.7,31.1
3.6,3.424607,2005,10,10,0.07,49.8,30.3
3.5,3.177031,2005,10,11,0,51.9,29.1
3.3,3.115054,2005,10,12,0,57.2,31.9
3.2,3.053824,2005,10,13,0,58.2,37
3.1,3.013324,2005,10,14,0,65.9,38.7
2.9,2.940109,2005,10,15,0,69.5,42.9
3,2.88993,2005,10,16,0,63.3,43
2.9,2.807443,2005,10,17,0,61.9,38.8
3.2,2.758034,2005,10,18,0,63.6,41.5
3,2.706761,2005,10,19,0.02,56.5,40.9
3,4.030934,2005,10,20,0.13,60,37.8
3,2.669423,2005,10,21,0,60.5,39.2
2.9,2.626422,2005,10,22,0,60.7,39.2
2.8,2.581199,2005,10,23,0,60.1,38.7
2.7,2.540868,2005,10,24,0,62.8,41.4
2.7,2.501772,2005,10,25,0,64.6,42.4
2.7,2.461279,2005,10,26,0,61.3,39.1
2.7,3.434219,2005,10,27,0.09,60,37.3
2.9,2.421008,2005,10,28,0.02,57.9,39.6
2.7,2.812442,2005,10,29,0.22,49.9,34.9
2.7,2.368562,2005,10,30,0.01,49,34.6
2.6,2.587227,2005,10,31,0.24,48.2,29.7
2.7,2.313796,2005,11,1,0,56.6,31.2
2.7,2.293204,2005,11,2,0,63.9,38.6
2.7,2.266313,2005,11,3,0,59.6,43.5
2.6,2.241484,2005,11,4,0,51.4,36.1
2.6,2.219919,2005,11,5,0,54.7,31.6
2.6,2.199713,2005,11,6,0,51.4,29.4
2.5,2.180805,2005,11,7,0,58.7,38.8
2.5,2.163928,2005,11,8,0,58.6,41.2
2.5,2.147195,2005,11,9,0,56.6,36.6
2.4,2.496725,2005,11,10,0.02,54.5,34.7
2.5,2.172348,2005,11,11,0,55.7,37.5
2.5,2.286028,2005,11,12,0.11,51.6,28.8
2.5,2.133194,2005,11,13,0,51,29.2
2.5,2.114937,2005,11,14,0,52.2,28.1
2.5,2.098917,2005,11,15,0,53.8,20.2
2.5,2.083724,2005,11,16,0,36.9,15.4
2.4,2.070866,2005,11,17,0,47.1,23.2
2.5,2.058906,2005,11,18,0,47.1,24.2
2.4,2.047341,2005,11,19,0,52.3,25.3
2.3,2.037105,2005,11,20,0,50.9,25.5
2.3,2.027315,2005,11,21,0,53.4,26
2.2,2.0185,2005,11,22,0,53.9,28
2.3,2.010709,2005,11,23,0,54.4,29.3
2.3,2.004077,2005,11,24,0,54.1,28
2.3,1.998226,2005,11,25,0,51.7,28.5
2.3,1.993021,2005,11,26,0,54.6,28.7
2.3,1.988339,2005,11,27,0,36.8,12
2.3,1.984109,2005,11,28,0,28.5,6.2
2.3,1.980235,2005,11,29,0.08,29.3,10.6
2.3,1.97665,2005,11,30,0.01,46.8,22.2
2.2,1.97331,2005,12,1,0,43.8,23.3
2.2,1.970161,2005,12,2,0,51.7,38.6
2.1,1.985892,2005,12,3,0.21,42,19.6
2.1,1.96432,2005,12,4,0,29,12.3
2.1,1.961553,2005,12,5,0,30.2,7.4
2.1,1.958869,2005,12,6,0,35.2,8.2
2.1,1.956256,2005,12,7,0,39.9,13.2
2.1,1.953703,2005,12,8,0,22.2,5.7
2.1,1.951202,2005,12,9,0,32.9,11.9
2,1.948744,2005,12,10,0,40.1,17
2,1.946324,2005,12,11,0,42.1,18.5
2,1.943937,2005,12,12,0,40.7,17.6
1.9,1.941579,2005,12,13,0,42.5,19
1.9,1.939247,2005,12,14,0,44.9,11.1
1.9,1.936939,2005,12,15,0,28.8,7.5
1.9,1.93465,2005,12,16,0,32.5,9.6
1.9,1.932382,2005,12,17,0,35.8,14.6
1.8,1.930143,2005,12,18,0,36,18.4
1.8,1.927917,2005,12,19,0.01,36.4,24.2
1.8,1.925705,2005,12,20,0,44.8,26
1.6,1.923505,2005,12,21,0,51.3,31.1
1.6,1.925081,2005,12,22,0,60.2,35.8
1.5,1.919372,2005,12,23,0,54.4,37.8
1.5,1.917061,2005,12,24,0,52,29.4
1.5,1.914905,2005,12,25,0,53,30.3
1.5,1.912938,2005,12,26,0,54.3,35.3
1.5,1.996654,2005,12,27,0.11,45.1,26.5
1.5,1.908603,2005,12,28,0,46.2,26.2
1.5,1.906484,2005,12,29,0,50,31.5
1.5,1.904376,2005,12,30,0,39.8,22.1
1.5,1.902279,2005,12,31,0,47.8,30.5
1.5,1.99255,2006,1,1,0.27,46.4,24.7
1.5,1.898208,2006,1,2,0.14,39.8,26.4
1.5,1.907375,2006,1,3,0.36,42,29.6
1.5,1.894105,2006,1,4,0,42.9,27.8
1.5,1.892052,2006,1,5,0,43.7,24
1.5,1.890011,2006,1,6,0,47.2,25.1
1.5,1.887997,2006,1,7,0,56,31.4
1.5,1.885961,2006,1,8,0,48.4,31
1.5,1.883951,2006,1,9,0,37.8,14
1.5,1.881951,2006,1,10,0,35.9,14.1
1.5,1.879961,2006,1,11,0,49.4,22.3
1.5,1.918825,2006,1,12,0.05,50.7,25.1
1.5,1.876167,2006,1,13,0,39.6,21.4
1.5,1.874202,2006,1,14,0,50.7,25.5
1.5,2.302707,2006,1,15,0.04,48.5,26.3
1.5,1.899162,2006,1,16,0,32.3,12.5
1.5,1.868886,2006,1,17,0,29.1,9.3
1.4,1.866936,2006,1,18,0,45.2,20.3
1.4,1.885442,2006,1,19,0.11,41.8,17.7
1.4,1.863091,2006,1,20,0,29.9,13.4
1.4,1.861159,2006,1,21,0,32.8,10.1
1.4,1.859247,2006,1,22,0,34.1,16.1
1.3,1.85734,2006,1,23,0,30.5,9.7
1.3,1.855446,2006,1,24,0,37.3,11.6
1.3,1.853562,2006,1,25,0,43.5,19.8
1.3,1.85169,2006,1,26,0.02,43.3,21
1.3,1.849827,2006,1,27,0,43.7,23.6
1.3,1.851685,2006,1,28,0,37.4,16.3
1.3,1.846138,2006,1,29,0,39.9,18.5
1.3,1.844303,2006,1,30,0,42.6,25.6
1.2,1.911249,2006,1,31,0.09,51.2,29.1
1.2,1.840867,2006,2,1,0,42.1,26.7
1.4,1.948317,2006,2,2,0.05,49.8,33.4
1.3,1.898993,2006,2,3,0.22,42.7,24
1.3,1.837011,2006,2,4,0,44.3,23.5
1.3,1.834998,2006,2,5,0,52.2,23.5
1.4,1.833023,2006,2,6,0,36,14.1
1.3,1.831097,2006,2,7,0,45.4,19
1.3,1.829208,2006,2,8,0,51.3,22.6
1.3,1.827389,2006,2,9,0,52.5,23.9
1.3,1.825519,2006,2,10,0,51.2,23.7
1.3,1.82371,2006,2,11,0,38.9,15
1.3,1.821923,2006,2,12,0,41.8,15.8
1.3,1.820154,2006,2,13,0,47.2,18.2
1.3,1.8184,2006,2,14,0,46.5,20.9
1,1.816662,2006,2,15,0,43.4,22.7
1,1.814938,2006,2,16,0.09,25.9,4.4
1,1.813229,2006,2,17,0,25.8,2.5
1,1.811526,2006,2,18,0.43,30.5,9.4
1,1.809838,2006,2,19,0.21,27,11.2
1,1.808162,2006,2,20,0.17,26.4,7.8
1,1.806493,2006,2,21,0,27.9,4.9
1,1.804834,2006,2,22,0,33.7,7.5
1,1.803181,2006,2,23,0,43.2,12.8
1,1.801538,2006,2,24,0,45.8,21.3
1,1.799946,2006,2,25,0,49.5,24
1,1.80069,2006,2,26,0,53.1,27
1,1.803307,2006,2,27,0,56.7,31
1,2.093065,2006,2,28,0.06,55.4,40
1,1.898869,2006,3,1,0.31,46.4,24.3
1,1.808013,2006,3,2,0,43.3,23.4
1,1.803844,2006,3,3,0,50.8,26.8
1,1.831711,2006,3,4,0.2,44.6,17.7
1,1.796385,2006,3,5,0,39.8,16.2
1,1.793604,2006,3,6,0,50.5,25
1,1.916614,2006,3,7,0.16,46.1,29.4
1,1.788315,2006,3,8,0.62,36,22.6
1,1.785883,2006,3,9,0,36.2,20.8
1,1.78362,2006,3,10,0.12,37.3,9.8
1,1.781498,2006,3,11,0,26.7,7.5
1,1.779494,2006,3,12,0.06,26,8.1
1,1.777584,2006,3,13,0,29.8,7.7
1,1.775755,2006,3,14,0,33.7,12.4
1,1.784512,2006,3,15,0.12,44.3,15.9
1,1.772396,2006,3,16,0,40,19
1.1,1.77074,2006,3,17,0,44.6,26.1
1,1.769127,2006,3,18,0,41.9,24
1,1.768638,2006,3,19,1.01,36.4,22.8
1,1.765988,2006,3,20,0,32.5,17.8
1.2,1.765013,2006,3,21,0.1,36.9,18.2
1.1,1.762929,2006,3,22,0,39.1,24.2
1.2,1.761427,2006,3,23,0,42.5,23
1.3,1.75994,2006,3,24,0,50.3,25.2
1.5,1.764396,2006,3,25,0,56.8,31.5
1.4,1.76853,2006,3,26,0.02,55.3,26.4
1.4,1.762336,2006,3,27,0,45.4,22.8
1.6,1.887354,2006,3,28,0.01,53.5,25.5
1.3,2.07311,2006,3,29,0.45,47.6,30.8
1.3,1.876112,2006,3,30,0.01,42.2,23.9
1.4,1.852168,2006,3,31,0,45.2,25.6
1.3,1.832079,2006,4,1,0,44.9,32.1
1.4,1.815658,2006,4,2,0,46,26
1.5,1.802907,2006,4,3,0,54.1,26.1
2,1.857085,2006,4,4,0,60.5,38.5
2.2,2.916054,2006,4,5,0.39,54.8,40.5
1.9,2.180441,2006,4,6,0.24,40.9,28.7
1.8,2.096394,2006,4,7,0,49.8,27.9
1.9,2.036159,2006,4,8,0,54,27.5
1.9,2.024255,2006,4,9,0,59.8,34.8
1.9,2.037071,2006,4,10,0,61.5,31.5
1.9,2.525297,2006,4,11,0.19,50.8,29.3
1.9,2.072584,2006,4,12,0,53.3,31.1
2,2.065275,2006,4,13,0,61.7,37.9
2.2,2.042848,2006,4,14,0,63.5,40.2
2.3,3.222238,2006,4,15,0.23,57.9,36.8
2.3,4.332805,2006,4,16,0.18,57.8,35.7
2.2,4.033304,2006,4,17,0.11,55.8,32
2.1,3.113808,2006,4,18,0,39.1,21.7
2,2.9198,2006,4,19,0,42,21.5
1.9,2.733027,2006,4,20,0,49.7,24.1
2,2.597753,2006,4,21,0,57.9,29.7
2.1,2.776017,2006,4,22,0,65.3,36.1
2.2,2.795284,2006,4,23,0,63.1,37.3
2.1,2.780829,2006,4,24,0,51.7,31
2.1,2.506297,2006,4,25,0,53.9,29.9
2.2,2.407834,2006,4,26,0,54.7,32.9
2.4,2.833658,2006,4,27,0,62.8,38.6
2.7,3.103181,2006,4,28,0,63.9,38.6
3,3.338249,2006,4,29,0,64.3,37.9
3.4,4.000113,2006,4,30,0,67.9,40.9
3.9,4.426824,2006,5,1,0,65.5,40.4
4.5,5.443148,2006,5,2,0,69.6,40.1
5,6.386455,2006,5,3,0.01,64.2,37.4
5.7,6.827033,2006,5,4,0.01,62.3,37.7
5.7,7.647837,2006,5,5,0.13,57.2,35.8
5.6,8.544947,2006,5,6,0.06,52.9,33.3
6,9.74952,2006,5,7,0,64.4,40.2
6.9,10.80533,2006,5,8,0,69.7,39.6
7.6,11.247817,2006,5,9,0,64.4,38.9
8,10.5783,2006,5,10,0,59.5,34.4
8.5,10.899698,2006,5,11,0,61.1,33.8
9.8,13.564605,2006,5,12,0,71.9,39.6
13,14.453305,2006,5,13,0,76.8,50.1
14,15.23032,2006,5,14,0,75.5,50.2
15,19.47081,2006,5,15,0.03,73.4,49.8
18,19.529265,2006,5,16,0,77.1,51.3
21,19.746643,2006,5,17,0,77.8,53.7
20,19.782891,2006,5,18,0,80.8,56
23,19.726103,2006,5,19,0,81.7,56.2
24,27.584599,2006,5,20,0.07,77.1,53.6
26,23.676849,2006,5,21,0,76.5,50.2
25,22.427321,2006,5,22,0,71,54.6
24,21.131515,2006,5,23,0,61.8,39.7
24,21.010165,2006,5,24,0,68.8,40.9
25,20.803942,2006,5,25,0.09,77,47
25,20.169553,2006,5,26,0.02,80.1,53.6
25,19.589469,2006,5,27,0,77.1,49.7
24,19.208295,2006,5,28,0.05,55.3,30.3
22,19.80137,2006,5,29,0.04,49.1,28.3
21,19.470743,2006,5,30,0,59.9,30.5
19,19.377007,2006,5,31,0,63.6,34.9
18,18.99402,2006,6,1,0,71.7,39.9
18,19.169727,2006,6,2,0,82.1,48.7
18,19.184765,2006,6,3,0,82.5,53
18,18.907297,2006,6,4,0,82.2,54.5
18,18.709828,2006,6,5,0,83.6,55.7
19,18.438241,2006,6,6,0,85.1,55.2
21,18.23325,2006,6,7,0,89.3,61.2
21,19.956708,2006,6,8,0.03,78.8,51.5
22,23.082954,2006,6,9,0.17,73.9,48.6
21,19.355898,2006,6,10,0.02,73.6,44.8
23,18.588416,2006,6,11,0,77.9,45.3
22,17.788989,2006,6,12,0,81.1,51.7
22,16.931793,2006,6,13,0,80.7,57.2
22,17.676105,2006,6,14,0.04,73.9,43.7
22,16.067267,2006,6,15,0,64.6,44.1
21,16.140629,2006,6,16,0.02,61.4,41.4
20,14.997067,2006,6,17,0,71.9,39.7
19,14.303763,2006,6,18,0,81.6,51.4
18,14.363881,2006,6,19,0,86.5,53.4
18,13.276821,2006,6,20,0,85,56.1
18,12.533614,2006,6,21,0,82.3,52
17,11.863082,2006,6,22,0,81.5,54.6
16,11.247851,2006,6,23,0,82.8,53.6
16,10.654927,2006,6,24,0,87.9,56.7
15,10.072808,2006,6,25,0,86.1,61.2
15,9.520503,2006,6,26,0,87.6,60.8
15,8.994089,2006,6,27,0,85.5,60.8
16,8.506481,2006,6,28,0,84,60.2
14,9.814051,2006,6,29,0.08,82.1,56.2
14,7.998229,2006,6,30,0,84.2,57.9
14,7.554662,2006,7,1,0,84,58
14,7.187607,2006,7,2,0.03,84.4,56.8
14,6.842837,2006,7,3,0,85.2,59
14,7.295568,2006,7,4,0.07,81.5,57.1
13,6.957446,2006,7,5,0.08,70.3,56.6
14,6.516071,2006,7,6,0.05,81.4,53.5
13,7.208623,2006,7,7,0.12,74.5,51.5
13,6.017187,2006,7,8,0,78.8,57
12,5.753673,2006,7,9,0,83.2,59
12,5.508138,2006,7,10,0,81.9,59.2
12,7.802069,2006,7,11,0.2,84.1,54.7
11,5.369853,2006,7,12,0,84.7,54.4
11,5.139996,2006,7,13,0,83.4,56.1
10,4.933667,2006,7,14,0,89.2,60.2
9.9,4.727067,2006,7,15,0,91.8,63
9.6,4.534124,2006,7,16,0,93.1,65.2
9.4,4.345628,2006,7,17,0,94.6,65.1
9.4,4.17587,2006,7,18,0,94.3,69.4
9.4,4.373636,2006,7,19,0.06,89.6,64.4
9.4,4.199697,2006,7,20,0.06,85.9,59.8
9.4,3.838215,2006,7,21,0.02,84.3,61.5
9,6.096617,2006,7,22,0.24,91.6,63.6
9.2,3.75647,2006,7,23,0,89.4,66
8.7,4.030169,2006,7,24,0.09,90.7,62.9
8.5,3.794573,2006,7,25,0.06,85.5,60.7
8.4,3.805735,2006,7,26,0.09,83.8,60.8
8.3,3.528726,2006,7,27,0.01,88.1,62
8.4,3.337076,2006,7,28,0,90.8,65.1
8.3,3.8373,2006,7,29,0.14,87.1,61.4
8.2,3.290223,2006,7,30,0.11,86.9,61.2
8.7,3.523999,2006,7,31,0.07,86.6,61.7
8.7,14.115751,2006,8,1,0.42,75.6,52.3
8.2,5.001763,2006,8,2,0.07,70.8,51.4
8.1,3.566734,2006,8,3,0,78.8,53
8.1,4.529258,2006,8,4,0.01,78.2,58.3
8.1,3.499587,2006,8,5,0,79.7,55.7
7.9,3.426894,2006,8,6,0,82.1,54.9
7.6,3.354298,2006,8,7,0,83.1,56.1
7.4,3.287868,2006,8,8,0,83.4,61.3
7.3,3.22147,2006,8,9,0,83.3,57.9
7.3,3.165574,2006,8,10,0,85.8,56.5
7.1,3.107312,2006,8,11,0,86,59.7
6.9,3.052418,2006,8,12,0,85,57
6.6,3.006037,2006,8,13,0,82.8,55.6
6.4,2.965834,2006,8,14,0,80.8,53
6.3,2.929436,2006,8,15,0,83.1,55.5
6.1,2.887269,2006,8,16,0,83.3,56.6
6,2.838736,2006,8,17,0,81.1,62.5
5.9,2.79968,2006,8,18,0,81.6,55.6
5.8,2.762612,2006,8,19,0,80.6,52.4
5.4,2.724631,2006,8,20,0,83.7,56.7
5.2,2.687179,2006,8,21,0,85.6,60.5
5.1,2.646154,2006,8,22,0,85.2,60.3
5,2.608972,2006,8,23,0,87.7,62.1
4.9,2.565475,2006,8,24,0,85.2,60
4.7,2.529784,2006,8,25,0,85.2,56.6
4.7,2.495329,2006,8,26,0,80.6,52.5
4.5,2.461727,2006,8,27,0,74.2,48.2
4.3,2.445072,2006,8,28,0,75.2,49.9
4.2,2.422403,2006,8,29,0,81.1,54.6
4.1,2.391838,2006,8,30,0,84.3,58.6
4.1,2.358628,2006,8,31,0.01,82.8,50.9
4.1,2.333464,2006,9,1,0,74.9,46
4,2.30213,2006,9,2,0,76.9,48.9
3.9,2.280211,2006,9,3,0,80.1,52.8
4,2.254051,2006,9,4,0,82.8,56.1
4.1,2.226758,2006,9,5,0,81.1,56.3
3.9,2.6825,2006,9,6,0.01,80.6,56.5
4,2.541914,2006,9,7,0,79.3,55.1
4,2.191356,2006,9,8,0,72.8,50.8
4,2.168033,2006,9,9,0,73.5,47.4
4,2.15294,2006,9,10,0,73,47.1
4,2.62886,2006,9,11,0.01,74.3,46.2
4,2.135181,2006,9,12,0,76.2,52
3.9,2.117537,2006,9,13,0,79,53.9
4.3,2.09838,2006,9,14,0,81,55.1
4.3,2.083628,2006,9,15,0.2,69.1,45.4
4.1,10.839076,2006,9,16,0.02,60.1,35
4.1,2.285789,2006,9,17,0,53.3,31.4
4,2.258852,2006,9,18,0,56.1,31.9
3.9,2.234278,2006,9,19,0,65.6,37.8
3.9,2.409553,2006,9,20,0,69.6,42.8
3.8,2.399491,2006,9,21,0.02,50.2,33.1
3.7,2.256844,2006,9,22,0,61.3,34.1
3.6,2.226938,2006,9,23,0,50.9,32.8
3.5,2.200778,2006,9,24,0,53.7,31
3.5,2.178316,2006,9,25,0,60.5,35.1
3.4,2.159973,2006,9,26,0,65,37.9
3.3,2.332441,2006,9,27,0,70.9,44.7
3.2,2.306752,2006,9,28,0,73.6,48.8
3.1,2.3108,2006,9,29,0,75.1,48.3
3.1,2.272692,2006,9,30,0,74.5,50.6
3,2.26439,2006,10,1,0,77.1,50.4
3.1,2.217535,2006,10,2,0,71.9,50.9
3.1,2.187399,2006,10,3,0,64.1,41.1
3,2.166908,2006,10,4,0,64.5,42
3,2.782308,2006,10,5,0.07,66.6,49.9
3.9,4.500823,2006,10,6,0.58,59.9,45.1
3.4,2.378901,2006,10,7,0.14,48.7,36.6
3.2,2.173342,2006,10,8,0,54.6,35.2
3.2,2.159513,2006,10,9,0,55.6,36.4
3.4,2.823517,2006,10,10,0.36,53.9,35.5
3.2,2.185944,2006,10,11,0.15,41,31.4
3.1,2.127178,2006,10,12,0,54.9,31.9
3.1,2.121542,2006,10,13,0,60.3,37.1
3.1,2.127258,2006,10,14,0,63.6,39.3
3,2.103851,2006,10,15,0,56.1,39.8
3,2.103796,2006,10,16,0,60.6,38.2
3.1,2.797118,2006,10,17,0.36,57,30.9
3,2.091032,2006,10,18,0.02,42.9,29.3
3,2.081863,2006,10,19,0,45.9,28.2
3,2.073432,2006,10,20,0,55.1,30.1
2.9,2.076422,2006,10,21,0,60.8,28.7
2.9,2.061417,2006,10,22,0,47.3,27.8
2.9,2.054111,2006,10,23,0,54.1,29.7
2.8,2.060644,2006,10,24,0,61.7,35.6
2.8,2.093658,2006,10,25,0,62.7,39.9
2.7,2.058922,2006,10,26,0,44.9,26.6
2.8,2.049311,2006,10,27,0,46.4,22.8
2.7,2.040646,2006,10,28,0,56.1,28.8
2.7,2.044829,2006,10,29,0,60.9,35.6
2.7,2.074875,2006,10,30,0,61,34.9
2.6,2.042534,2006,10,31,0,53.8,28.8
2.6,2.03258,2006,11,1,0,49.2,23.6
2.6,2.023631,2006,11,2,0,44.4,23.5
2.6,2.015575,2006,11,3,0,52.8,30.7
2.6,2.008106,2006,11,4,0,52.6,31.7
2.6,2.0013,2006,11,5,0,50.8,30.2
2.6,1.995052,2006,11,6,0,54.5,32.7
2.6,1.989949,2006,11,7,0,60.7,36
2.5,2.140447,2006,11,8,0,70.3,42.7
2.5,2.143857,2006,11,9,0,68,34.5
2.4,2.072471,2006,11,10,0,47.5,20.6
2.5,2.055149,2006,11,11,0,45,21.1
2.4,2.039306,2006,11,12,0,48.3,24.4
2.5,2.026076,2006,11,13,0,39.3,22.2
2.5,2.324856,2006,11,14,0.07,50.7,33.8
2.5,2.012951,2006,11,15,0,46.8,21.1
2.5,2.00288,2006,11,16,0,47.2,21.8
2.5,1.994009,2006,11,17,0,60.5,31.5
2.4,1.985457,2006,11,18,0,52.9,31.2
2.4,1.978472,2006,11,19,0,52.7,30
2.4,1.972325,2006,11,20,0,57.6,31.7
2.4,1.967331,2006,11,21,0,62.9,37.4
2.3,1.962666,2006,11,22,0,56.6,41.1
2.3,1.95874,2006,11,23,0,54.1,37.9
2,1.955297,2006,11,24,0,50.3,18.8
1.7,1.952268,2006,11,25,0,42.3,18.5
1.5,1.949551,2006,11,26,0,43.9,20.7
1.5,1.947091,2006,11,27,0,44.9,24.1
1.3,1.946979,2006,11,28,0.04,37.2,19.7
1.4,1.942758,2006,11,29,0.08,23.1,7.7
1.5,1.940821,2006,11,30,0,19.6,-0.1
1.4,1.939008,2006,12,1,0,40.6,9.7
1.6,1.937295,2006,12,2,0,39,10.9
1.8,1.935661,2006,12,3,0,27,6.9
2,1.934092,2006,12,4,0,39.1,11.4
2,1.932587,2006,12,5,0,45.3,17.8
2,1.931135,2006,12,6,0,50.8,23
1.9,1.929713,2006,12,7,0,48.9,24.6
1.8,1.928322,2006,12,8,0,47.4,25.6
1.7,1.926948,2006,12,9,0,50.3,26.3
1.7,1.925588,2006,12,10,0,48.4,27.4
1.6,1.924242,2006,12,11,0.08,34.8,21.5
1.7,1.922905,2006,12,12,0,39.3,21.2
1.7,1.921583,2006,12,13,0,43.7,27.3
1.6,1.920275,2006,12,14,0,48.7,31.2
1.6,1.919238,2006,12,15,0,54.5,37.6
1.6,2.099859,2006,12,16,0.12,53.3,23.3
1.6,1.916603,2006,12,17,0.65,24.2,13.1
1.6,1.915307,2006,12,18,0.07,20.6,11.6
1.6,1.914015,2006,12,19,0,24.8,5.7
1.6,1.912729,2006,12,20,0,27.5,7.1
1.6,1.911448,2006,12,21,0,33.5,8.6
1.6,1.910171,2006,12,22,0.01,37.1,15.8
1.6,1.9089,2006,12,23,0,33.8,9.8
1.7,1.907633,2006,12,24,0,40.6,10.9
1.7,1.906371,2006,12,25,0,39.5,17.5
1.8,1.905129,2006,12,26,0,50.6,25.8
1.7,1.903862,2006,12,27,0,50.4,34.4
1.8,1.94032,2006,12,28,0.14,41.9,20.8
1.7,1.901474,2006,12,29,0,28.6,14.7
1.5,1.900229,2006,12,30,0,35,14.6
1.3,1.898987,2006,12,31,0,42.8,17.8
1.2,1.897752,2007,1,1,0,37.8,17.2
1.3,1.896517,2007,1,2,0,33,15.9
1.4,1.895291,2007,1,3,0,41,20.6
1.5,1.894325,2007,1,4,0,53.1,31.6
1.4,1.922779,2007,1,5,0.12,47.2,17
1.4,1.891683,2007,1,6,0,22.6,2.6
1.5,1.89047,2007,1,7,0,36.1,7.6
1.6,1.889259,2007,1,8,0,36.7,13.1
1.6,1.888051,2007,1,9,0,45.1,21.8
1.6,1.886848,2007,1,10,0,44.8,24.2
1.5,1.885651,2007,1,11,0,50,27.8
1.6,1.884456,2007,1,12,0.5,34.8,7.9
1.6,1.883265,2007,1,13,0.04,11.7,-8.2
1.6,1.882075,2007,1,14,0,11.9,-8.1
1.6,1.880895,2007,1,15,0,15.5,-4.8
1.6,1.879718,2007,1,16,0,22.7,-1.9
1.6,1.878539,2007,1,17,0,28.6,5.6
1.6,1.87737,2007,1,18,0,34.4,5.1
1.6,1.876199,2007,1,19,0,30.2,7.6
1.6,1.875033,2007,1,20,0,33.7,11.4
1.6,1.873871,2007,1,21,0,37.9,10.2
1.5,1.872713,2007,1,22,0,24.9,4.6
1.5,1.871557,2007,1,23,0,34.3,8.3
1.5,1.870407,2007,1,24,0,39.8,16.5
1.5,1.869258,2007,1,25,0,43.8,20.6
1.4,1.868112,2007,1,26,0,48.7,21.3
1.3,1.866972,2007,1,27,0,45,21.9
1.2,1.865831,2007,1,28,0,41.4,15.9
1.3,1.864695,2007,1,29,0,36.2,15
1.2,1.863563,2007,1,30,0,39.9,18.3
1.2,1.862434,2007,1,31,0,37.7,17.8
1.3,1.861308,2007,2,1,0.03,26.1,8.8
1.2,1.860186,2007,2,2,0,29.8,5.4
1.5,1.859064,2007,2,3,0,39.4,8.7
1.5,1.858298,2007,2,4,0,52.5,25
1.4,1.856883,2007,2,5,0,51.6,28.3
1.1,1.855817,2007,2,6,0,52.6,30.5
0.98,1.858923,2007,2,7,0,57.9,33.5
0.93,1.85476,2007,2,8,0,53.6,33.7
0.94,1.852581,2007,2,9,0,50.1,32
0.96,1.851435,2007,2,10,0,48.4,31.7
1,1.998101,2007,2,11,0.01,50.6,33.4
1.1,1.889968,2007,2,12,0.05,45.7,27.3
1,1.855088,2007,2,13,0.88,41.3,24.1
1,1.848171,2007,2,14,0.07,33.4,18.7
1,1.846913,2007,2,15,0,35.2,15.2
1,1.845688,2007,2,16,0,44.2,21
1,1.844491,2007,2,17,0,48.3,27.8
1.1,1.843317,2007,2,18,0,49.1,26.3
1.1,1.905292,2007,2,19,0.32,50.6,26.9
1.1,1.841334,2007,2,20,0.09,31.6,11.4
1.2,1.840197,2007,2,21,0,45.4,17.6
1.1,1.839073,2007,2,22,0,49.4,30
1.3,1.887008,2007,2,23,0.1,46.3,24
1.3,1.836994,2007,2,24,0.08,33.4,14.1
1.3,1.835893,2007,2,25,0,35.5,11.8
1.3,1.836771,2007,2,26,0.03,36.8,22.4
1.3,1.835315,2007,2,27,0.03,39.5,21.4
1.2,1.832649,2007,2,28,0.42,32.7,17.3
1.1,1.831574,2007,3,1,0,29.6,11.4
1.1,1.830509,2007,3,2,0,31.1,11.4
1.3,1.829447,2007,3,3,0.01,33.7,12.2
1.4,1.828389,2007,3,4,0,37.1,11.8
1.2,1.827334,2007,3,5,0,49,22.4
1.1,1.826466,2007,3,6,0,53.4,30.2
1.2,1.826187,2007,3,7,0,52.2,30.7
1.2,1.82788,2007,3,8,0,54.5,31.2
1.2,1.825166,2007,3,9,0,53.7,31.2
1.2,1.823797,2007,3,10,0,57,31.4
1.2,1.824688,2007,3,11,0,52.9,28.7
1.2,1.821266,2007,3,12,0,57.9,30.5
1.3,1.89756,2007,3,13,0,64.5,37.3
1.3,2.208924,2007,3,14,0,68.8,41.2
1.4,2.244588,2007,3,15,0,64.1,35.8
1.4,2.209347,2007,3,16,0,57.2,32.5
1.4,2.505424,2007,3,17,0,66.7,35.9
1.4,2.944125,2007,3,18,0,70.4,43.2
1.4,3.086335,2007,3,19,0,67.5,40.6
1.4,3.346835,2007,3,20,0,66.7,39.8
1.5,4.301536,2007,3,21,0.26,60.2,32.1
1.5,3.229235,2007,3,22,0.33,39.9,27.5
1.5,3.079682,2007,3,23,0,49.8,28
1.4,2.965565,2007,3,24,0,51.5,31.8
1.4,2.922476,2007,3,25,0,57,32.3
1.4,3.166708,2007,3,26,0,63.1,37
1.4,3.21832,2007,3,27,0,60.5,40
1.4,3.032443,2007,3,28,0.13,42.2,24
1.4,2.914673,2007,3,29,0.11,32.3,24.9
1.4,2.843704,2007,3,30,0,37.7,22.2
1.4,2.783031,2007,3,31,0,49.9,25.1
1.4,2.79224,2007,4,1,0,59.8,35.5
1.4,2.854557,2007,4,2,0,61.5,37.3
1.4,2.789412,2007,4,3,0,61.8,32
1.4,2.71923,2007,4,4,0,58.1,30.6
1.4,2.826365,2007,4,5,0,65.7,39.3
1.5,2.96992,2007,4,6,0,62.9,42.1
1.5,3.042608,2007,4,7,0,64.9,41.5
1.6,3.10522,2007,4,8,0.03,64.2,40.2
1.6,3.203269,2007,4,9,0.07,53.8,32.2
1.6,3.095919,2007,4,10,0,61.2,29.4
1.6,2.929863,2007,4,11,0,45.5,24.2
1.6,2.853911,2007,4,12,0.03,41.9,22.4
1.6,2.783097,2007,4,13,0.05,43,25.1
1.6,2.717999,2007,4,14,0,50.5,27.7
1.6,2.739632,2007,4,15,0,58.1,34
1.5,2.862236,2007,4,16,0.07,48.5,35.6
1.5,2.772724,2007,4,17,0,57.5,35.5
1.7,3.19615,2007,4,18,0,63.9,34.2
1.6,2.738229,2007,4,19,0.04,38.3,19.6
1.7,2.6531,2007,4,20,0.03,44.3,17.2
1.7,2.582707,2007,4,21,0.15,40.7,26.9
1.8,2.509771,2007,4,22,0.03,50.5,27.8
1.8,2.460253,2007,4,23,0.53,40.3,31.2
1.8,2.396552,2007,4,24,0.27,45.9,32
1.7,2.348613,2007,4,25,0,57.1,37.7
1.8,2.608718,2007,4,26,0,62.1,37.4
1.8,2.722815,2007,4,27,0,62,38.7
1.9,2.979284,2007,4,28,0,65.7,40
2.2,3.427303,2007,4,29,0,73.8,46.1
2.7,3.480896,2007,4,30,0,76.5,50
2.9,3.563315,2007,5,1,0,75.2,47.2
3.2,5.037086,2007,5,2,0.06,71.1,47.5
3.5,4.328993,2007,5,3,0.06,67.5,36.1
3.7,3.844861,2007,5,4,0.09,50.9,31.7
3.6,3.691446,2007,5,5,0.1,40.5,30.1
3.5,3.838178,2007,5,6,0,46.5,29.1
3.4,4.325641,2007,5,7,0,55.8,34.4
3.3,4.644575,2007,5,8,0,62.4,33.6
3.4,5.170243,2007,5,9,0,71.4,43.9
3.7,5.402433,2007,5,10,0,75.9,47.8
4.2,5.71771,2007,5,11,0,76.6,49.7
4.8,5.934535,2007,5,12,0,77.1,49
5.2,6.059581,2007,5,13,0,76.8,52.4
5.3,5.915503,2007,5,14,0,73.1,42.5
5.4,6.035319,2007,5,15,0,69.3,41.3
5.3,6.285561,2007,5,16,0,72.7,44.5
6.1,6.497061,2007,5,17,0,77,49.7
6.6,6.43698,2007,5,18,0,76.8,52.6
6.7,6.460037,2007,5,19,0,77.8,54.3
6.7,6.411385,2007,5,20,0,76.9,51.6
6.8,6.234018,2007,5,21,0,76.6,50.9
6.9,5.873808,2007,5,22,0,65.6,28.4
6.9,5.702461,2007,5,23,0,53.7,30.7
6.8,5.643747,2007,5,24,0,55.5,38.1
6.7,5.681618,2007,5,25,0,64.6,42.7
6.6,5.661988,2007,5,26,0,73.3,45.7
6.5,5.630144,2007,5,27,0,77.8,52.2
6.4,5.525499,2007,5,28,0,78.5,53.2
6.4,5.768638,2007,5,29,0.02,75.9,44.7
6.3,5.618587,2007,5,30,0,66.5,39.8
6.3,5.578511,2007,5,31,0,73.1,44
6.2,5.438544,2007,6,1,0,78.4,50.1
6.2,5.370051,2007,6,2,0,80.4,52.3
6.2,5.293346,2007,6,3,0,81.4,55.9
6.2,5.198768,2007,6,4,0,82.2,56.8
6.2,5.112907,2007,6,5,0,83.8,59
6.6,7.560751,2007,6,6,0.33,76.8,37
6.5,5.523689,2007,6,7,0.03,49.5,33.6
6.6,5.442829,2007,6,8,0,50.6,33
6.4,5.395834,2007,6,9,0,68,36.9
6.2,5.279804,2007,6,10,0,76.5,44.5
5.7,5.144702,2007,6,11,0,78.7,51.9
5.7,5.029208,2007,6,12,0,76.5,49.7
5.6,5.51927,2007,6,13,0.01,75,50.5
5.5,5.000837,2007,6,14,0,81.1,55.1
5.5,4.851441,2007,6,15,0,86.4,58.6
5.4,4.709317,2007,6,16,0,87.6,60.9
5.4,4.572135,2007,6,17,0,86.5,60
5.5,4.440431,2007,6,18,0,79,47.9
5.5,4.355083,2007,6,19,0,79.6,47.4
5.5,4.242589,2007,6,20,0,86.3,55.9
5.4,4.117371,2007,6,21,0,85.2,57.6
5.1,4.010008,2007,6,22,0,86.3,55.3
5,3.901805,2007,6,23,0,90.3,61.5
4.8,3.79088,2007,6,24,0,88.9,59.6
4.8,3.685771,2007,6,25,0,85.4,56.4
4.8,3.592558,2007,6,26,0,79.5,51.8
4.7,3.508441,2007,6,27,0,85.3,52.6
4.6,3.419374,2007,6,28,0,86.2,57.3
4.6,3.332745,2007,6,29,0,87,57.4
4.5,3.249048,2007,6,30,0,87.2,59.8
4.4,3.169826,2007,7,1,0,87.7,60.6
4.3,3.095914,2007,7,2,0,91.5,61.2
4.1,3.020277,2007,7,3,0,91.1,60.8
4,2.949526,2007,7,4,0,90.5,61.6
3.9,2.882108,2007,7,5,0,90.9,63.6
3.9,2.817284,2007,7,6,0,90.6,64.4
3.8,2.756679,2007,7,7,0,94.9,66
3.8,2.693092,2007,7,8,0,91,64.7
3.8,2.639973,2007,7,9,0,91.1,62
3.8,2.589193,2007,7,10,0,90.8,61.2
3.8,2.541151,2007,7,11,0,91.4,62.9
3.8,2.657884,2007,7,12,0.04,83.6,57.5
3.7,2.473316,2007,7,13,0,87.1,60.1
3.5,2.429211,2007,7,14,0,92.3,64.4
3.5,2.386581,2007,7,15,0,91.4,67
3.6,2.34654,2007,7,16,0,89.5,65.2
3.6,2.465544,2007,7,17,0.09,86.3,59.1
3.5,2.294121,2007,7,18,0,87.4,62.1
3.4,2.258231,2007,7,19,0,89.5,64.9
3.4,2.225902,2007,7,20,0,88.2,61.9
3.4,2.195862,2007,7,21,0,87.6,64.4
3.4,2.16766,2007,7,22,0,89.1,64.3
3.4,2.141676,2007,7,23,0,88.6,66
3.6,2.118731,2007,7,24,0,83.1,63.4
3.9,2.148898,2007,7,25,0.04,78.3,59.3
3.6,2.985828,2007,7,26,0.2,78.6,56.2
3.6,2.134404,2007,7,27,0.02,82.5,55.6
3.5,2.071547,2007,7,28,0,80.9,59.3
3.5,2.057748,2007,7,29,0,87.6,63.3
3.5,2.041795,2007,7,30,0,89.7,66
3.5,2.028405,2007,7,31,0,90.6,65.6
3.6,2.273193,2007,8,1,0.07,86.3,58.7
3.8,4.518553,2007,8,2,0.34,80.8,58.4
3.8,9.099962,2007,8,3,0.52,72.1,58.4
3.8,2.279935,2007,8,4,0,80.2,57.2
3.8,2.230534,2007,8,5,0,87,61.1
3.8,2.183419,2007,8,6,0,83.7,60.8
3.8,2.147012,2007,8,7,0,80.1,60.5
3.8,2.117098,2007,8,8,0,80.3,56.4
3.8,2.091,2007,8,9,0,82.9,55.3
3.8,2.067425,2007,8,10,0,82.3,58.4
3.7,2.047784,2007,8,11,0,82.5,59.8
3.7,2.031972,2007,8,12,0,85,61.6
3.5,2.018859,2007,8,13,0,86.3,62.1
3.5,2.007949,2007,8,14,0,89.4,63.2
3.4,1.998828,2007,8,15,0,88.4,66.8
3.4,1.991164,2007,8,16,0,87.2,63.5
3.4,2.707256,2007,8,17,0.09,86.7,58.2
3.4,1.979669,2007,8,18,0,85.9,60.2
3.3,1.974918,2007,8,19,0,84.3,63.2
3.3,1.970825,2007,8,20,0,83.9,58.3
3.3,1.967262,2007,8,21,0,85.3,54.4
3.2,1.964131,2007,8,22,0,87.8,57.8
3.2,1.961353,2007,8,23,0,87.6,55.2
3.2,1.958864,2007,8,24,0,80.5,53.7
3.1,1.956613,2007,8,25,0,84,54.3
3,1.95456,2007,8,26,0,88.3,62.2
3.1,1.95267,2007,8,27,0,86.5,56
3,1.950916,2007,8,28,0,80.8,54.8
3,1.949287,2007,8,29,0,80.6,58.4
2.9,1.947751,2007,8,30,0,83,61.5
2.8,2.138815,2007,8,31,0.03,83.7,59.7
2.8,1.945033,2007,9,1,0,84.3,61.2
2.7,1.943666,2007,9,2,0,86,62.5
2.7,2.163069,2007,9,3,0,84.7,61.2
2.7,1.941207,2007,9,4,0,85.8,58.8
2.7,2.071256,2007,9,5,0,82.5,55.8
2.7,1.938745,2007,9,6,0,77.5,48
2.6,1.937483,2007,9,7,0,72.8,47.5
2.6,1.936234,2007,9,8,0,81.3,51.6
2.6,1.934997,2007,9,9,0,81.1,54.3
2.5,1.933771,2007,9,10,0,77.9,49.1
2.5,1.932553,2007,9,11,0,69.4,47.6
2.5,1.931343,2007,9,12,0,76.6,49.6
2.4,1.93014,2007,9,13,0,80.6,54
2.4,1.928945,2007,9,14,0,79.9,57
2.3,1.927757,2007,9,15,0,77.2,57.6
2.3,1.926574,2007,9,16,0,76.5,52.2
2.4,1.925396,2007,9,17,0,73.7,48
2.4,1.924223,2007,9,18,0,67.4,41.7
2.3,1.923055,2007,9,19,0,69.9,40.8
2.3,1.921892,2007,9,20,0,68.6,46
2.3,1.920733,2007,9,21,0,73.1,48.3
3.4,6.848795,2007,9,22,0.02,72.4,50.2
2.8,3.966722,2007,9,23,1.01,60.2,42.1
2.8,2.40364,2007,9,24,0.06,53.6,33.8
2.9,2.137003,2007,9,25,0,50.4,31.4
2.8,2.101002,2007,9,26,0,55.7,32
2.7,2.07366,2007,9,27,0,61.7,38.3
2.7,2.983827,2007,9,28,0,67.8,44.6
2.7,2.193347,2007,9,29,0.03,66.1,41.9
